date,amount_mxn,selected_source,selection_basis,merge_status,notebook_amount_mxn,notebook_review_status,notebook_recognition_confidence,notebook_source_page,managementpro_amount_mxn,managementpro_journal_sales_mxn,managementpro_amount_basis,managementpro_validation_status,managementpro_source_method,managementpro_source_snapshot,notes
2019-06-17,135.00,managementpro,managementpro_nonoverlap_gap_fill,ready_managementpro_gap_fill,,,,,135.00,135.00,completed_journal_sales_cut_reconciled,adjudicated_journal_only_cut_match,journal_completed_sales,mpro-pos-20260820T172538Z-1-001.zip::mpro-pos/JOURNAL/00010120190617.jrn,No notebook record exists for this date; ManagementPro is used as a gap fill. ManagementPro note: ManagementPro-recorded sales only; not confirmed complete store revenue. No corresponding valid Venta rows in the canonical MDB; retained from the journal audit.
2019-07-18,105.70,managementpro,managementpro_nonoverlap_gap_fill,ready_managementpro_gap_fill,,,,,105.70,102.00,gross_valid_pos_sales_excluding_cancellations,review_mdb_journal_difference,mdb_valid_pos_sales,megamanagepro-20260820T172552Z-1-001.zip::megamanagepro/DbPos.mdb,No notebook record exists for this date; ManagementPro is used as a gap fill. ManagementPro note: ManagementPro-recorded sales only; not confirmed complete store revenue. Authoritative MDB differs from journal audit by 3.70 MXN.
2019-07-19,5.00,managementpro,managementpro_nonoverlap_gap_fill,ready_managementpro_gap_fill,,,,,5.00,5.00,completed_journal_sales_cut_reconciled,adjudicated_journal_only_cut_match,journal_completed_sales,mpro-pos-20260820T172538Z-1-001.zip::mpro-pos/JOURNAL/00010120190719.jrn,No notebook record exists for this date; ManagementPro is used as a gap fill. ManagementPro note: ManagementPro-recorded sales only; not confirmed complete store revenue. No corresponding valid Venta rows in the canonical MDB; retained from the journal audit.
2019-07-20,24.00,managementpro,managementpro_nonoverlap_gap_fill,ready_managementpro_gap_fill,,,,,24.00,,gross_valid_pos_sales_excluding_cancellations,verified_mdb_only,mdb_valid_pos_sales,megamanagepro-20260820T172552Z-1-001.zip::megamanagepro/DbPos.mdb,No notebook record exists for this date; ManagementPro is used as a gap fill. ManagementPro note: ManagementPro-recorded sales only; not confirmed complete store revenue.
2019-07-21,24.00,managementpro,managementpro_nonoverlap_gap_fill,ready_managementpro_gap_fill,,,,,24.00,24.00,completed_journal_sales_cut_reconciled,adjudicated_journal_only_cut_match,journal_completed_sales,mpro-pos-20260820T172538Z-1-001.zip::mpro-pos/JOURNAL/00010120190721.jrn,No notebook record exists for this date; ManagementPro is used as a gap fill. ManagementPro note: ManagementPro-recorded sales only; not confirmed complete store revenue. No corresponding valid Venta rows in the canonical MDB; retained from the journal audit.
2019-07-22,163.50,managementpro,managementpro_nonoverlap_gap_fill,ready_managementpro_gap_fill,,,,,163.50,163.50,gross_valid_pos_sales_excluding_cancellations,verified_mdb_journal_match,mdb_valid_pos_sales,megamanagepro-20260820T172552Z-1-001.zip::megamanagepro/DbPos.mdb,No notebook record exists for this date; ManagementPro is used as a gap fill. ManagementPro note: ManagementPro-recorded sales only; not confirmed complete store revenue.
2019-07-23,53.50,managementpro,managementpro_nonoverlap_gap_fill,ready_managementpro_gap_fill,,,,,53.50,53.50,gross_valid_pos_sales_excluding_cancellations,verified_mdb_journal_match,mdb_valid_pos_sales,megamanagepro-20260820T172552Z-1-001.zip::megamanagepro/DbPos.mdb,No notebook record exists for this date; ManagementPro is used as a gap fill. ManagementPro note: ManagementPro-recorded sales only; not confirmed complete store revenue.
2019-07-24,33.50,managementpro,managementpro_nonoverlap_gap_fill,ready_managementpro_gap_fill,,,,,33.50,33.50,gross_valid_pos_sales_excluding_cancellations,verified_mdb_journal_match,mdb_valid_pos_sales,megamanagepro-20260820T172552Z-1-001.zip::megamanagepro/DbPos.mdb,No notebook record exists for this date; ManagementPro is used as a gap fill. ManagementPro note: ManagementPro-recorded sales only; not confirmed complete store revenue.
2019-07-26,186.00,managementpro,managementpro_nonoverlap_gap_fill,ready_managementpro_gap_fill,,,,,186.00,98.50,gross_valid_pos_sales_excluding_cancellations,review_mdb_journal_difference,mdb_valid_pos_sales,megamanagepro-20260820T172552Z-1-001.zip::megamanagepro/DbPos.mdb,No notebook record exists for this date; ManagementPro is used as a gap fill. ManagementPro note: ManagementPro-recorded sales only; not confirmed complete store revenue. Authoritative MDB differs from journal audit by 87.50 MXN.
2019-07-27,87.50,managementpro,managementpro_nonoverlap_gap_fill,ready_managementpro_gap_fill,,,,,87.50,87.50,completed_journal_sales_cut_reconciled,adjudicated_journal_only_cut_match,journal_completed_sales,mpro-pos-20260820T172538Z-1-001.zip::mpro-pos/JOURNAL/00010120190727.jrn,No notebook record exists for this date; ManagementPro is used as a gap fill. ManagementPro note: ManagementPro-recorded sales only; not confirmed complete store revenue. No corresponding valid Venta rows in the canonical MDB; retained from the journal audit.
2019-07-28,79.00,managementpro,managementpro_nonoverlap_gap_fill,ready_managementpro_gap_fill,,,,,79.00,79.00,gross_valid_pos_sales_excluding_cancellations,verified_mdb_journal_match,mdb_valid_pos_sales,megamanagepro-20260820T172552Z-1-001.zip::megamanagepro/DbPos.mdb,No notebook record exists for this date; ManagementPro is used as a gap fill. ManagementPro note: ManagementPro-recorded sales only; not confirmed complete store revenue.
2019-07-29,84.00,managementpro,managementpro_nonoverlap_gap_fill,ready_managementpro_gap_fill,,,,,84.00,84.00,gross_valid_pos_sales_excluding_cancellations,verified_mdb_journal_match,mdb_valid_pos_sales,megamanagepro-20260820T172552Z-1-001.zip::megamanagepro/DbPos.mdb,No notebook record exists for this date; ManagementPro is used as a gap fill. ManagementPro note: ManagementPro-recorded sales only; not confirmed complete store revenue.
2019-07-30,37.50,managementpro,managementpro_nonoverlap_gap_fill,ready_managementpro_gap_fill,,,,,37.50,37.50,gross_valid_pos_sales_excluding_cancellations,verified_mdb_journal_match,mdb_valid_pos_sales,megamanagepro-20260820T172552Z-1-001.zip::megamanagepro/DbPos.mdb,No notebook record exists for this date; ManagementPro is used as a gap fill. ManagementPro note: ManagementPro-recorded sales only; not confirmed complete store revenue.
2019-07-31,90.50,managementpro,managementpro_nonoverlap_gap_fill,ready_managementpro_gap_fill,,,,,90.50,90.50,gross_valid_pos_sales_excluding_cancellations,verified_mdb_journal_match,mdb_valid_pos_sales,megamanagepro-20260820T172552Z-1-001.zip::megamanagepro/DbPos.mdb,No notebook record exists for this date; ManagementPro is used as a gap fill. ManagementPro note: ManagementPro-recorded sales only; not confirmed complete store revenue.
2019-08-02,19.50,managementpro,managementpro_nonoverlap_gap_fill,ready_managementpro_gap_fill,,,,,19.50,19.50,gross_valid_pos_sales_excluding_cancellations,verified_mdb_journal_match,mdb_valid_pos_sales,megamanagepro-20260820T172552Z-1-001.zip::megamanagepro/DbPos.mdb,No notebook record exists for this date; ManagementPro is used as a gap fill. ManagementPro note: ManagementPro-recorded sales only; not confirmed complete store revenue.
2019-08-03,121.50,managementpro,managementpro_nonoverlap_gap_fill,ready_managementpro_gap_fill,,,,,121.50,121.50,gross_valid_pos_sales_excluding_cancellations,verified_mdb_journal_match,mdb_valid_pos_sales,megamanagepro-20260820T172552Z-1-001.zip::megamanagepro/DbPos.mdb,No notebook record exists for this date; ManagementPro is used as a gap fill. ManagementPro note: ManagementPro-recorded sales only; not confirmed complete store revenue.
2019-08-04,22.00,managementpro,managementpro_nonoverlap_gap_fill,ready_managementpro_gap_fill,,,,,22.00,22.00,gross_valid_pos_sales_excluding_cancellations,verified_mdb_journal_match,mdb_valid_pos_sales,megamanagepro-20260820T172552Z-1-001.zip::megamanagepro/DbPos.mdb,No notebook record exists for this date; ManagementPro is used as a gap fill. ManagementPro note: ManagementPro-recorded sales only; not confirmed complete store revenue.
2019-08-05,143.00,managementpro,managementpro_nonoverlap_gap_fill,ready_managementpro_gap_fill,,,,,143.00,143.00,gross_valid_pos_sales_excluding_cancellations,verified_mdb_journal_match,mdb_valid_pos_sales,megamanagepro-20260820T172552Z-1-001.zip::megamanagepro/DbPos.mdb,No notebook record exists for this date; ManagementPro is used as a gap fill. ManagementPro note: ManagementPro-recorded sales only; not confirmed complete store revenue.
2019-08-06,30.00,managementpro,managementpro_nonoverlap_gap_fill,ready_managementpro_gap_fill,,,,,30.00,30.00,gross_valid_pos_sales_excluding_cancellations,verified_mdb_journal_match,mdb_valid_pos_sales,megamanagepro-20260820T172552Z-1-001.zip::megamanagepro/DbPos.mdb,No notebook record exists for this date; ManagementPro is used as a gap fill. ManagementPro note: ManagementPro-recorded sales only; not confirmed complete store revenue.
2019-08-07,73.50,managementpro,managementpro_nonoverlap_gap_fill,ready_managementpro_gap_fill,,,,,73.50,73.50,gross_valid_pos_sales_excluding_cancellations,verified_mdb_journal_match,mdb_valid_pos_sales,megamanagepro-20260820T172552Z-1-001.zip::megamanagepro/DbPos.mdb,No notebook record exists for this date; ManagementPro is used as a gap fill. ManagementPro note: ManagementPro-recorded sales only; not confirmed complete store revenue.
2019-08-09,307.95,managementpro,managementpro_nonoverlap_gap_fill,ready_managementpro_gap_fill,,,,,307.95,330.50,gross_valid_pos_sales_excluding_cancellations,review_mdb_journal_difference,mdb_valid_pos_sales,megamanagepro-20260820T172552Z-1-001.zip::megamanagepro/DbPos.mdb,No notebook record exists for this date; ManagementPro is used as a gap fill. ManagementPro note: ManagementPro-recorded sales only; not confirmed complete store revenue. Authoritative MDB differs from journal audit by -22.55 MXN.
2019-08-10,11.50,managementpro,managementpro_nonoverlap_gap_fill,ready_managementpro_gap_fill,,,,,11.50,11.50,gross_valid_pos_sales_excluding_cancellations,verified_mdb_journal_match,mdb_valid_pos_sales,megamanagepro-20260820T172552Z-1-001.zip::megamanagepro/DbPos.mdb,No notebook record exists for this date; ManagementPro is used as a gap fill. ManagementPro note: ManagementPro-recorded sales only; not confirmed complete store revenue.
2019-08-11,65.50,managementpro,managementpro_nonoverlap_gap_fill,ready_managementpro_gap_fill,,,,,65.50,65.50,gross_valid_pos_sales_excluding_cancellations,verified_mdb_journal_match,mdb_valid_pos_sales,megamanagepro-20260820T172552Z-1-001.zip::megamanagepro/DbPos.mdb,No notebook record exists for this date; ManagementPro is used as a gap fill. ManagementPro note: ManagementPro-recorded sales only; not confirmed complete store revenue.
2019-08-12,130.50,managementpro,managementpro_nonoverlap_gap_fill,ready_managementpro_gap_fill,,,,,130.50,130.50,gross_valid_pos_sales_excluding_cancellations,verified_mdb_journal_match,mdb_valid_pos_sales,megamanagepro-20260820T172552Z-1-001.zip::megamanagepro/DbPos.mdb,No notebook record exists for this date; ManagementPro is used as a gap fill. ManagementPro note: ManagementPro-recorded sales only; not confirmed complete store revenue.
2019-08-13,187.50,managementpro,managementpro_nonoverlap_gap_fill,ready_managementpro_gap_fill,,,,,187.50,195.50,gross_valid_pos_sales_excluding_cancellations,review_mdb_journal_difference,mdb_valid_pos_sales,megamanagepro-20260820T172552Z-1-001.zip::megamanagepro/DbPos.mdb,No notebook record exists for this date; ManagementPro is used as a gap fill. ManagementPro note: ManagementPro-recorded sales only; not confirmed complete store revenue. Authoritative MDB differs from journal audit by -8.00 MXN.
2019-08-15,65.00,managementpro,managementpro_nonoverlap_gap_fill,ready_managementpro_gap_fill,,,,,65.00,65.00,gross_valid_pos_sales_excluding_cancellations,verified_mdb_journal_match,mdb_valid_pos_sales,megamanagepro-20260820T172552Z-1-001.zip::megamanagepro/DbPos.mdb,No notebook record exists for this date; ManagementPro is used as a gap fill. ManagementPro note: ManagementPro-recorded sales only; not confirmed complete store revenue.
2019-08-16,62.00,managementpro,managementpro_nonoverlap_gap_fill,ready_managementpro_gap_fill,,,,,62.00,62.00,gross_valid_pos_sales_excluding_cancellations,verified_mdb_journal_match,mdb_valid_pos_sales,megamanagepro-20260820T172552Z-1-001.zip::megamanagepro/DbPos.mdb,No notebook record exists for this date; ManagementPro is used as a gap fill. ManagementPro note: ManagementPro-recorded sales only; not confirmed complete store revenue.
2019-08-17,115.50,managementpro,managementpro_nonoverlap_gap_fill,ready_managementpro_gap_fill,,,,,115.50,115.50,gross_valid_pos_sales_excluding_cancellations,verified_mdb_journal_match,mdb_valid_pos_sales,megamanagepro-20260820T172552Z-1-001.zip::megamanagepro/DbPos.mdb,No notebook record exists for this date; ManagementPro is used as a gap fill. ManagementPro note: ManagementPro-recorded sales only; not confirmed complete store revenue.
2019-08-18,167.00,managementpro,managementpro_nonoverlap_gap_fill,ready_managementpro_gap_fill,,,,,167.00,167.00,gross_valid_pos_sales_excluding_cancellations,verified_mdb_journal_match,mdb_valid_pos_sales,megamanagepro-20260820T172552Z-1-001.zip::megamanagepro/DbPos.mdb,No notebook record exists for this date; ManagementPro is used as a gap fill. ManagementPro note: ManagementPro-recorded sales only; not confirmed complete store revenue.
2019-08-19,89.00,managementpro,managementpro_nonoverlap_gap_fill,ready_managementpro_gap_fill,,,,,89.00,89.00,gross_valid_pos_sales_excluding_cancellations,verified_mdb_journal_match,mdb_valid_pos_sales,megamanagepro-20260820T172552Z-1-001.zip::megamanagepro/DbPos.mdb,No notebook record exists for this date; ManagementPro is used as a gap fill. ManagementPro note: ManagementPro-recorded sales only; not confirmed complete store revenue.
2019-08-20,115.50,managementpro,managementpro_nonoverlap_gap_fill,ready_managementpro_gap_fill,,,,,115.50,115.50,gross_valid_pos_sales_excluding_cancellations,verified_mdb_journal_match,mdb_valid_pos_sales,megamanagepro-20260820T172552Z-1-001.zip::megamanagepro/DbPos.mdb,No notebook record exists for this date; ManagementPro is used as a gap fill. ManagementPro note: ManagementPro-recorded sales only; not confirmed complete store revenue.
2019-08-21,541.00,managementpro,managementpro_nonoverlap_gap_fill,ready_managementpro_gap_fill,,,,,541.00,541.00,gross_valid_pos_sales_excluding_cancellations,verified_mdb_journal_match,mdb_valid_pos_sales,megamanagepro-20260820T172552Z-1-001.zip::megamanagepro/DbPos.mdb,No notebook record exists for this date; ManagementPro is used as a gap fill. ManagementPro note: ManagementPro-recorded sales only; not confirmed complete store revenue.
2019-08-22,71.00,managementpro,managementpro_nonoverlap_gap_fill,ready_managementpro_gap_fill,,,,,71.00,71.00,gross_valid_pos_sales_excluding_cancellations,verified_mdb_journal_match,mdb_valid_pos_sales,megamanagepro-20260820T172552Z-1-001.zip::megamanagepro/DbPos.mdb,No notebook record exists for this date; ManagementPro is used as a gap fill. ManagementPro note: ManagementPro-recorded sales only; not confirmed complete store revenue.
2019-08-23,138.00,managementpro,managementpro_nonoverlap_gap_fill,ready_managementpro_gap_fill,,,,,138.00,138.00,gross_valid_pos_sales_excluding_cancellations,verified_mdb_journal_match,mdb_valid_pos_sales,megamanagepro-20260820T172552Z-1-001.zip::megamanagepro/DbPos.mdb,No notebook record exists for this date; ManagementPro is used as a gap fill. ManagementPro note: ManagementPro-recorded sales only; not confirmed complete store revenue.
2019-08-24,525.61,managementpro,managementpro_nonoverlap_gap_fill,ready_managementpro_gap_fill,,,,,525.61,558.00,gross_valid_pos_sales_excluding_cancellations,review_mdb_journal_difference,mdb_valid_pos_sales,megamanagepro-20260820T172552Z-1-001.zip::megamanagepro/DbPos.mdb,No notebook record exists for this date; ManagementPro is used as a gap fill. ManagementPro note: ManagementPro-recorded sales only; not confirmed complete store revenue. Authoritative MDB differs from journal audit by -32.39 MXN.
2019-08-25,243.50,managementpro,managementpro_nonoverlap_gap_fill,ready_managementpro_gap_fill,,,,,243.50,243.50,gross_valid_pos_sales_excluding_cancellations,verified_mdb_journal_match,mdb_valid_pos_sales,megamanagepro-20260820T172552Z-1-001.zip::megamanagepro/DbPos.mdb,No notebook record exists for this date; ManagementPro is used as a gap fill. ManagementPro note: ManagementPro-recorded sales only; not confirmed complete store revenue.
2019-08-26,639.00,managementpro,managementpro_nonoverlap_gap_fill,ready_managementpro_gap_fill,,,,,639.00,639.00,gross_valid_pos_sales_excluding_cancellations,verified_mdb_journal_match,mdb_valid_pos_sales,megamanagepro-20260820T172552Z-1-001.zip::megamanagepro/DbPos.mdb,No notebook record exists for this date; ManagementPro is used as a gap fill. ManagementPro note: ManagementPro-recorded sales only; not confirmed complete store revenue.
2019-08-27,700.90,managementpro,managementpro_nonoverlap_gap_fill,ready_managementpro_gap_fill,,,,,700.90,710.50,gross_valid_pos_sales_excluding_cancellations,review_mdb_journal_difference,mdb_valid_pos_sales,megamanagepro-20260820T172552Z-1-001.zip::megamanagepro/DbPos.mdb,No notebook record exists for this date; ManagementPro is used as a gap fill. ManagementPro note: ManagementPro-recorded sales only; not confirmed complete store revenue. Authoritative MDB differs from journal audit by -9.60 MXN.
2019-08-28,402.00,managementpro,managementpro_nonoverlap_gap_fill,ready_managementpro_gap_fill,,,,,402.00,402.00,gross_valid_pos_sales_excluding_cancellations,verified_mdb_journal_match,mdb_valid_pos_sales,megamanagepro-20260820T172552Z-1-001.zip::megamanagepro/DbPos.mdb,No notebook record exists for this date; ManagementPro is used as a gap fill. ManagementPro note: ManagementPro-recorded sales only; not confirmed complete store revenue.
2019-08-29,301.00,managementpro,managementpro_nonoverlap_gap_fill,ready_managementpro_gap_fill,,,,,301.00,301.00,gross_valid_pos_sales_excluding_cancellations,verified_mdb_journal_match,mdb_valid_pos_sales,megamanagepro-20260820T172552Z-1-001.zip::megamanagepro/DbPos.mdb,No notebook record exists for this date; ManagementPro is used as a gap fill. ManagementPro note: ManagementPro-recorded sales only; not confirmed complete store revenue.
2019-08-30,109.50,managementpro,managementpro_nonoverlap_gap_fill,ready_managementpro_gap_fill,,,,,109.50,109.50,gross_valid_pos_sales_excluding_cancellations,verified_mdb_journal_match,mdb_valid_pos_sales,megamanagepro-20260820T172552Z-1-001.zip::megamanagepro/DbPos.mdb,No notebook record exists for this date; ManagementPro is used as a gap fill. ManagementPro note: ManagementPro-recorded sales only; not confirmed complete store revenue.
2019-08-31,212.00,managementpro,managementpro_nonoverlap_gap_fill,ready_managementpro_gap_fill,,,,,212.00,213.50,gross_valid_pos_sales_excluding_cancellations,review_mdb_journal_difference,mdb_valid_pos_sales,megamanagepro-20260820T172552Z-1-001.zip::megamanagepro/DbPos.mdb,No notebook record exists for this date; ManagementPro is used as a gap fill. ManagementPro note: ManagementPro-recorded sales only; not confirmed complete store revenue. Authoritative MDB differs from journal audit by -1.50 MXN.
2019-09-01,400.50,managementpro,managementpro_nonoverlap_gap_fill,ready_managementpro_gap_fill,,,,,400.50,400.50,gross_valid_pos_sales_excluding_cancellations,verified_mdb_journal_match,mdb_valid_pos_sales,megamanagepro-20260820T172552Z-1-001.zip::megamanagepro/DbPos.mdb,No notebook record exists for this date; ManagementPro is used as a gap fill. ManagementPro note: ManagementPro-recorded sales only; not confirmed complete store revenue.
2019-09-02,199.00,managementpro,managementpro_nonoverlap_gap_fill,ready_managementpro_gap_fill,,,,,199.00,199.00,gross_valid_pos_sales_excluding_cancellations,verified_mdb_journal_match,mdb_valid_pos_sales,megamanagepro-20260820T172552Z-1-001.zip::megamanagepro/DbPos.mdb,No notebook record exists for this date; ManagementPro is used as a gap fill. ManagementPro note: ManagementPro-recorded sales only; not confirmed complete store revenue.
2019-09-03,82.00,managementpro,managementpro_nonoverlap_gap_fill,ready_managementpro_gap_fill,,,,,82.00,82.00,gross_valid_pos_sales_excluding_cancellations,verified_mdb_journal_match,mdb_valid_pos_sales,megamanagepro-20260820T172552Z-1-001.zip::megamanagepro/DbPos.mdb,No notebook record exists for this date; ManagementPro is used as a gap fill. ManagementPro note: ManagementPro-recorded sales only; not confirmed complete store revenue.
2019-09-04,165.00,managementpro,managementpro_nonoverlap_gap_fill,ready_managementpro_gap_fill,,,,,165.00,165.00,gross_valid_pos_sales_excluding_cancellations,verified_mdb_journal_match,mdb_valid_pos_sales,megamanagepro-20260820T172552Z-1-001.zip::megamanagepro/DbPos.mdb,No notebook record exists for this date; ManagementPro is used as a gap fill. ManagementPro note: ManagementPro-recorded sales only; not confirmed complete store revenue.
2019-09-05,78.00,managementpro,managementpro_nonoverlap_gap_fill,ready_managementpro_gap_fill,,,,,78.00,78.00,gross_valid_pos_sales_excluding_cancellations,verified_mdb_journal_match,mdb_valid_pos_sales,megamanagepro-20260820T172552Z-1-001.zip::megamanagepro/DbPos.mdb,No notebook record exists for this date; ManagementPro is used as a gap fill. ManagementPro note: ManagementPro-recorded sales only; not confirmed complete store revenue.
2019-09-06,95.00,managementpro,managementpro_nonoverlap_gap_fill,ready_managementpro_gap_fill,,,,,95.00,95.00,gross_valid_pos_sales_excluding_cancellations,verified_mdb_journal_match,mdb_valid_pos_sales,megamanagepro-20260820T172552Z-1-001.zip::megamanagepro/DbPos.mdb,No notebook record exists for this date; ManagementPro is used as a gap fill. ManagementPro note: ManagementPro-recorded sales only; not confirmed complete store revenue.
2019-09-07,64.00,managementpro,managementpro_nonoverlap_gap_fill,ready_managementpro_gap_fill,,,,,64.00,64.00,gross_valid_pos_sales_excluding_cancellations,verified_mdb_journal_match,mdb_valid_pos_sales,megamanagepro-20260820T172552Z-1-001.zip::megamanagepro/DbPos.mdb,No notebook record exists for this date; ManagementPro is used as a gap fill. ManagementPro note: ManagementPro-recorded sales only; not confirmed complete store revenue.
2019-09-08,86.00,managementpro,managementpro_nonoverlap_gap_fill,ready_managementpro_gap_fill,,,,,86.00,86.00,gross_valid_pos_sales_excluding_cancellations,verified_mdb_journal_match,mdb_valid_pos_sales,megamanagepro-20260820T172552Z-1-001.zip::megamanagepro/DbPos.mdb,No notebook record exists for this date; ManagementPro is used as a gap fill. ManagementPro note: ManagementPro-recorded sales only; not confirmed complete store revenue.
2019-09-09,134.00,managementpro,managementpro_nonoverlap_gap_fill,ready_managementpro_gap_fill,,,,,134.00,134.00,gross_valid_pos_sales_excluding_cancellations,verified_mdb_journal_match,mdb_valid_pos_sales,megamanagepro-20260820T172552Z-1-001.zip::megamanagepro/DbPos.mdb,No notebook record exists for this date; ManagementPro is used as a gap fill. ManagementPro note: ManagementPro-recorded sales only; not confirmed complete store revenue.
2019-09-10,161.50,managementpro,managementpro_nonoverlap_gap_fill,ready_managementpro_gap_fill,,,,,161.50,161.50,gross_valid_pos_sales_excluding_cancellations,verified_mdb_journal_match,mdb_valid_pos_sales,megamanagepro-20260820T172552Z-1-001.zip::megamanagepro/DbPos.mdb,No notebook record exists for this date; ManagementPro is used as a gap fill. ManagementPro note: ManagementPro-recorded sales only; not confirmed complete store revenue.
2019-09-11,131.50,managementpro,managementpro_nonoverlap_gap_fill,ready_managementpro_gap_fill,,,,,131.50,131.50,gross_valid_pos_sales_excluding_cancellations,verified_mdb_journal_match,mdb_valid_pos_sales,megamanagepro-20260820T172552Z-1-001.zip::megamanagepro/DbPos.mdb,No notebook record exists for this date; ManagementPro is used as a gap fill. ManagementPro note: ManagementPro-recorded sales only; not confirmed complete store revenue.
2019-09-12,102.50,managementpro,managementpro_nonoverlap_gap_fill,ready_managementpro_gap_fill,,,,,102.50,102.50,gross_valid_pos_sales_excluding_cancellations,verified_mdb_journal_match,mdb_valid_pos_sales,megamanagepro-20260820T172552Z-1-001.zip::megamanagepro/DbPos.mdb,No notebook record exists for this date; ManagementPro is used as a gap fill. ManagementPro note: ManagementPro-recorded sales only; not confirmed complete store revenue.
2019-09-13,242.50,managementpro,managementpro_nonoverlap_gap_fill,ready_managementpro_gap_fill,,,,,242.50,242.50,gross_valid_pos_sales_excluding_cancellations,verified_mdb_journal_match,mdb_valid_pos_sales,megamanagepro-20260820T172552Z-1-001.zip::megamanagepro/DbPos.mdb,No notebook record exists for this date; ManagementPro is used as a gap fill. ManagementPro note: ManagementPro-recorded sales only; not confirmed complete store revenue.
2019-09-14,53.00,managementpro,managementpro_nonoverlap_gap_fill,ready_managementpro_gap_fill,,,,,53.00,53.00,gross_valid_pos_sales_excluding_cancellations,verified_mdb_journal_match,mdb_valid_pos_sales,megamanagepro-20260820T172552Z-1-001.zip::megamanagepro/DbPos.mdb,No notebook record exists for this date; ManagementPro is used as a gap fill. ManagementPro note: ManagementPro-recorded sales only; not confirmed complete store revenue.
2019-09-15,5.00,managementpro,managementpro_nonoverlap_gap_fill,ready_managementpro_gap_fill,,,,,5.00,5.00,gross_valid_pos_sales_excluding_cancellations,verified_mdb_journal_match,mdb_valid_pos_sales,megamanagepro-20260820T172552Z-1-001.zip::megamanagepro/DbPos.mdb,No notebook record exists for this date; ManagementPro is used as a gap fill. ManagementPro note: ManagementPro-recorded sales only; not confirmed complete store revenue.
2019-09-16,36.50,managementpro,managementpro_nonoverlap_gap_fill,ready_managementpro_gap_fill,,,,,36.50,36.50,gross_valid_pos_sales_excluding_cancellations,verified_mdb_journal_match,mdb_valid_pos_sales,megamanagepro-20260820T172552Z-1-001.zip::megamanagepro/DbPos.mdb,No notebook record exists for this date; ManagementPro is used as a gap fill. ManagementPro note: ManagementPro-recorded sales only; not confirmed complete store revenue.
2019-09-17,239.00,managementpro,managementpro_nonoverlap_gap_fill,ready_managementpro_gap_fill,,,,,239.00,239.00,gross_valid_pos_sales_excluding_cancellations,verified_mdb_journal_match,mdb_valid_pos_sales,megamanagepro-20260820T172552Z-1-001.zip::megamanagepro/DbPos.mdb,No notebook record exists for this date; ManagementPro is used as a gap fill. ManagementPro note: ManagementPro-recorded sales only; not confirmed complete store revenue.
2019-09-18,360.00,managementpro,managementpro_nonoverlap_gap_fill,ready_managementpro_gap_fill,,,,,360.00,360.00,gross_valid_pos_sales_excluding_cancellations,verified_mdb_journal_match,mdb_valid_pos_sales,megamanagepro-20260820T172552Z-1-001.zip::megamanagepro/DbPos.mdb,No notebook record exists for this date; ManagementPro is used as a gap fill. ManagementPro note: ManagementPro-recorded sales only; not confirmed complete store revenue.
2019-09-19,106.00,managementpro,managementpro_nonoverlap_gap_fill,ready_managementpro_gap_fill,,,,,106.00,106.00,gross_valid_pos_sales_excluding_cancellations,verified_mdb_journal_match,mdb_valid_pos_sales,megamanagepro-20260820T172552Z-1-001.zip::megamanagepro/DbPos.mdb,No notebook record exists for this date; ManagementPro is used as a gap fill. ManagementPro note: ManagementPro-recorded sales only; not confirmed complete store revenue.
2019-09-20,136.00,managementpro,managementpro_nonoverlap_gap_fill,ready_managementpro_gap_fill,,,,,136.00,136.00,gross_valid_pos_sales_excluding_cancellations,verified_mdb_journal_match,mdb_valid_pos_sales,megamanagepro-20260820T172552Z-1-001.zip::megamanagepro/DbPos.mdb,No notebook record exists for this date; ManagementPro is used as a gap fill. ManagementPro note: ManagementPro-recorded sales only; not confirmed complete store revenue.
2019-09-21,146.00,managementpro,managementpro_nonoverlap_gap_fill,ready_managementpro_gap_fill,,,,,146.00,146.00,gross_valid_pos_sales_excluding_cancellations,verified_mdb_journal_match,mdb_valid_pos_sales,megamanagepro-20260820T172552Z-1-001.zip::megamanagepro/DbPos.mdb,No notebook record exists for this date; ManagementPro is used as a gap fill. ManagementPro note: ManagementPro-recorded sales only; not confirmed complete store revenue.
2019-09-22,163.00,managementpro,managementpro_nonoverlap_gap_fill,ready_managementpro_gap_fill,,,,,163.00,163.00,gross_valid_pos_sales_excluding_cancellations,verified_mdb_journal_match,mdb_valid_pos_sales,megamanagepro-20260820T172552Z-1-001.zip::megamanagepro/DbPos.mdb,No notebook record exists for this date; ManagementPro is used as a gap fill. ManagementPro note: ManagementPro-recorded sales only; not confirmed complete store revenue.
2019-09-23,166.50,managementpro,managementpro_nonoverlap_gap_fill,ready_managementpro_gap_fill,,,,,166.50,166.50,gross_valid_pos_sales_excluding_cancellations,verified_mdb_journal_match,mdb_valid_pos_sales,megamanagepro-20260820T172552Z-1-001.zip::megamanagepro/DbPos.mdb,No notebook record exists for this date; ManagementPro is used as a gap fill. ManagementPro note: ManagementPro-recorded sales only; not confirmed complete store revenue.
2019-09-24,388.00,managementpro,managementpro_nonoverlap_gap_fill,ready_managementpro_gap_fill,,,,,388.00,388.00,gross_valid_pos_sales_excluding_cancellations,verified_mdb_journal_match,mdb_valid_pos_sales,megamanagepro-20260820T172552Z-1-001.zip::megamanagepro/DbPos.mdb,No notebook record exists for this date; ManagementPro is used as a gap fill. ManagementPro note: ManagementPro-recorded sales only; not confirmed complete store revenue.
2019-09-25,233.00,managementpro,managementpro_nonoverlap_gap_fill,ready_managementpro_gap_fill,,,,,233.00,233.00,gross_valid_pos_sales_excluding_cancellations,verified_mdb_journal_match,mdb_valid_pos_sales,megamanagepro-20260820T172552Z-1-001.zip::megamanagepro/DbPos.mdb,No notebook record exists for this date; ManagementPro is used as a gap fill. ManagementPro note: ManagementPro-recorded sales only; not confirmed complete store revenue.
2019-09-26,133.00,managementpro,managementpro_nonoverlap_gap_fill,ready_managementpro_gap_fill,,,,,133.00,133.00,gross_valid_pos_sales_excluding_cancellations,verified_mdb_journal_match,mdb_valid_pos_sales,megamanagepro-20260820T172552Z-1-001.zip::megamanagepro/DbPos.mdb,No notebook record exists for this date; ManagementPro is used as a gap fill. ManagementPro note: ManagementPro-recorded sales only; not confirmed complete store revenue.
2019-09-27,207.50,managementpro,managementpro_nonoverlap_gap_fill,ready_managementpro_gap_fill,,,,,207.50,207.50,gross_valid_pos_sales_excluding_cancellations,verified_mdb_journal_match,mdb_valid_pos_sales,megamanagepro-20260820T172552Z-1-001.zip::megamanagepro/DbPos.mdb,No notebook record exists for this date; ManagementPro is used as a gap fill. ManagementPro note: ManagementPro-recorded sales only; not confirmed complete store revenue.
2019-09-28,45.00,managementpro,managementpro_nonoverlap_gap_fill,ready_managementpro_gap_fill,,,,,45.00,45.00,gross_valid_pos_sales_excluding_cancellations,verified_mdb_journal_match,mdb_valid_pos_sales,megamanagepro-20260820T172552Z-1-001.zip::megamanagepro/DbPos.mdb,No notebook record exists for this date; ManagementPro is used as a gap fill. ManagementPro note: ManagementPro-recorded sales only; not confirmed complete store revenue.
2019-09-29,192.50,managementpro,managementpro_nonoverlap_gap_fill,ready_managementpro_gap_fill,,,,,192.50,192.50,gross_valid_pos_sales_excluding_cancellations,verified_mdb_journal_match,mdb_valid_pos_sales,megamanagepro-20260820T172552Z-1-001.zip::megamanagepro/DbPos.mdb,No notebook record exists for this date; ManagementPro is used as a gap fill. ManagementPro note: ManagementPro-recorded sales only; not confirmed complete store revenue.
2019-09-30,239.50,managementpro,managementpro_nonoverlap_gap_fill,ready_managementpro_gap_fill,,,,,239.50,239.50,gross_valid_pos_sales_excluding_cancellations,verified_mdb_journal_match,mdb_valid_pos_sales,megamanagepro-20260820T172552Z-1-001.zip::megamanagepro/DbPos.mdb,No notebook record exists for this date; ManagementPro is used as a gap fill. ManagementPro note: ManagementPro-recorded sales only; not confirmed complete store revenue.
2019-10-01,226.00,managementpro,managementpro_nonoverlap_gap_fill,ready_managementpro_gap_fill,,,,,226.00,226.00,gross_valid_pos_sales_excluding_cancellations,verified_mdb_journal_match,mdb_valid_pos_sales,megamanagepro-20260820T172552Z-1-001.zip::megamanagepro/DbPos.mdb,No notebook record exists for this date; ManagementPro is used as a gap fill. ManagementPro note: ManagementPro-recorded sales only; not confirmed complete store revenue.
2019-10-02,329.00,managementpro,managementpro_nonoverlap_gap_fill,ready_managementpro_gap_fill,,,,,329.00,329.00,gross_valid_pos_sales_excluding_cancellations,verified_mdb_journal_match,mdb_valid_pos_sales,megamanagepro-20260820T172552Z-1-001.zip::megamanagepro/DbPos.mdb,No notebook record exists for this date; ManagementPro is used as a gap fill. ManagementPro note: ManagementPro-recorded sales only; not confirmed complete store revenue.
2019-10-03,174.00,managementpro,managementpro_nonoverlap_gap_fill,ready_managementpro_gap_fill,,,,,174.00,174.00,gross_valid_pos_sales_excluding_cancellations,verified_mdb_journal_match,mdb_valid_pos_sales,megamanagepro-20260820T172552Z-1-001.zip::megamanagepro/DbPos.mdb,No notebook record exists for this date; ManagementPro is used as a gap fill. ManagementPro note: ManagementPro-recorded sales only; not confirmed complete store revenue.
2019-10-05,161.50,managementpro,managementpro_nonoverlap_gap_fill,ready_managementpro_gap_fill,,,,,161.50,161.50,gross_valid_pos_sales_excluding_cancellations,verified_mdb_journal_match,mdb_valid_pos_sales,megamanagepro-20260820T172552Z-1-001.zip::megamanagepro/DbPos.mdb,No notebook record exists for this date; ManagementPro is used as a gap fill. ManagementPro note: ManagementPro-recorded sales only; not confirmed complete store revenue.
2019-10-06,163.00,managementpro,managementpro_nonoverlap_gap_fill,ready_managementpro_gap_fill,,,,,163.00,163.00,gross_valid_pos_sales_excluding_cancellations,verified_mdb_journal_match,mdb_valid_pos_sales,megamanagepro-20260820T172552Z-1-001.zip::megamanagepro/DbPos.mdb,No notebook record exists for this date; ManagementPro is used as a gap fill. ManagementPro note: ManagementPro-recorded sales only; not confirmed complete store revenue.
2019-10-07,102.50,managementpro,managementpro_nonoverlap_gap_fill,ready_managementpro_gap_fill,,,,,102.50,102.50,gross_valid_pos_sales_excluding_cancellations,verified_mdb_journal_match,mdb_valid_pos_sales,megamanagepro-20260820T172552Z-1-001.zip::megamanagepro/DbPos.mdb,No notebook record exists for this date; ManagementPro is used as a gap fill. ManagementPro note: ManagementPro-recorded sales only; not confirmed complete store revenue.
2019-10-08,183.00,managementpro,managementpro_nonoverlap_gap_fill,ready_managementpro_gap_fill,,,,,183.00,183.00,gross_valid_pos_sales_excluding_cancellations,verified_mdb_journal_match,mdb_valid_pos_sales,megamanagepro-20260820T172552Z-1-001.zip::megamanagepro/DbPos.mdb,No notebook record exists for this date; ManagementPro is used as a gap fill. ManagementPro note: ManagementPro-recorded sales only; not confirmed complete store revenue.
2019-10-09,286.00,managementpro,managementpro_nonoverlap_gap_fill,ready_managementpro_gap_fill,,,,,286.00,286.00,gross_valid_pos_sales_excluding_cancellations,verified_mdb_journal_match,mdb_valid_pos_sales,megamanagepro-20260820T172552Z-1-001.zip::megamanagepro/DbPos.mdb,No notebook record exists for this date; ManagementPro is used as a gap fill. ManagementPro note: ManagementPro-recorded sales only; not confirmed complete store revenue.
2019-10-10,113.50,managementpro,managementpro_nonoverlap_gap_fill,ready_managementpro_gap_fill,,,,,113.50,113.50,gross_valid_pos_sales_excluding_cancellations,verified_mdb_journal_match,mdb_valid_pos_sales,megamanagepro-20260820T172552Z-1-001.zip::megamanagepro/DbPos.mdb,No notebook record exists for this date; ManagementPro is used as a gap fill. ManagementPro note: ManagementPro-recorded sales only; not confirmed complete store revenue.
2019-10-11,172.00,managementpro,managementpro_nonoverlap_gap_fill,ready_managementpro_gap_fill,,,,,172.00,172.00,gross_valid_pos_sales_excluding_cancellations,verified_mdb_journal_match,mdb_valid_pos_sales,megamanagepro-20260820T172552Z-1-001.zip::megamanagepro/DbPos.mdb,No notebook record exists for this date; ManagementPro is used as a gap fill. ManagementPro note: ManagementPro-recorded sales only; not confirmed complete store revenue.
2019-10-12,158.50,managementpro,managementpro_nonoverlap_gap_fill,ready_managementpro_gap_fill,,,,,158.50,158.50,gross_valid_pos_sales_excluding_cancellations,verified_mdb_journal_match,mdb_valid_pos_sales,megamanagepro-20260820T172552Z-1-001.zip::megamanagepro/DbPos.mdb,No notebook record exists for this date; ManagementPro is used as a gap fill. ManagementPro note: ManagementPro-recorded sales only; not confirmed complete store revenue.
2019-10-13,60.50,managementpro,managementpro_nonoverlap_gap_fill,ready_managementpro_gap_fill,,,,,60.50,60.50,gross_valid_pos_sales_excluding_cancellations,verified_mdb_journal_match,mdb_valid_pos_sales,megamanagepro-20260820T172552Z-1-001.zip::megamanagepro/DbPos.mdb,No notebook record exists for this date; ManagementPro is used as a gap fill. ManagementPro note: ManagementPro-recorded sales only; not confirmed complete store revenue.
2019-10-14,264.00,managementpro,managementpro_nonoverlap_gap_fill,ready_managementpro_gap_fill,,,,,264.00,264.00,gross_valid_pos_sales_excluding_cancellations,verified_mdb_journal_match,mdb_valid_pos_sales,megamanagepro-20260820T172552Z-1-001.zip::megamanagepro/DbPos.mdb,No notebook record exists for this date; ManagementPro is used as a gap fill. ManagementPro note: ManagementPro-recorded sales only; not confirmed complete store revenue.
2019-10-15,115.50,managementpro,managementpro_nonoverlap_gap_fill,ready_managementpro_gap_fill,,,,,115.50,115.50,gross_valid_pos_sales_excluding_cancellations,verified_mdb_journal_match,mdb_valid_pos_sales,megamanagepro-20260820T172552Z-1-001.zip::megamanagepro/DbPos.mdb,No notebook record exists for this date; ManagementPro is used as a gap fill. ManagementPro note: ManagementPro-recorded sales only; not confirmed complete store revenue.
2019-10-16,170.50,managementpro,managementpro_nonoverlap_gap_fill,ready_managementpro_gap_fill,,,,,170.50,170.50,gross_valid_pos_sales_excluding_cancellations,verified_mdb_journal_match,mdb_valid_pos_sales,megamanagepro-20260820T172552Z-1-001.zip::megamanagepro/DbPos.mdb,No notebook record exists for this date; ManagementPro is used as a gap fill. ManagementPro note: ManagementPro-recorded sales only; not confirmed complete store revenue.
2019-10-17,247.00,managementpro,managementpro_nonoverlap_gap_fill,ready_managementpro_gap_fill,,,,,247.00,247.00,gross_valid_pos_sales_excluding_cancellations,verified_mdb_journal_match,mdb_valid_pos_sales,megamanagepro-20260820T172552Z-1-001.zip::megamanagepro/DbPos.mdb,No notebook record exists for this date; ManagementPro is used as a gap fill. ManagementPro note: ManagementPro-recorded sales only; not confirmed complete store revenue.
2019-10-18,60.00,managementpro,managementpro_nonoverlap_gap_fill,ready_managementpro_gap_fill,,,,,60.00,60.00,gross_valid_pos_sales_excluding_cancellations,verified_mdb_journal_match,mdb_valid_pos_sales,megamanagepro-20260820T172552Z-1-001.zip::megamanagepro/DbPos.mdb,No notebook record exists for this date; ManagementPro is used as a gap fill. ManagementPro note: ManagementPro-recorded sales only; not confirmed complete store revenue.
2019-10-20,146.00,managementpro,managementpro_nonoverlap_gap_fill,ready_managementpro_gap_fill,,,,,146.00,146.00,gross_valid_pos_sales_excluding_cancellations,verified_mdb_journal_match,mdb_valid_pos_sales,megamanagepro-20260820T172552Z-1-001.zip::megamanagepro/DbPos.mdb,No notebook record exists for this date; ManagementPro is used as a gap fill. ManagementPro note: ManagementPro-recorded sales only; not confirmed complete store revenue.
2019-10-21,154.00,managementpro,managementpro_nonoverlap_gap_fill,ready_managementpro_gap_fill,,,,,154.00,154.00,gross_valid_pos_sales_excluding_cancellations,verified_mdb_journal_match,mdb_valid_pos_sales,megamanagepro-20260820T172552Z-1-001.zip::megamanagepro/DbPos.mdb,No notebook record exists for this date; ManagementPro is used as a gap fill. ManagementPro note: ManagementPro-recorded sales only; not confirmed complete store revenue.
2019-10-22,255.00,managementpro,managementpro_nonoverlap_gap_fill,ready_managementpro_gap_fill,,,,,255.00,255.00,gross_valid_pos_sales_excluding_cancellations,verified_mdb_journal_match,mdb_valid_pos_sales,megamanagepro-20260820T172552Z-1-001.zip::megamanagepro/DbPos.mdb,No notebook record exists for this date; ManagementPro is used as a gap fill. ManagementPro note: ManagementPro-recorded sales only; not confirmed complete store revenue.
2019-10-23,269.50,managementpro,managementpro_nonoverlap_gap_fill,ready_managementpro_gap_fill,,,,,269.50,269.50,gross_valid_pos_sales_excluding_cancellations,verified_mdb_journal_match,mdb_valid_pos_sales,megamanagepro-20260820T172552Z-1-001.zip::megamanagepro/DbPos.mdb,No notebook record exists for this date; ManagementPro is used as a gap fill. ManagementPro note: ManagementPro-recorded sales only; not confirmed complete store revenue.
2019-10-24,175.50,managementpro,managementpro_nonoverlap_gap_fill,ready_managementpro_gap_fill,,,,,175.50,175.50,gross_valid_pos_sales_excluding_cancellations,verified_mdb_journal_match,mdb_valid_pos_sales,megamanagepro-20260820T172552Z-1-001.zip::megamanagepro/DbPos.mdb,No notebook record exists for this date; ManagementPro is used as a gap fill. ManagementPro note: ManagementPro-recorded sales only; not confirmed complete store revenue.
2019-10-25,130.50,managementpro,managementpro_nonoverlap_gap_fill,ready_managementpro_gap_fill,,,,,130.50,130.50,gross_valid_pos_sales_excluding_cancellations,verified_mdb_journal_match,mdb_valid_pos_sales,megamanagepro-20260820T172552Z-1-001.zip::megamanagepro/DbPos.mdb,No notebook record exists for this date; ManagementPro is used as a gap fill. ManagementPro note: ManagementPro-recorded sales only; not confirmed complete store revenue.
2019-10-26,90.50,managementpro,managementpro_nonoverlap_gap_fill,ready_managementpro_gap_fill,,,,,90.50,90.50,gross_valid_pos_sales_excluding_cancellations,verified_mdb_journal_match,mdb_valid_pos_sales,megamanagepro-20260820T172552Z-1-001.zip::megamanagepro/DbPos.mdb,No notebook record exists for this date; ManagementPro is used as a gap fill. ManagementPro note: ManagementPro-recorded sales only; not confirmed complete store revenue.
2019-10-27,55.00,managementpro,managementpro_nonoverlap_gap_fill,ready_managementpro_gap_fill,,,,,55.00,55.00,gross_valid_pos_sales_excluding_cancellations,verified_mdb_journal_match,mdb_valid_pos_sales,megamanagepro-20260820T172552Z-1-001.zip::megamanagepro/DbPos.mdb,No notebook record exists for this date; ManagementPro is used as a gap fill. ManagementPro note: ManagementPro-recorded sales only; not confirmed complete store revenue.
2019-10-28,323.50,managementpro,managementpro_nonoverlap_gap_fill,ready_managementpro_gap_fill,,,,,323.50,323.50,gross_valid_pos_sales_excluding_cancellations,verified_mdb_journal_match,mdb_valid_pos_sales,megamanagepro-20260820T172552Z-1-001.zip::megamanagepro/DbPos.mdb,No notebook record exists for this date; ManagementPro is used as a gap fill. ManagementPro note: ManagementPro-recorded sales only; not confirmed complete store revenue.
2019-10-29,138.50,managementpro,managementpro_nonoverlap_gap_fill,ready_managementpro_gap_fill,,,,,138.50,138.50,gross_valid_pos_sales_excluding_cancellations,verified_mdb_journal_match,mdb_valid_pos_sales,megamanagepro-20260820T172552Z-1-001.zip::megamanagepro/DbPos.mdb,No notebook record exists for this date; ManagementPro is used as a gap fill. ManagementPro note: ManagementPro-recorded sales only; not confirmed complete store revenue.
2019-10-30,347.50,managementpro,managementpro_nonoverlap_gap_fill,ready_managementpro_gap_fill,,,,,347.50,347.50,gross_valid_pos_sales_excluding_cancellations,verified_mdb_journal_match,mdb_valid_pos_sales,megamanagepro-20260820T172552Z-1-001.zip::megamanagepro/DbPos.mdb,No notebook record exists for this date; ManagementPro is used as a gap fill. ManagementPro note: ManagementPro-recorded sales only; not confirmed complete store revenue.
2019-10-31,268.50,managementpro,managementpro_nonoverlap_gap_fill,ready_managementpro_gap_fill,,,,,268.50,268.50,gross_valid_pos_sales_excluding_cancellations,verified_mdb_journal_match,mdb_valid_pos_sales,megamanagepro-20260820T172552Z-1-001.zip::megamanagepro/DbPos.mdb,No notebook record exists for this date; ManagementPro is used as a gap fill. ManagementPro note: ManagementPro-recorded sales only; not confirmed complete store revenue.
2019-11-01,279.50,managementpro,managementpro_nonoverlap_gap_fill,ready_managementpro_gap_fill,,,,,279.50,279.50,gross_valid_pos_sales_excluding_cancellations,verified_mdb_journal_match,mdb_valid_pos_sales,megamanagepro-20260820T172552Z-1-001.zip::megamanagepro/DbPos.mdb,No notebook record exists for this date; ManagementPro is used as a gap fill. ManagementPro note: ManagementPro-recorded sales only; not confirmed complete store revenue.
2019-11-02,158.00,managementpro,managementpro_nonoverlap_gap_fill,ready_managementpro_gap_fill,,,,,158.00,158.00,gross_valid_pos_sales_excluding_cancellations,verified_mdb_journal_match,mdb_valid_pos_sales,megamanagepro-20260820T172552Z-1-001.zip::megamanagepro/DbPos.mdb,No notebook record exists for this date; ManagementPro is used as a gap fill. ManagementPro note: ManagementPro-recorded sales only; not confirmed complete store revenue.
2019-11-03,171.00,managementpro,managementpro_nonoverlap_gap_fill,ready_managementpro_gap_fill,,,,,171.00,171.00,gross_valid_pos_sales_excluding_cancellations,verified_mdb_journal_match,mdb_valid_pos_sales,megamanagepro-20260820T172552Z-1-001.zip::megamanagepro/DbPos.mdb,No notebook record exists for this date; ManagementPro is used as a gap fill. ManagementPro note: ManagementPro-recorded sales only; not confirmed complete store revenue.
2019-11-04,279.00,managementpro,managementpro_nonoverlap_gap_fill,ready_managementpro_gap_fill,,,,,279.00,279.00,gross_valid_pos_sales_excluding_cancellations,verified_mdb_journal_match,mdb_valid_pos_sales,megamanagepro-20260820T172552Z-1-001.zip::megamanagepro/DbPos.mdb,No notebook record exists for this date; ManagementPro is used as a gap fill. ManagementPro note: ManagementPro-recorded sales only; not confirmed complete store revenue.
2019-11-05,135.50,managementpro,managementpro_nonoverlap_gap_fill,ready_managementpro_gap_fill,,,,,135.50,135.50,gross_valid_pos_sales_excluding_cancellations,verified_mdb_journal_match,mdb_valid_pos_sales,megamanagepro-20260820T172552Z-1-001.zip::megamanagepro/DbPos.mdb,No notebook record exists for this date; ManagementPro is used as a gap fill. ManagementPro note: ManagementPro-recorded sales only; not confirmed complete store revenue.
2019-11-06,119.00,managementpro,managementpro_nonoverlap_gap_fill,ready_managementpro_gap_fill,,,,,119.00,119.00,gross_valid_pos_sales_excluding_cancellations,verified_mdb_journal_match,mdb_valid_pos_sales,megamanagepro-20260820T172552Z-1-001.zip::megamanagepro/DbPos.mdb,No notebook record exists for this date; ManagementPro is used as a gap fill. ManagementPro note: ManagementPro-recorded sales only; not confirmed complete store revenue.
2019-11-07,174.00,managementpro,managementpro_nonoverlap_gap_fill,ready_managementpro_gap_fill,,,,,174.00,174.00,gross_valid_pos_sales_excluding_cancellations,verified_mdb_journal_match,mdb_valid_pos_sales,megamanagepro-20260820T172552Z-1-001.zip::megamanagepro/DbPos.mdb,No notebook record exists for this date; ManagementPro is used as a gap fill. ManagementPro note: ManagementPro-recorded sales only; not confirmed complete store revenue.
2019-11-08,123.00,managementpro,managementpro_nonoverlap_gap_fill,ready_managementpro_gap_fill,,,,,123.00,123.00,gross_valid_pos_sales_excluding_cancellations,verified_mdb_journal_match,mdb_valid_pos_sales,megamanagepro-20260820T172552Z-1-001.zip::megamanagepro/DbPos.mdb,No notebook record exists for this date; ManagementPro is used as a gap fill. ManagementPro note: ManagementPro-recorded sales only; not confirmed complete store revenue.
2019-11-09,156.00,managementpro,managementpro_nonoverlap_gap_fill,ready_managementpro_gap_fill,,,,,156.00,156.00,gross_valid_pos_sales_excluding_cancellations,verified_mdb_journal_match,mdb_valid_pos_sales,megamanagepro-20260820T172552Z-1-001.zip::megamanagepro/DbPos.mdb,No notebook record exists for this date; ManagementPro is used as a gap fill. ManagementPro note: ManagementPro-recorded sales only; not confirmed complete store revenue.
2019-11-10,97.00,managementpro,managementpro_nonoverlap_gap_fill,ready_managementpro_gap_fill,,,,,97.00,97.00,gross_valid_pos_sales_excluding_cancellations,verified_mdb_journal_match,mdb_valid_pos_sales,megamanagepro-20260820T172552Z-1-001.zip::megamanagepro/DbPos.mdb,No notebook record exists for this date; ManagementPro is used as a gap fill. ManagementPro note: ManagementPro-recorded sales only; not confirmed complete store revenue.
2019-11-11,88.00,managementpro,managementpro_nonoverlap_gap_fill,ready_managementpro_gap_fill,,,,,88.00,88.00,gross_valid_pos_sales_excluding_cancellations,verified_mdb_journal_match,mdb_valid_pos_sales,megamanagepro-20260820T172552Z-1-001.zip::megamanagepro/DbPos.mdb,No notebook record exists for this date; ManagementPro is used as a gap fill. ManagementPro note: ManagementPro-recorded sales only; not confirmed complete store revenue.
2019-11-12,139.00,managementpro,managementpro_nonoverlap_gap_fill,ready_managementpro_gap_fill,,,,,139.00,139.00,gross_valid_pos_sales_excluding_cancellations,verified_mdb_journal_match,mdb_valid_pos_sales,megamanagepro-20260820T172552Z-1-001.zip::megamanagepro/DbPos.mdb,No notebook record exists for this date; ManagementPro is used as a gap fill. ManagementPro note: ManagementPro-recorded sales only; not confirmed complete store revenue.
2019-11-13,162.00,managementpro,managementpro_nonoverlap_gap_fill,ready_managementpro_gap_fill,,,,,162.00,162.00,gross_valid_pos_sales_excluding_cancellations,verified_mdb_journal_match,mdb_valid_pos_sales,megamanagepro-20260820T172552Z-1-001.zip::megamanagepro/DbPos.mdb,No notebook record exists for this date; ManagementPro is used as a gap fill. ManagementPro note: ManagementPro-recorded sales only; not confirmed complete store revenue.
2019-11-14,119.50,managementpro,managementpro_nonoverlap_gap_fill,ready_managementpro_gap_fill,,,,,119.50,119.50,gross_valid_pos_sales_excluding_cancellations,verified_mdb_journal_match,mdb_valid_pos_sales,megamanagepro-20260820T172552Z-1-001.zip::megamanagepro/DbPos.mdb,No notebook record exists for this date; ManagementPro is used as a gap fill. ManagementPro note: ManagementPro-recorded sales only; not confirmed complete store revenue.
2019-11-16,76.50,managementpro,managementpro_nonoverlap_gap_fill,ready_managementpro_gap_fill,,,,,76.50,76.50,gross_valid_pos_sales_excluding_cancellations,verified_mdb_journal_match,mdb_valid_pos_sales,megamanagepro-20260820T172552Z-1-001.zip::megamanagepro/DbPos.mdb,No notebook record exists for this date; ManagementPro is used as a gap fill. ManagementPro note: ManagementPro-recorded sales only; not confirmed complete store revenue.
2019-11-17,61.00,managementpro,managementpro_nonoverlap_gap_fill,ready_managementpro_gap_fill,,,,,61.00,61.00,gross_valid_pos_sales_excluding_cancellations,verified_mdb_journal_match,mdb_valid_pos_sales,megamanagepro-20260820T172552Z-1-001.zip::megamanagepro/DbPos.mdb,No notebook record exists for this date; ManagementPro is used as a gap fill. ManagementPro note: ManagementPro-recorded sales only; not confirmed complete store revenue.
2019-11-18,126.00,managementpro,managementpro_nonoverlap_gap_fill,ready_managementpro_gap_fill,,,,,126.00,126.00,gross_valid_pos_sales_excluding_cancellations,verified_mdb_journal_match,mdb_valid_pos_sales,megamanagepro-20260820T172552Z-1-001.zip::megamanagepro/DbPos.mdb,No notebook record exists for this date; ManagementPro is used as a gap fill. ManagementPro note: ManagementPro-recorded sales only; not confirmed complete store revenue.
2019-11-19,128.00,managementpro,managementpro_nonoverlap_gap_fill,ready_managementpro_gap_fill,,,,,128.00,128.00,gross_valid_pos_sales_excluding_cancellations,verified_mdb_journal_match,mdb_valid_pos_sales,megamanagepro-20260820T172552Z-1-001.zip::megamanagepro/DbPos.mdb,No notebook record exists for this date; ManagementPro is used as a gap fill. ManagementPro note: ManagementPro-recorded sales only; not confirmed complete store revenue.
2019-11-20,233.50,managementpro,managementpro_nonoverlap_gap_fill,ready_managementpro_gap_fill,,,,,233.50,233.50,gross_valid_pos_sales_excluding_cancellations,verified_mdb_journal_match,mdb_valid_pos_sales,megamanagepro-20260820T172552Z-1-001.zip::megamanagepro/DbPos.mdb,No notebook record exists for this date; ManagementPro is used as a gap fill. ManagementPro note: ManagementPro-recorded sales only; not confirmed complete store revenue.
2019-11-21,266.00,managementpro,managementpro_nonoverlap_gap_fill,ready_managementpro_gap_fill,,,,,266.00,266.00,gross_valid_pos_sales_excluding_cancellations,verified_mdb_journal_match,mdb_valid_pos_sales,megamanagepro-20260820T172552Z-1-001.zip::megamanagepro/DbPos.mdb,No notebook record exists for this date; ManagementPro is used as a gap fill. ManagementPro note: ManagementPro-recorded sales only; not confirmed complete store revenue.
2019-11-22,100.50,managementpro,managementpro_nonoverlap_gap_fill,ready_managementpro_gap_fill,,,,,100.50,100.50,gross_valid_pos_sales_excluding_cancellations,verified_mdb_journal_match,mdb_valid_pos_sales,megamanagepro-20260820T172552Z-1-001.zip::megamanagepro/DbPos.mdb,No notebook record exists for this date; ManagementPro is used as a gap fill. ManagementPro note: ManagementPro-recorded sales only; not confirmed complete store revenue.
2019-11-23,181.00,managementpro,managementpro_nonoverlap_gap_fill,ready_managementpro_gap_fill,,,,,181.00,181.00,gross_valid_pos_sales_excluding_cancellations,verified_mdb_journal_match,mdb_valid_pos_sales,megamanagepro-20260820T172552Z-1-001.zip::megamanagepro/DbPos.mdb,No notebook record exists for this date; ManagementPro is used as a gap fill. ManagementPro note: ManagementPro-recorded sales only; not confirmed complete store revenue.
2019-11-24,133.50,managementpro,managementpro_nonoverlap_gap_fill,ready_managementpro_gap_fill,,,,,133.50,133.50,gross_valid_pos_sales_excluding_cancellations,verified_mdb_journal_match,mdb_valid_pos_sales,megamanagepro-20260820T172552Z-1-001.zip::megamanagepro/DbPos.mdb,No notebook record exists for this date; ManagementPro is used as a gap fill. ManagementPro note: ManagementPro-recorded sales only; not confirmed complete store revenue.
2019-11-25,184.50,managementpro,managementpro_nonoverlap_gap_fill,ready_managementpro_gap_fill,,,,,184.50,184.50,gross_valid_pos_sales_excluding_cancellations,verified_mdb_journal_match,mdb_valid_pos_sales,megamanagepro-20260820T172552Z-1-001.zip::megamanagepro/DbPos.mdb,No notebook record exists for this date; ManagementPro is used as a gap fill. ManagementPro note: ManagementPro-recorded sales only; not confirmed complete store revenue.
2019-11-26,310.00,managementpro,managementpro_nonoverlap_gap_fill,ready_managementpro_gap_fill,,,,,310.00,310.00,gross_valid_pos_sales_excluding_cancellations,verified_mdb_journal_match,mdb_valid_pos_sales,megamanagepro-20260820T172552Z-1-001.zip::megamanagepro/DbPos.mdb,No notebook record exists for this date; ManagementPro is used as a gap fill. ManagementPro note: ManagementPro-recorded sales only; not confirmed complete store revenue.
2019-11-27,141.50,managementpro,managementpro_nonoverlap_gap_fill,ready_managementpro_gap_fill,,,,,141.50,141.50,gross_valid_pos_sales_excluding_cancellations,verified_mdb_journal_match,mdb_valid_pos_sales,megamanagepro-20260820T172552Z-1-001.zip::megamanagepro/DbPos.mdb,No notebook record exists for this date; ManagementPro is used as a gap fill. ManagementPro note: ManagementPro-recorded sales only; not confirmed complete store revenue.
2019-11-28,194.50,managementpro,managementpro_nonoverlap_gap_fill,ready_managementpro_gap_fill,,,,,194.50,194.50,gross_valid_pos_sales_excluding_cancellations,verified_mdb_journal_match,mdb_valid_pos_sales,megamanagepro-20260820T172552Z-1-001.zip::megamanagepro/DbPos.mdb,No notebook record exists for this date; ManagementPro is used as a gap fill. ManagementPro note: ManagementPro-recorded sales only; not confirmed complete store revenue.
2019-11-29,94.00,managementpro,managementpro_nonoverlap_gap_fill,ready_managementpro_gap_fill,,,,,94.00,94.00,gross_valid_pos_sales_excluding_cancellations,verified_mdb_journal_match,mdb_valid_pos_sales,megamanagepro-20260820T172552Z-1-001.zip::megamanagepro/DbPos.mdb,No notebook record exists for this date; ManagementPro is used as a gap fill. ManagementPro note: ManagementPro-recorded sales only; not confirmed complete store revenue.
2019-11-30,102.00,managementpro,managementpro_nonoverlap_gap_fill,ready_managementpro_gap_fill,,,,,102.00,102.00,gross_valid_pos_sales_excluding_cancellations,verified_mdb_journal_match,mdb_valid_pos_sales,megamanagepro-20260820T172552Z-1-001.zip::megamanagepro/DbPos.mdb,No notebook record exists for this date; ManagementPro is used as a gap fill. ManagementPro note: ManagementPro-recorded sales only; not confirmed complete store revenue.
2019-12-01,99.50,managementpro,managementpro_nonoverlap_gap_fill,ready_managementpro_gap_fill,,,,,99.50,99.50,gross_valid_pos_sales_excluding_cancellations,verified_mdb_journal_match,mdb_valid_pos_sales,megamanagepro-20260820T172552Z-1-001.zip::megamanagepro/DbPos.mdb,No notebook record exists for this date; ManagementPro is used as a gap fill. ManagementPro note: ManagementPro-recorded sales only; not confirmed complete store revenue.
2019-12-02,320.00,managementpro,managementpro_nonoverlap_gap_fill,ready_managementpro_gap_fill,,,,,320.00,320.00,gross_valid_pos_sales_excluding_cancellations,verified_mdb_journal_match,mdb_valid_pos_sales,megamanagepro-20260820T172552Z-1-001.zip::megamanagepro/DbPos.mdb,No notebook record exists for this date; ManagementPro is used as a gap fill. ManagementPro note: ManagementPro-recorded sales only; not confirmed complete store revenue.
2019-12-03,257.00,managementpro,managementpro_nonoverlap_gap_fill,ready_managementpro_gap_fill,,,,,257.00,257.00,gross_valid_pos_sales_excluding_cancellations,verified_mdb_journal_match,mdb_valid_pos_sales,megamanagepro-20260820T172552Z-1-001.zip::megamanagepro/DbPos.mdb,No notebook record exists for this date; ManagementPro is used as a gap fill. ManagementPro note: ManagementPro-recorded sales only; not confirmed complete store revenue.
2019-12-04,148.50,managementpro,managementpro_nonoverlap_gap_fill,ready_managementpro_gap_fill,,,,,148.50,148.50,gross_valid_pos_sales_excluding_cancellations,verified_mdb_journal_match,mdb_valid_pos_sales,megamanagepro-20260820T172552Z-1-001.zip::megamanagepro/DbPos.mdb,No notebook record exists for this date; ManagementPro is used as a gap fill. ManagementPro note: ManagementPro-recorded sales only; not confirmed complete store revenue.
2019-12-05,257.50,managementpro,managementpro_nonoverlap_gap_fill,ready_managementpro_gap_fill,,,,,257.50,257.50,gross_valid_pos_sales_excluding_cancellations,verified_mdb_journal_match,mdb_valid_pos_sales,megamanagepro-20260820T172552Z-1-001.zip::megamanagepro/DbPos.mdb,No notebook record exists for this date; ManagementPro is used as a gap fill. ManagementPro note: ManagementPro-recorded sales only; not confirmed complete store revenue.
2019-12-06,110.00,managementpro,managementpro_nonoverlap_gap_fill,ready_managementpro_gap_fill,,,,,110.00,110.00,gross_valid_pos_sales_excluding_cancellations,verified_mdb_journal_match,mdb_valid_pos_sales,megamanagepro-20260820T172552Z-1-001.zip::megamanagepro/DbPos.mdb,No notebook record exists for this date; ManagementPro is used as a gap fill. ManagementPro note: ManagementPro-recorded sales only; not confirmed complete store revenue.
2019-12-07,115.50,managementpro,managementpro_nonoverlap_gap_fill,ready_managementpro_gap_fill,,,,,115.50,115.50,gross_valid_pos_sales_excluding_cancellations,verified_mdb_journal_match,mdb_valid_pos_sales,megamanagepro-20260820T172552Z-1-001.zip::megamanagepro/DbPos.mdb,No notebook record exists for this date; ManagementPro is used as a gap fill. ManagementPro note: ManagementPro-recorded sales only; not confirmed complete store revenue.
2019-12-08,235.00,managementpro,managementpro_nonoverlap_gap_fill,ready_managementpro_gap_fill,,,,,235.00,235.00,gross_valid_pos_sales_excluding_cancellations,verified_mdb_journal_match,mdb_valid_pos_sales,megamanagepro-20260820T172552Z-1-001.zip::megamanagepro/DbPos.mdb,No notebook record exists for this date; ManagementPro is used as a gap fill. ManagementPro note: ManagementPro-recorded sales only; not confirmed complete store revenue.
2019-12-09,418.50,managementpro,managementpro_nonoverlap_gap_fill,ready_managementpro_gap_fill,,,,,418.50,418.50,gross_valid_pos_sales_excluding_cancellations,verified_mdb_journal_match,mdb_valid_pos_sales,megamanagepro-20260820T172552Z-1-001.zip::megamanagepro/DbPos.mdb,No notebook record exists for this date; ManagementPro is used as a gap fill. ManagementPro note: ManagementPro-recorded sales only; not confirmed complete store revenue.
2019-12-10,268.50,managementpro,managementpro_nonoverlap_gap_fill,ready_managementpro_gap_fill,,,,,268.50,268.50,gross_valid_pos_sales_excluding_cancellations,verified_mdb_journal_match,mdb_valid_pos_sales,megamanagepro-20260820T172552Z-1-001.zip::megamanagepro/DbPos.mdb,No notebook record exists for this date; ManagementPro is used as a gap fill. ManagementPro note: ManagementPro-recorded sales only; not confirmed complete store revenue.
2019-12-11,295.50,managementpro,managementpro_nonoverlap_gap_fill,ready_managementpro_gap_fill,,,,,295.50,295.50,gross_valid_pos_sales_excluding_cancellations,verified_mdb_journal_match,mdb_valid_pos_sales,megamanagepro-20260820T172552Z-1-001.zip::megamanagepro/DbPos.mdb,No notebook record exists for this date; ManagementPro is used as a gap fill. ManagementPro note: ManagementPro-recorded sales only; not confirmed complete store revenue.
2019-12-12,161.00,managementpro,managementpro_nonoverlap_gap_fill,ready_managementpro_gap_fill,,,,,161.00,161.00,gross_valid_pos_sales_excluding_cancellations,verified_mdb_journal_match,mdb_valid_pos_sales,megamanagepro-20260820T172552Z-1-001.zip::megamanagepro/DbPos.mdb,No notebook record exists for this date; ManagementPro is used as a gap fill. ManagementPro note: ManagementPro-recorded sales only; not confirmed complete store revenue.
2019-12-13,206.50,managementpro,managementpro_nonoverlap_gap_fill,ready_managementpro_gap_fill,,,,,206.50,206.50,gross_valid_pos_sales_excluding_cancellations,verified_mdb_journal_match,mdb_valid_pos_sales,megamanagepro-20260820T172552Z-1-001.zip::megamanagepro/DbPos.mdb,No notebook record exists for this date; ManagementPro is used as a gap fill. ManagementPro note: ManagementPro-recorded sales only; not confirmed complete store revenue.
2019-12-14,54.50,managementpro,managementpro_nonoverlap_gap_fill,ready_managementpro_gap_fill,,,,,54.50,54.50,gross_valid_pos_sales_excluding_cancellations,verified_mdb_journal_match,mdb_valid_pos_sales,megamanagepro-20260820T172552Z-1-001.zip::megamanagepro/DbPos.mdb,No notebook record exists for this date; ManagementPro is used as a gap fill. ManagementPro note: ManagementPro-recorded sales only; not confirmed complete store revenue.
2019-12-15,195.00,managementpro,managementpro_nonoverlap_gap_fill,ready_managementpro_gap_fill,,,,,195.00,195.00,gross_valid_pos_sales_excluding_cancellations,verified_mdb_journal_match,mdb_valid_pos_sales,megamanagepro-20260820T172552Z-1-001.zip::megamanagepro/DbPos.mdb,No notebook record exists for this date; ManagementPro is used as a gap fill. ManagementPro note: ManagementPro-recorded sales only; not confirmed complete store revenue.
2019-12-16,138.50,managementpro,managementpro_nonoverlap_gap_fill,ready_managementpro_gap_fill,,,,,138.50,138.50,gross_valid_pos_sales_excluding_cancellations,verified_mdb_journal_match,mdb_valid_pos_sales,megamanagepro-20260820T172552Z-1-001.zip::megamanagepro/DbPos.mdb,No notebook record exists for this date; ManagementPro is used as a gap fill. ManagementPro note: ManagementPro-recorded sales only; not confirmed complete store revenue.
2019-12-17,231.50,managementpro,managementpro_nonoverlap_gap_fill,ready_managementpro_gap_fill,,,,,231.50,72.00,gross_valid_pos_sales_excluding_cancellations,review_mdb_journal_difference,mdb_valid_pos_sales,megamanagepro-20260820T172552Z-1-001.zip::megamanagepro/DbPos.mdb,No notebook record exists for this date; ManagementPro is used as a gap fill. ManagementPro note: ManagementPro-recorded sales only; not confirmed complete store revenue. Authoritative MDB differs from journal audit by 159.50 MXN.
2019-12-18,,managementpro,managementpro_nonoverlap_gap_fill,unresolved_managementpro_blank,,,,,,159.50,unresolved_journal_candidate,review_possible_date_shift_duplicate,journal_completed_sales,mpro-pos-20260820T172538Z-1-001.zip::mpro-pos/JOURNAL/00010120191218.jrn,"No notebook record exists for this date; ManagementPro is used as a gap fill. ManagementPro amount is unresolved and intentionally left blank, not zero. ManagementPro note: ManagementPro-recorded sales only; not confirmed complete store revenue. Candidate amount is preserved in journal_sales_mxn but intentionally excluded from amount_mxn pending date/duplicate review. No corresponding valid Venta rows in the canonical MDB; retained from the journal audit."
2019-12-19,160.00,managementpro,managementpro_nonoverlap_gap_fill,ready_managementpro_gap_fill,,,,,160.00,160.00,gross_valid_pos_sales_excluding_cancellations,verified_mdb_journal_match,mdb_valid_pos_sales,megamanagepro-20260820T172552Z-1-001.zip::megamanagepro/DbPos.mdb,No notebook record exists for this date; ManagementPro is used as a gap fill. ManagementPro note: ManagementPro-recorded sales only; not confirmed complete store revenue.
2019-12-20,88.00,managementpro,managementpro_nonoverlap_gap_fill,ready_managementpro_gap_fill,,,,,88.00,88.00,gross_valid_pos_sales_excluding_cancellations,verified_mdb_journal_match,mdb_valid_pos_sales,megamanagepro-20260820T172552Z-1-001.zip::megamanagepro/DbPos.mdb,No notebook record exists for this date; ManagementPro is used as a gap fill. ManagementPro note: ManagementPro-recorded sales only; not confirmed complete store revenue.
2019-12-21,13.00,managementpro,managementpro_nonoverlap_gap_fill,ready_managementpro_gap_fill,,,,,13.00,13.00,gross_valid_pos_sales_excluding_cancellations,verified_mdb_journal_match,mdb_valid_pos_sales,megamanagepro-20260820T172552Z-1-001.zip::megamanagepro/DbPos.mdb,No notebook record exists for this date; ManagementPro is used as a gap fill. ManagementPro note: ManagementPro-recorded sales only; not confirmed complete store revenue.
2019-12-22,25.50,managementpro,managementpro_nonoverlap_gap_fill,ready_managementpro_gap_fill,,,,,25.50,25.50,gross_valid_pos_sales_excluding_cancellations,verified_mdb_journal_match,mdb_valid_pos_sales,megamanagepro-20260820T172552Z-1-001.zip::megamanagepro/DbPos.mdb,No notebook record exists for this date; ManagementPro is used as a gap fill. ManagementPro note: ManagementPro-recorded sales only; not confirmed complete store revenue.
2019-12-23,260.00,managementpro,managementpro_nonoverlap_gap_fill,ready_managementpro_gap_fill,,,,,260.00,260.00,gross_valid_pos_sales_excluding_cancellations,verified_mdb_journal_match,mdb_valid_pos_sales,megamanagepro-20260820T172552Z-1-001.zip::megamanagepro/DbPos.mdb,No notebook record exists for this date; ManagementPro is used as a gap fill. ManagementPro note: ManagementPro-recorded sales only; not confirmed complete store revenue.
2019-12-28,31.00,managementpro,managementpro_nonoverlap_gap_fill,ready_managementpro_gap_fill,,,,,31.00,,gross_valid_pos_sales_excluding_cancellations,verified_mdb_only,mdb_valid_pos_sales,megamanagepro-20260820T172552Z-1-001.zip::megamanagepro/DbPos.mdb,No notebook record exists for this date; ManagementPro is used as a gap fill. ManagementPro note: ManagementPro-recorded sales only; not confirmed complete store revenue.
2019-12-29,31.00,managementpro,managementpro_nonoverlap_gap_fill,ready_managementpro_gap_fill,,,,,31.00,31.00,completed_journal_sales_cut_reconciled,adjudicated_journal_only_cut_match,journal_completed_sales,mpro-pos-20260820T172538Z-1-001.zip::mpro-pos/JOURNAL/00010120191229.jrn,No notebook record exists for this date; ManagementPro is used as a gap fill. ManagementPro note: ManagementPro-recorded sales only; not confirmed complete store revenue. No corresponding valid Venta rows in the canonical MDB; retained from the journal audit.
2019-12-30,155.50,managementpro,managementpro_nonoverlap_gap_fill,ready_managementpro_gap_fill,,,,,155.50,155.50,gross_valid_pos_sales_excluding_cancellations,verified_mdb_journal_match,mdb_valid_pos_sales,megamanagepro-20260820T172552Z-1-001.zip::megamanagepro/DbPos.mdb,No notebook record exists for this date; ManagementPro is used as a gap fill. ManagementPro note: ManagementPro-recorded sales only; not confirmed complete store revenue.
2020-01-02,272.00,managementpro,managementpro_nonoverlap_gap_fill,ready_managementpro_gap_fill,,,,,272.00,,gross_valid_pos_sales_excluding_cancellations,verified_mdb_only,mdb_valid_pos_sales,megamanagepro-20260820T172552Z-1-001.zip::megamanagepro/DbPos.mdb,No notebook record exists for this date; ManagementPro is used as a gap fill. ManagementPro note: ManagementPro-recorded sales only; not confirmed complete store revenue.
2020-01-03,272.00,managementpro,managementpro_nonoverlap_gap_fill,ready_managementpro_gap_fill,,,,,272.00,272.00,completed_journal_sales_cut_reconciled,adjudicated_journal_only_cut_match,journal_completed_sales,mpro-pos-20260820T172538Z-1-001.zip::mpro-pos/JOURNAL/00010120200103.jrn,No notebook record exists for this date; ManagementPro is used as a gap fill. ManagementPro note: ManagementPro-recorded sales only; not confirmed complete store revenue. No corresponding valid Venta rows in the canonical MDB; retained from the journal audit.
2020-01-04,49.50,managementpro,managementpro_nonoverlap_gap_fill,ready_managementpro_gap_fill,,,,,49.50,49.50,gross_valid_pos_sales_excluding_cancellations,verified_mdb_journal_match,mdb_valid_pos_sales,megamanagepro-20260820T172552Z-1-001.zip::megamanagepro/DbPos.mdb,No notebook record exists for this date; ManagementPro is used as a gap fill. ManagementPro note: ManagementPro-recorded sales only; not confirmed complete store revenue.
2020-01-05,23.00,managementpro,managementpro_nonoverlap_gap_fill,ready_managementpro_gap_fill,,,,,23.00,23.00,gross_valid_pos_sales_excluding_cancellations,verified_mdb_journal_match,mdb_valid_pos_sales,megamanagepro-20260820T172552Z-1-001.zip::megamanagepro/DbPos.mdb,No notebook record exists for this date; ManagementPro is used as a gap fill. ManagementPro note: ManagementPro-recorded sales only; not confirmed complete store revenue.
2020-01-08,262.50,managementpro,managementpro_nonoverlap_gap_fill,ready_managementpro_gap_fill,,,,,262.50,262.50,gross_valid_pos_sales_excluding_cancellations,verified_mdb_journal_match,mdb_valid_pos_sales,megamanagepro-20260820T172552Z-1-001.zip::megamanagepro/DbPos.mdb,No notebook record exists for this date; ManagementPro is used as a gap fill. ManagementPro note: ManagementPro-recorded sales only; not confirmed complete store revenue.
2020-01-09,45.50,managementpro,managementpro_nonoverlap_gap_fill,ready_managementpro_gap_fill,,,,,45.50,45.50,gross_valid_pos_sales_excluding_cancellations,verified_mdb_journal_match,mdb_valid_pos_sales,megamanagepro-20260820T172552Z-1-001.zip::megamanagepro/DbPos.mdb,No notebook record exists for this date; ManagementPro is used as a gap fill. ManagementPro note: ManagementPro-recorded sales only; not confirmed complete store revenue.
2020-01-10,149.00,managementpro,managementpro_nonoverlap_gap_fill,ready_managementpro_gap_fill,,,,,149.00,149.00,gross_valid_pos_sales_excluding_cancellations,verified_mdb_journal_match,mdb_valid_pos_sales,megamanagepro-20260820T172552Z-1-001.zip::megamanagepro/DbPos.mdb,No notebook record exists for this date; ManagementPro is used as a gap fill. ManagementPro note: ManagementPro-recorded sales only; not confirmed complete store revenue.
2020-01-11,134.50,managementpro,managementpro_nonoverlap_gap_fill,ready_managementpro_gap_fill,,,,,134.50,134.50,gross_valid_pos_sales_excluding_cancellations,verified_mdb_journal_match,mdb_valid_pos_sales,megamanagepro-20260820T172552Z-1-001.zip::megamanagepro/DbPos.mdb,No notebook record exists for this date; ManagementPro is used as a gap fill. ManagementPro note: ManagementPro-recorded sales only; not confirmed complete store revenue.
2020-01-12,279.00,managementpro,managementpro_nonoverlap_gap_fill,ready_managementpro_gap_fill,,,,,279.00,279.00,gross_valid_pos_sales_excluding_cancellations,verified_mdb_journal_match,mdb_valid_pos_sales,megamanagepro-20260820T172552Z-1-001.zip::megamanagepro/DbPos.mdb,No notebook record exists for this date; ManagementPro is used as a gap fill. ManagementPro note: ManagementPro-recorded sales only; not confirmed complete store revenue.
2020-01-13,221.50,managementpro,managementpro_nonoverlap_gap_fill,ready_managementpro_gap_fill,,,,,221.50,221.50,gross_valid_pos_sales_excluding_cancellations,verified_mdb_journal_match,mdb_valid_pos_sales,megamanagepro-20260820T172552Z-1-001.zip::megamanagepro/DbPos.mdb,No notebook record exists for this date; ManagementPro is used as a gap fill. ManagementPro note: ManagementPro-recorded sales only; not confirmed complete store revenue.
2020-01-14,151.00,managementpro,managementpro_nonoverlap_gap_fill,ready_managementpro_gap_fill,,,,,151.00,151.00,gross_valid_pos_sales_excluding_cancellations,verified_mdb_journal_match,mdb_valid_pos_sales,megamanagepro-20260820T172552Z-1-001.zip::megamanagepro/DbPos.mdb,No notebook record exists for this date; ManagementPro is used as a gap fill. ManagementPro note: ManagementPro-recorded sales only; not confirmed complete store revenue.
2020-01-15,306.50,managementpro,managementpro_nonoverlap_gap_fill,ready_managementpro_gap_fill,,,,,306.50,306.50,gross_valid_pos_sales_excluding_cancellations,verified_mdb_journal_match,mdb_valid_pos_sales,megamanagepro-20260820T172552Z-1-001.zip::megamanagepro/DbPos.mdb,No notebook record exists for this date; ManagementPro is used as a gap fill. ManagementPro note: ManagementPro-recorded sales only; not confirmed complete store revenue.
2020-01-16,325.50,managementpro,managementpro_nonoverlap_gap_fill,ready_managementpro_gap_fill,,,,,325.50,325.50,gross_valid_pos_sales_excluding_cancellations,verified_mdb_journal_match,mdb_valid_pos_sales,megamanagepro-20260820T172552Z-1-001.zip::megamanagepro/DbPos.mdb,No notebook record exists for this date; ManagementPro is used as a gap fill. ManagementPro note: ManagementPro-recorded sales only; not confirmed complete store revenue.
2020-01-17,80.00,managementpro,managementpro_nonoverlap_gap_fill,ready_managementpro_gap_fill,,,,,80.00,80.00,gross_valid_pos_sales_excluding_cancellations,verified_mdb_journal_match,mdb_valid_pos_sales,megamanagepro-20260820T172552Z-1-001.zip::megamanagepro/DbPos.mdb,No notebook record exists for this date; ManagementPro is used as a gap fill. ManagementPro note: ManagementPro-recorded sales only; not confirmed complete store revenue.
2020-01-18,70.50,managementpro,managementpro_nonoverlap_gap_fill,ready_managementpro_gap_fill,,,,,70.50,70.50,gross_valid_pos_sales_excluding_cancellations,verified_mdb_journal_match,mdb_valid_pos_sales,megamanagepro-20260820T172552Z-1-001.zip::megamanagepro/DbPos.mdb,No notebook record exists for this date; ManagementPro is used as a gap fill. ManagementPro note: ManagementPro-recorded sales only; not confirmed complete store revenue.
2020-01-19,163.50,managementpro,managementpro_nonoverlap_gap_fill,ready_managementpro_gap_fill,,,,,163.50,163.50,gross_valid_pos_sales_excluding_cancellations,verified_mdb_journal_match,mdb_valid_pos_sales,megamanagepro-20260820T172552Z-1-001.zip::megamanagepro/DbPos.mdb,No notebook record exists for this date; ManagementPro is used as a gap fill. ManagementPro note: ManagementPro-recorded sales only; not confirmed complete store revenue.
2020-01-20,463.50,managementpro,managementpro_nonoverlap_gap_fill,ready_managementpro_gap_fill,,,,,463.50,463.50,gross_valid_pos_sales_excluding_cancellations,verified_mdb_journal_match,mdb_valid_pos_sales,megamanagepro-20260820T172552Z-1-001.zip::megamanagepro/DbPos.mdb,No notebook record exists for this date; ManagementPro is used as a gap fill. ManagementPro note: ManagementPro-recorded sales only; not confirmed complete store revenue.
2020-01-21,317.50,managementpro,managementpro_nonoverlap_gap_fill,ready_managementpro_gap_fill,,,,,317.50,317.50,gross_valid_pos_sales_excluding_cancellations,verified_mdb_journal_match,mdb_valid_pos_sales,megamanagepro-20260820T172552Z-1-001.zip::megamanagepro/DbPos.mdb,No notebook record exists for this date; ManagementPro is used as a gap fill. ManagementPro note: ManagementPro-recorded sales only; not confirmed complete store revenue.
2020-01-22,202.50,managementpro,managementpro_nonoverlap_gap_fill,ready_managementpro_gap_fill,,,,,202.50,202.50,gross_valid_pos_sales_excluding_cancellations,verified_mdb_journal_match,mdb_valid_pos_sales,megamanagepro-20260820T172552Z-1-001.zip::megamanagepro/DbPos.mdb,No notebook record exists for this date; ManagementPro is used as a gap fill. ManagementPro note: ManagementPro-recorded sales only; not confirmed complete store revenue.
2020-01-23,28.00,managementpro,managementpro_nonoverlap_gap_fill,ready_managementpro_gap_fill,,,,,28.00,28.00,gross_valid_pos_sales_excluding_cancellations,verified_mdb_journal_match,mdb_valid_pos_sales,megamanagepro-20260820T172552Z-1-001.zip::megamanagepro/DbPos.mdb,No notebook record exists for this date; ManagementPro is used as a gap fill. ManagementPro note: ManagementPro-recorded sales only; not confirmed complete store revenue.
2020-01-24,100.00,managementpro,managementpro_nonoverlap_gap_fill,ready_managementpro_gap_fill,,,,,100.00,100.00,gross_valid_pos_sales_excluding_cancellations,verified_mdb_journal_match,mdb_valid_pos_sales,megamanagepro-20260820T172552Z-1-001.zip::megamanagepro/DbPos.mdb,No notebook record exists for this date; ManagementPro is used as a gap fill. ManagementPro note: ManagementPro-recorded sales only; not confirmed complete store revenue.
2020-01-25,102.50,managementpro,managementpro_nonoverlap_gap_fill,ready_managementpro_gap_fill,,,,,102.50,102.50,gross_valid_pos_sales_excluding_cancellations,verified_mdb_journal_match,mdb_valid_pos_sales,megamanagepro-20260820T172552Z-1-001.zip::megamanagepro/DbPos.mdb,No notebook record exists for this date; ManagementPro is used as a gap fill. ManagementPro note: ManagementPro-recorded sales only; not confirmed complete store revenue.
2020-01-26,154.50,managementpro,managementpro_nonoverlap_gap_fill,ready_managementpro_gap_fill,,,,,154.50,154.50,gross_valid_pos_sales_excluding_cancellations,verified_mdb_journal_match,mdb_valid_pos_sales,megamanagepro-20260820T172552Z-1-001.zip::megamanagepro/DbPos.mdb,No notebook record exists for this date; ManagementPro is used as a gap fill. ManagementPro note: ManagementPro-recorded sales only; not confirmed complete store revenue.
2020-01-27,152.00,managementpro,managementpro_nonoverlap_gap_fill,ready_managementpro_gap_fill,,,,,152.00,152.00,gross_valid_pos_sales_excluding_cancellations,verified_mdb_journal_match,mdb_valid_pos_sales,megamanagepro-20260820T172552Z-1-001.zip::megamanagepro/DbPos.mdb,No notebook record exists for this date; ManagementPro is used as a gap fill. ManagementPro note: ManagementPro-recorded sales only; not confirmed complete store revenue.
2020-01-28,131.50,managementpro,managementpro_nonoverlap_gap_fill,ready_managementpro_gap_fill,,,,,131.50,131.50,gross_valid_pos_sales_excluding_cancellations,verified_mdb_journal_match,mdb_valid_pos_sales,megamanagepro-20260820T172552Z-1-001.zip::megamanagepro/DbPos.mdb,No notebook record exists for this date; ManagementPro is used as a gap fill. ManagementPro note: ManagementPro-recorded sales only; not confirmed complete store revenue.
2020-01-29,270.50,managementpro,managementpro_nonoverlap_gap_fill,ready_managementpro_gap_fill,,,,,270.50,270.50,gross_valid_pos_sales_excluding_cancellations,verified_mdb_journal_match,mdb_valid_pos_sales,megamanagepro-20260820T172552Z-1-001.zip::megamanagepro/DbPos.mdb,No notebook record exists for this date; ManagementPro is used as a gap fill. ManagementPro note: ManagementPro-recorded sales only; not confirmed complete store revenue.
2020-01-30,80.50,managementpro,managementpro_nonoverlap_gap_fill,ready_managementpro_gap_fill,,,,,80.50,80.50,gross_valid_pos_sales_excluding_cancellations,verified_mdb_journal_match,mdb_valid_pos_sales,megamanagepro-20260820T172552Z-1-001.zip::megamanagepro/DbPos.mdb,No notebook record exists for this date; ManagementPro is used as a gap fill. ManagementPro note: ManagementPro-recorded sales only; not confirmed complete store revenue.
2020-02-01,115.00,managementpro,managementpro_nonoverlap_gap_fill,ready_managementpro_gap_fill,,,,,115.00,115.00,gross_valid_pos_sales_excluding_cancellations,verified_mdb_journal_match,mdb_valid_pos_sales,megamanagepro-20260820T172552Z-1-001.zip::megamanagepro/DbPos.mdb,No notebook record exists for this date; ManagementPro is used as a gap fill. ManagementPro note: ManagementPro-recorded sales only; not confirmed complete store revenue.
2020-02-02,139.00,managementpro,managementpro_nonoverlap_gap_fill,ready_managementpro_gap_fill,,,,,139.00,139.00,gross_valid_pos_sales_excluding_cancellations,verified_mdb_journal_match,mdb_valid_pos_sales,megamanagepro-20260820T172552Z-1-001.zip::megamanagepro/DbPos.mdb,No notebook record exists for this date; ManagementPro is used as a gap fill. ManagementPro note: ManagementPro-recorded sales only; not confirmed complete store revenue.
2020-02-04,211.50,managementpro,managementpro_nonoverlap_gap_fill,ready_managementpro_gap_fill,,,,,211.50,211.50,gross_valid_pos_sales_excluding_cancellations,verified_mdb_journal_match,mdb_valid_pos_sales,megamanagepro-20260820T172552Z-1-001.zip::megamanagepro/DbPos.mdb,No notebook record exists for this date; ManagementPro is used as a gap fill. ManagementPro note: ManagementPro-recorded sales only; not confirmed complete store revenue.
2020-02-05,258.00,managementpro,managementpro_nonoverlap_gap_fill,ready_managementpro_gap_fill,,,,,258.00,258.00,gross_valid_pos_sales_excluding_cancellations,verified_mdb_journal_match,mdb_valid_pos_sales,megamanagepro-20260820T172552Z-1-001.zip::megamanagepro/DbPos.mdb,No notebook record exists for this date; ManagementPro is used as a gap fill. ManagementPro note: ManagementPro-recorded sales only; not confirmed complete store revenue.
2020-02-06,314.60,managementpro,managementpro_nonoverlap_gap_fill,ready_managementpro_gap_fill,,,,,314.60,314.60,gross_valid_pos_sales_excluding_cancellations,verified_mdb_journal_match,mdb_valid_pos_sales,megamanagepro-20260820T172552Z-1-001.zip::megamanagepro/DbPos.mdb,No notebook record exists for this date; ManagementPro is used as a gap fill. ManagementPro note: ManagementPro-recorded sales only; not confirmed complete store revenue.
2020-02-07,134.00,managementpro,managementpro_nonoverlap_gap_fill,ready_managementpro_gap_fill,,,,,134.00,134.00,gross_valid_pos_sales_excluding_cancellations,verified_mdb_journal_match,mdb_valid_pos_sales,megamanagepro-20260820T172552Z-1-001.zip::megamanagepro/DbPos.mdb,No notebook record exists for this date; ManagementPro is used as a gap fill. ManagementPro note: ManagementPro-recorded sales only; not confirmed complete store revenue.
2020-02-08,16.50,managementpro,managementpro_nonoverlap_gap_fill,ready_managementpro_gap_fill,,,,,16.50,16.50,gross_valid_pos_sales_excluding_cancellations,verified_mdb_journal_match,mdb_valid_pos_sales,megamanagepro-20260820T172552Z-1-001.zip::megamanagepro/DbPos.mdb,No notebook record exists for this date; ManagementPro is used as a gap fill. ManagementPro note: ManagementPro-recorded sales only; not confirmed complete store revenue.
2020-02-11,243.50,managementpro,managementpro_nonoverlap_gap_fill,ready_managementpro_gap_fill,,,,,243.50,243.50,gross_valid_pos_sales_excluding_cancellations,verified_mdb_journal_match,mdb_valid_pos_sales,megamanagepro-20260820T172552Z-1-001.zip::megamanagepro/DbPos.mdb,No notebook record exists for this date; ManagementPro is used as a gap fill. ManagementPro note: ManagementPro-recorded sales only; not confirmed complete store revenue.
2020-02-12,133.00,managementpro,managementpro_nonoverlap_gap_fill,ready_managementpro_gap_fill,,,,,133.00,133.00,gross_valid_pos_sales_excluding_cancellations,verified_mdb_journal_match,mdb_valid_pos_sales,megamanagepro-20260820T172552Z-1-001.zip::megamanagepro/DbPos.mdb,No notebook record exists for this date; ManagementPro is used as a gap fill. ManagementPro note: ManagementPro-recorded sales only; not confirmed complete store revenue.
2020-02-13,531.00,managementpro,managementpro_nonoverlap_gap_fill,ready_managementpro_gap_fill,,,,,531.00,531.00,gross_valid_pos_sales_excluding_cancellations,verified_mdb_journal_match,mdb_valid_pos_sales,megamanagepro-20260820T172552Z-1-001.zip::megamanagepro/DbPos.mdb,No notebook record exists for this date; ManagementPro is used as a gap fill. ManagementPro note: ManagementPro-recorded sales only; not confirmed complete store revenue.
2020-02-14,28.00,managementpro,managementpro_nonoverlap_gap_fill,ready_managementpro_gap_fill,,,,,28.00,28.00,gross_valid_pos_sales_excluding_cancellations,verified_mdb_journal_match,mdb_valid_pos_sales,megamanagepro-20260820T172552Z-1-001.zip::megamanagepro/DbPos.mdb,No notebook record exists for this date; ManagementPro is used as a gap fill. ManagementPro note: ManagementPro-recorded sales only; not confirmed complete store revenue.
2020-02-15,47.00,managementpro,managementpro_nonoverlap_gap_fill,ready_managementpro_gap_fill,,,,,47.00,47.00,gross_valid_pos_sales_excluding_cancellations,verified_mdb_journal_match,mdb_valid_pos_sales,megamanagepro-20260820T172552Z-1-001.zip::megamanagepro/DbPos.mdb,No notebook record exists for this date; ManagementPro is used as a gap fill. ManagementPro note: ManagementPro-recorded sales only; not confirmed complete store revenue.
2020-02-16,36.00,managementpro,managementpro_nonoverlap_gap_fill,ready_managementpro_gap_fill,,,,,36.00,36.00,gross_valid_pos_sales_excluding_cancellations,verified_mdb_journal_match,mdb_valid_pos_sales,megamanagepro-20260820T172552Z-1-001.zip::megamanagepro/DbPos.mdb,No notebook record exists for this date; ManagementPro is used as a gap fill. ManagementPro note: ManagementPro-recorded sales only; not confirmed complete store revenue.
2020-02-17,435.00,managementpro,managementpro_nonoverlap_gap_fill,ready_managementpro_gap_fill,,,,,435.00,435.00,gross_valid_pos_sales_excluding_cancellations,verified_mdb_journal_match,mdb_valid_pos_sales,megamanagepro-20260820T172552Z-1-001.zip::megamanagepro/DbPos.mdb,No notebook record exists for this date; ManagementPro is used as a gap fill. ManagementPro note: ManagementPro-recorded sales only; not confirmed complete store revenue.
2020-02-18,110.00,managementpro,managementpro_nonoverlap_gap_fill,ready_managementpro_gap_fill,,,,,110.00,110.00,gross_valid_pos_sales_excluding_cancellations,verified_mdb_journal_match,mdb_valid_pos_sales,megamanagepro-20260820T172552Z-1-001.zip::megamanagepro/DbPos.mdb,No notebook record exists for this date; ManagementPro is used as a gap fill. ManagementPro note: ManagementPro-recorded sales only; not confirmed complete store revenue.
2020-02-19,291.00,managementpro,managementpro_nonoverlap_gap_fill,ready_managementpro_gap_fill,,,,,291.00,291.00,gross_valid_pos_sales_excluding_cancellations,verified_mdb_journal_match,mdb_valid_pos_sales,megamanagepro-20260820T172552Z-1-001.zip::megamanagepro/DbPos.mdb,No notebook record exists for this date; ManagementPro is used as a gap fill. ManagementPro note: ManagementPro-recorded sales only; not confirmed complete store revenue.
2020-02-20,203.00,managementpro,managementpro_nonoverlap_gap_fill,ready_managementpro_gap_fill,,,,,203.00,203.00,gross_valid_pos_sales_excluding_cancellations,verified_mdb_journal_match,mdb_valid_pos_sales,megamanagepro-20260820T172552Z-1-001.zip::megamanagepro/DbPos.mdb,No notebook record exists for this date; ManagementPro is used as a gap fill. ManagementPro note: ManagementPro-recorded sales only; not confirmed complete store revenue.
2020-02-21,71.00,managementpro,managementpro_nonoverlap_gap_fill,ready_managementpro_gap_fill,,,,,71.00,71.00,gross_valid_pos_sales_excluding_cancellations,verified_mdb_journal_match,mdb_valid_pos_sales,megamanagepro-20260820T172552Z-1-001.zip::megamanagepro/DbPos.mdb,No notebook record exists for this date; ManagementPro is used as a gap fill. ManagementPro note: ManagementPro-recorded sales only; not confirmed complete store revenue.
2020-02-22,106.00,managementpro,managementpro_nonoverlap_gap_fill,ready_managementpro_gap_fill,,,,,106.00,106.00,gross_valid_pos_sales_excluding_cancellations,verified_mdb_journal_match,mdb_valid_pos_sales,megamanagepro-20260820T172552Z-1-001.zip::megamanagepro/DbPos.mdb,No notebook record exists for this date; ManagementPro is used as a gap fill. ManagementPro note: ManagementPro-recorded sales only; not confirmed complete store revenue.
2020-02-23,169.50,managementpro,managementpro_nonoverlap_gap_fill,ready_managementpro_gap_fill,,,,,169.50,169.50,gross_valid_pos_sales_excluding_cancellations,verified_mdb_journal_match,mdb_valid_pos_sales,megamanagepro-20260820T172552Z-1-001.zip::megamanagepro/DbPos.mdb,No notebook record exists for this date; ManagementPro is used as a gap fill. ManagementPro note: ManagementPro-recorded sales only; not confirmed complete store revenue.
2020-02-24,353.50,managementpro,managementpro_nonoverlap_gap_fill,ready_managementpro_gap_fill,,,,,353.50,353.50,gross_valid_pos_sales_excluding_cancellations,verified_mdb_journal_match,mdb_valid_pos_sales,megamanagepro-20260820T172552Z-1-001.zip::megamanagepro/DbPos.mdb,No notebook record exists for this date; ManagementPro is used as a gap fill. ManagementPro note: ManagementPro-recorded sales only; not confirmed complete store revenue.
2020-02-25,183.50,managementpro,managementpro_nonoverlap_gap_fill,ready_managementpro_gap_fill,,,,,183.50,183.50,gross_valid_pos_sales_excluding_cancellations,verified_mdb_journal_match,mdb_valid_pos_sales,megamanagepro-20260820T172552Z-1-001.zip::megamanagepro/DbPos.mdb,No notebook record exists for this date; ManagementPro is used as a gap fill. ManagementPro note: ManagementPro-recorded sales only; not confirmed complete store revenue.
2020-02-26,148.00,managementpro,managementpro_nonoverlap_gap_fill,ready_managementpro_gap_fill,,,,,148.00,148.00,gross_valid_pos_sales_excluding_cancellations,verified_mdb_journal_match,mdb_valid_pos_sales,megamanagepro-20260820T172552Z-1-001.zip::megamanagepro/DbPos.mdb,No notebook record exists for this date; ManagementPro is used as a gap fill. ManagementPro note: ManagementPro-recorded sales only; not confirmed complete store revenue.
2020-02-27,311.50,managementpro,managementpro_nonoverlap_gap_fill,ready_managementpro_gap_fill,,,,,311.50,311.50,gross_valid_pos_sales_excluding_cancellations,verified_mdb_journal_match,mdb_valid_pos_sales,megamanagepro-20260820T172552Z-1-001.zip::megamanagepro/DbPos.mdb,No notebook record exists for this date; ManagementPro is used as a gap fill. ManagementPro note: ManagementPro-recorded sales only; not confirmed complete store revenue.
2020-02-28,98.50,managementpro,managementpro_nonoverlap_gap_fill,ready_managementpro_gap_fill,,,,,98.50,98.50,gross_valid_pos_sales_excluding_cancellations,verified_mdb_journal_match,mdb_valid_pos_sales,megamanagepro-20260820T172552Z-1-001.zip::megamanagepro/DbPos.mdb,No notebook record exists for this date; ManagementPro is used as a gap fill. ManagementPro note: ManagementPro-recorded sales only; not confirmed complete store revenue.
2020-03-01,97.50,managementpro,managementpro_nonoverlap_gap_fill,ready_managementpro_gap_fill,,,,,97.50,97.50,gross_valid_pos_sales_excluding_cancellations,verified_mdb_journal_match,mdb_valid_pos_sales,megamanagepro-20260820T172552Z-1-001.zip::megamanagepro/DbPos.mdb,No notebook record exists for this date; ManagementPro is used as a gap fill. ManagementPro note: ManagementPro-recorded sales only; not confirmed complete store revenue.
2020-03-02,402.00,managementpro,managementpro_nonoverlap_gap_fill,ready_managementpro_gap_fill,,,,,402.00,402.00,gross_valid_pos_sales_excluding_cancellations,verified_mdb_journal_match,mdb_valid_pos_sales,megamanagepro-20260820T172552Z-1-001.zip::megamanagepro/DbPos.mdb,No notebook record exists for this date; ManagementPro is used as a gap fill. ManagementPro note: ManagementPro-recorded sales only; not confirmed complete store revenue.
2020-03-03,157.50,managementpro,managementpro_nonoverlap_gap_fill,ready_managementpro_gap_fill,,,,,157.50,157.50,gross_valid_pos_sales_excluding_cancellations,verified_mdb_journal_match,mdb_valid_pos_sales,megamanagepro-20260820T172552Z-1-001.zip::megamanagepro/DbPos.mdb,No notebook record exists for this date; ManagementPro is used as a gap fill. ManagementPro note: ManagementPro-recorded sales only; not confirmed complete store revenue.
2020-03-04,298.00,managementpro,managementpro_nonoverlap_gap_fill,ready_managementpro_gap_fill,,,,,298.00,298.00,gross_valid_pos_sales_excluding_cancellations,verified_mdb_journal_match,mdb_valid_pos_sales,megamanagepro-20260820T172552Z-1-001.zip::megamanagepro/DbPos.mdb,No notebook record exists for this date; ManagementPro is used as a gap fill. ManagementPro note: ManagementPro-recorded sales only; not confirmed complete store revenue.
2020-03-05,337.50,managementpro,managementpro_nonoverlap_gap_fill,ready_managementpro_gap_fill,,,,,337.50,337.50,gross_valid_pos_sales_excluding_cancellations,verified_mdb_journal_match,mdb_valid_pos_sales,megamanagepro-20260820T172552Z-1-001.zip::megamanagepro/DbPos.mdb,No notebook record exists for this date; ManagementPro is used as a gap fill. ManagementPro note: ManagementPro-recorded sales only; not confirmed complete store revenue.
2020-03-06,257.50,managementpro,managementpro_nonoverlap_gap_fill,ready_managementpro_gap_fill,,,,,257.50,257.50,gross_valid_pos_sales_excluding_cancellations,verified_mdb_journal_match,mdb_valid_pos_sales,megamanagepro-20260820T172552Z-1-001.zip::megamanagepro/DbPos.mdb,No notebook record exists for this date; ManagementPro is used as a gap fill. ManagementPro note: ManagementPro-recorded sales only; not confirmed complete store revenue.
2020-03-07,33.50,managementpro,managementpro_nonoverlap_gap_fill,ready_managementpro_gap_fill,,,,,33.50,33.50,gross_valid_pos_sales_excluding_cancellations,verified_mdb_journal_match,mdb_valid_pos_sales,megamanagepro-20260820T172552Z-1-001.zip::megamanagepro/DbPos.mdb,No notebook record exists for this date; ManagementPro is used as a gap fill. ManagementPro note: ManagementPro-recorded sales only; not confirmed complete store revenue.
2020-03-08,14.50,managementpro,managementpro_nonoverlap_gap_fill,ready_managementpro_gap_fill,,,,,14.50,14.50,gross_valid_pos_sales_excluding_cancellations,verified_mdb_journal_match,mdb_valid_pos_sales,megamanagepro-20260820T172552Z-1-001.zip::megamanagepro/DbPos.mdb,No notebook record exists for this date; ManagementPro is used as a gap fill. ManagementPro note: ManagementPro-recorded sales only; not confirmed complete store revenue.
2020-03-10,202.50,managementpro,managementpro_nonoverlap_gap_fill,ready_managementpro_gap_fill,,,,,202.50,202.50,gross_valid_pos_sales_excluding_cancellations,verified_mdb_journal_match,mdb_valid_pos_sales,megamanagepro-20260820T172552Z-1-001.zip::megamanagepro/DbPos.mdb,No notebook record exists for this date; ManagementPro is used as a gap fill. ManagementPro note: ManagementPro-recorded sales only; not confirmed complete store revenue.
2020-03-11,211.00,managementpro,managementpro_nonoverlap_gap_fill,ready_managementpro_gap_fill,,,,,211.00,211.00,gross_valid_pos_sales_excluding_cancellations,verified_mdb_journal_match,mdb_valid_pos_sales,megamanagepro-20260820T172552Z-1-001.zip::megamanagepro/DbPos.mdb,No notebook record exists for this date; ManagementPro is used as a gap fill. ManagementPro note: ManagementPro-recorded sales only; not confirmed complete store revenue.
2020-03-12,79.50,managementpro,managementpro_nonoverlap_gap_fill,ready_managementpro_gap_fill,,,,,79.50,79.50,gross_valid_pos_sales_excluding_cancellations,verified_mdb_journal_match,mdb_valid_pos_sales,megamanagepro-20260820T172552Z-1-001.zip::megamanagepro/DbPos.mdb,No notebook record exists for this date; ManagementPro is used as a gap fill. ManagementPro note: ManagementPro-recorded sales only; not confirmed complete store revenue.
2020-03-13,85.50,managementpro,managementpro_nonoverlap_gap_fill,ready_managementpro_gap_fill,,,,,85.50,85.50,gross_valid_pos_sales_excluding_cancellations,verified_mdb_journal_match,mdb_valid_pos_sales,megamanagepro-20260820T172552Z-1-001.zip::megamanagepro/DbPos.mdb,No notebook record exists for this date; ManagementPro is used as a gap fill. ManagementPro note: ManagementPro-recorded sales only; not confirmed complete store revenue.
2020-03-14,115.50,managementpro,managementpro_nonoverlap_gap_fill,ready_managementpro_gap_fill,,,,,115.50,115.50,gross_valid_pos_sales_excluding_cancellations,verified_mdb_journal_match,mdb_valid_pos_sales,megamanagepro-20260820T172552Z-1-001.zip::megamanagepro/DbPos.mdb,No notebook record exists for this date; ManagementPro is used as a gap fill. ManagementPro note: ManagementPro-recorded sales only; not confirmed complete store revenue.
2020-03-15,169.50,managementpro,managementpro_nonoverlap_gap_fill,ready_managementpro_gap_fill,,,,,169.50,169.50,gross_valid_pos_sales_excluding_cancellations,verified_mdb_journal_match,mdb_valid_pos_sales,megamanagepro-20260820T172552Z-1-001.zip::megamanagepro/DbPos.mdb,No notebook record exists for this date; ManagementPro is used as a gap fill. ManagementPro note: ManagementPro-recorded sales only; not confirmed complete store revenue.
2020-03-17,98.00,managementpro,managementpro_nonoverlap_gap_fill,ready_managementpro_gap_fill,,,,,98.00,98.00,gross_valid_pos_sales_excluding_cancellations,verified_mdb_journal_match,mdb_valid_pos_sales,megamanagepro-20260820T172552Z-1-001.zip::megamanagepro/DbPos.mdb,No notebook record exists for this date; ManagementPro is used as a gap fill. ManagementPro note: ManagementPro-recorded sales only; not confirmed complete store revenue.
2020-03-18,260.00,managementpro,managementpro_nonoverlap_gap_fill,ready_managementpro_gap_fill,,,,,260.00,260.00,gross_valid_pos_sales_excluding_cancellations,verified_mdb_journal_match,mdb_valid_pos_sales,megamanagepro-20260820T172552Z-1-001.zip::megamanagepro/DbPos.mdb,No notebook record exists for this date; ManagementPro is used as a gap fill. ManagementPro note: ManagementPro-recorded sales only; not confirmed complete store revenue.
2020-03-19,82.50,managementpro,managementpro_nonoverlap_gap_fill,ready_managementpro_gap_fill,,,,,82.50,82.50,gross_valid_pos_sales_excluding_cancellations,verified_mdb_journal_match,mdb_valid_pos_sales,megamanagepro-20260820T172552Z-1-001.zip::megamanagepro/DbPos.mdb,No notebook record exists for this date; ManagementPro is used as a gap fill. ManagementPro note: ManagementPro-recorded sales only; not confirmed complete store revenue.
2020-03-20,78.00,managementpro,managementpro_nonoverlap_gap_fill,ready_managementpro_gap_fill,,,,,78.00,78.00,gross_valid_pos_sales_excluding_cancellations,verified_mdb_journal_match,mdb_valid_pos_sales,megamanagepro-20260820T172552Z-1-001.zip::megamanagepro/DbPos.mdb,No notebook record exists for this date; ManagementPro is used as a gap fill. ManagementPro note: ManagementPro-recorded sales only; not confirmed complete store revenue.
2020-03-21,167.00,managementpro,managementpro_nonoverlap_gap_fill,ready_managementpro_gap_fill,,,,,167.00,57.00,gross_valid_pos_sales_excluding_cancellations,review_mdb_journal_difference,mdb_valid_pos_sales,megamanagepro-20260820T172552Z-1-001.zip::megamanagepro/DbPos.mdb,No notebook record exists for this date; ManagementPro is used as a gap fill. ManagementPro note: ManagementPro-recorded sales only; not confirmed complete store revenue. Authoritative MDB differs from journal audit by 110.00 MXN.
2020-03-30,110.00,managementpro,managementpro_nonoverlap_gap_fill,ready_managementpro_gap_fill,,,,,110.00,110.00,completed_journal_sales_cut_reconciled,adjudicated_journal_only_cut_match,journal_completed_sales,mpro-pos-20260820T172538Z-1-001.zip::mpro-pos/JOURNAL/00010120200330.jrn,No notebook record exists for this date; ManagementPro is used as a gap fill. ManagementPro note: ManagementPro-recorded sales only; not confirmed complete store revenue. No corresponding valid Venta rows in the canonical MDB; retained from the journal audit.
2020-03-31,185.50,managementpro,managementpro_nonoverlap_gap_fill,ready_managementpro_gap_fill,,,,,185.50,185.50,gross_valid_pos_sales_excluding_cancellations,verified_mdb_journal_match,mdb_valid_pos_sales,megamanagepro-20260820T172552Z-1-001.zip::megamanagepro/DbPos.mdb,No notebook record exists for this date; ManagementPro is used as a gap fill. ManagementPro note: ManagementPro-recorded sales only; not confirmed complete store revenue.
2020-06-01,146.00,managementpro,managementpro_nonoverlap_gap_fill,ready_managementpro_gap_fill,,,,,146.00,146.00,gross_valid_pos_sales_excluding_cancellations,verified_mdb_journal_match,mdb_valid_pos_sales,megamanagepro-20260820T172552Z-1-001.zip::megamanagepro/DbPos.mdb,No notebook record exists for this date; ManagementPro is used as a gap fill. ManagementPro note: ManagementPro-recorded sales only; not confirmed complete store revenue.
2020-06-02,125.00,managementpro,managementpro_nonoverlap_gap_fill,ready_managementpro_gap_fill,,,,,125.00,125.00,gross_valid_pos_sales_excluding_cancellations,verified_mdb_journal_match,mdb_valid_pos_sales,megamanagepro-20260820T172552Z-1-001.zip::megamanagepro/DbPos.mdb,No notebook record exists for this date; ManagementPro is used as a gap fill. ManagementPro note: ManagementPro-recorded sales only; not confirmed complete store revenue.
2020-06-03,57.00,managementpro,managementpro_nonoverlap_gap_fill,ready_managementpro_gap_fill,,,,,57.00,57.00,gross_valid_pos_sales_excluding_cancellations,verified_mdb_journal_match,mdb_valid_pos_sales,megamanagepro-20260820T172552Z-1-001.zip::megamanagepro/DbPos.mdb,No notebook record exists for this date; ManagementPro is used as a gap fill. ManagementPro note: ManagementPro-recorded sales only; not confirmed complete store revenue.
2020-06-04,122.50,managementpro,managementpro_nonoverlap_gap_fill,ready_managementpro_gap_fill,,,,,122.50,122.50,gross_valid_pos_sales_excluding_cancellations,verified_mdb_journal_match,mdb_valid_pos_sales,megamanagepro-20260820T172552Z-1-001.zip::megamanagepro/DbPos.mdb,No notebook record exists for this date; ManagementPro is used as a gap fill. ManagementPro note: ManagementPro-recorded sales only; not confirmed complete store revenue.
2020-06-05,68.00,managementpro,managementpro_nonoverlap_gap_fill,ready_managementpro_gap_fill,,,,,68.00,68.00,gross_valid_pos_sales_excluding_cancellations,verified_mdb_journal_match,mdb_valid_pos_sales,megamanagepro-20260820T172552Z-1-001.zip::megamanagepro/DbPos.mdb,No notebook record exists for this date; ManagementPro is used as a gap fill. ManagementPro note: ManagementPro-recorded sales only; not confirmed complete store revenue.
2020-06-06,75.50,managementpro,managementpro_nonoverlap_gap_fill,ready_managementpro_gap_fill,,,,,75.50,75.50,gross_valid_pos_sales_excluding_cancellations,verified_mdb_journal_match,mdb_valid_pos_sales,megamanagepro-20260820T172552Z-1-001.zip::megamanagepro/DbPos.mdb,No notebook record exists for this date; ManagementPro is used as a gap fill. ManagementPro note: ManagementPro-recorded sales only; not confirmed complete store revenue.
2020-06-07,27.00,managementpro,managementpro_nonoverlap_gap_fill,ready_managementpro_gap_fill,,,,,27.00,27.00,gross_valid_pos_sales_excluding_cancellations,verified_mdb_journal_match,mdb_valid_pos_sales,megamanagepro-20260820T172552Z-1-001.zip::megamanagepro/DbPos.mdb,No notebook record exists for this date; ManagementPro is used as a gap fill. ManagementPro note: ManagementPro-recorded sales only; not confirmed complete store revenue.
2020-06-08,147.50,managementpro,managementpro_nonoverlap_gap_fill,ready_managementpro_gap_fill,,,,,147.50,147.50,gross_valid_pos_sales_excluding_cancellations,verified_mdb_journal_match,mdb_valid_pos_sales,megamanagepro-20260820T172552Z-1-001.zip::megamanagepro/DbPos.mdb,No notebook record exists for this date; ManagementPro is used as a gap fill. ManagementPro note: ManagementPro-recorded sales only; not confirmed complete store revenue.
2020-06-09,81.00,managementpro,managementpro_nonoverlap_gap_fill,ready_managementpro_gap_fill,,,,,81.00,81.00,gross_valid_pos_sales_excluding_cancellations,verified_mdb_journal_match,mdb_valid_pos_sales,megamanagepro-20260820T172552Z-1-001.zip::megamanagepro/DbPos.mdb,No notebook record exists for this date; ManagementPro is used as a gap fill. ManagementPro note: ManagementPro-recorded sales only; not confirmed complete store revenue.
2020-06-10,106.00,managementpro,managementpro_nonoverlap_gap_fill,ready_managementpro_gap_fill,,,,,106.00,106.00,gross_valid_pos_sales_excluding_cancellations,verified_mdb_journal_match,mdb_valid_pos_sales,megamanagepro-20260820T172552Z-1-001.zip::megamanagepro/DbPos.mdb,No notebook record exists for this date; ManagementPro is used as a gap fill. ManagementPro note: ManagementPro-recorded sales only; not confirmed complete store revenue.
2020-06-11,203.50,managementpro,managementpro_nonoverlap_gap_fill,ready_managementpro_gap_fill,,,,,203.50,203.50,gross_valid_pos_sales_excluding_cancellations,verified_mdb_journal_match,mdb_valid_pos_sales,megamanagepro-20260820T172552Z-1-001.zip::megamanagepro/DbPos.mdb,No notebook record exists for this date; ManagementPro is used as a gap fill. ManagementPro note: ManagementPro-recorded sales only; not confirmed complete store revenue.
2020-06-12,10.00,managementpro,managementpro_nonoverlap_gap_fill,ready_managementpro_gap_fill,,,,,10.00,10.00,gross_valid_pos_sales_excluding_cancellations,verified_mdb_journal_match,mdb_valid_pos_sales,megamanagepro-20260820T172552Z-1-001.zip::megamanagepro/DbPos.mdb,No notebook record exists for this date; ManagementPro is used as a gap fill. ManagementPro note: ManagementPro-recorded sales only; not confirmed complete store revenue.
2020-06-13,33.00,managementpro,managementpro_nonoverlap_gap_fill,ready_managementpro_gap_fill,,,,,33.00,33.00,gross_valid_pos_sales_excluding_cancellations,verified_mdb_journal_match,mdb_valid_pos_sales,megamanagepro-20260820T172552Z-1-001.zip::megamanagepro/DbPos.mdb,No notebook record exists for this date; ManagementPro is used as a gap fill. ManagementPro note: ManagementPro-recorded sales only; not confirmed complete store revenue.
2020-06-14,99.50,managementpro,managementpro_nonoverlap_gap_fill,ready_managementpro_gap_fill,,,,,99.50,99.50,gross_valid_pos_sales_excluding_cancellations,verified_mdb_journal_match,mdb_valid_pos_sales,megamanagepro-20260820T172552Z-1-001.zip::megamanagepro/DbPos.mdb,No notebook record exists for this date; ManagementPro is used as a gap fill. ManagementPro note: ManagementPro-recorded sales only; not confirmed complete store revenue.
2020-06-15,213.00,managementpro,managementpro_nonoverlap_gap_fill,ready_managementpro_gap_fill,,,,,213.00,213.00,gross_valid_pos_sales_excluding_cancellations,verified_mdb_journal_match,mdb_valid_pos_sales,megamanagepro-20260820T172552Z-1-001.zip::megamanagepro/DbPos.mdb,No notebook record exists for this date; ManagementPro is used as a gap fill. ManagementPro note: ManagementPro-recorded sales only; not confirmed complete store revenue.
2020-06-16,135.00,managementpro,managementpro_nonoverlap_gap_fill,ready_managementpro_gap_fill,,,,,135.00,135.00,gross_valid_pos_sales_excluding_cancellations,verified_mdb_journal_match,mdb_valid_pos_sales,megamanagepro-20260820T172552Z-1-001.zip::megamanagepro/DbPos.mdb,No notebook record exists for this date; ManagementPro is used as a gap fill. ManagementPro note: ManagementPro-recorded sales only; not confirmed complete store revenue.
2020-06-17,207.00,managementpro,managementpro_nonoverlap_gap_fill,ready_managementpro_gap_fill,,,,,207.00,207.00,gross_valid_pos_sales_excluding_cancellations,verified_mdb_journal_match,mdb_valid_pos_sales,megamanagepro-20260820T172552Z-1-001.zip::megamanagepro/DbPos.mdb,No notebook record exists for this date; ManagementPro is used as a gap fill. ManagementPro note: ManagementPro-recorded sales only; not confirmed complete store revenue.
2020-06-18,67.50,managementpro,managementpro_nonoverlap_gap_fill,ready_managementpro_gap_fill,,,,,67.50,67.50,gross_valid_pos_sales_excluding_cancellations,verified_mdb_journal_match,mdb_valid_pos_sales,megamanagepro-20260820T172552Z-1-001.zip::megamanagepro/DbPos.mdb,No notebook record exists for this date; ManagementPro is used as a gap fill. ManagementPro note: ManagementPro-recorded sales only; not confirmed complete store revenue.
2020-06-19,74.50,managementpro,managementpro_nonoverlap_gap_fill,ready_managementpro_gap_fill,,,,,74.50,74.50,gross_valid_pos_sales_excluding_cancellations,verified_mdb_journal_match,mdb_valid_pos_sales,megamanagepro-20260820T172552Z-1-001.zip::megamanagepro/DbPos.mdb,No notebook record exists for this date; ManagementPro is used as a gap fill. ManagementPro note: ManagementPro-recorded sales only; not confirmed complete store revenue.
2020-06-20,92.00,managementpro,managementpro_nonoverlap_gap_fill,ready_managementpro_gap_fill,,,,,92.00,92.00,gross_valid_pos_sales_excluding_cancellations,verified_mdb_journal_match,mdb_valid_pos_sales,megamanagepro-20260820T172552Z-1-001.zip::megamanagepro/DbPos.mdb,No notebook record exists for this date; ManagementPro is used as a gap fill. ManagementPro note: ManagementPro-recorded sales only; not confirmed complete store revenue.
2020-06-21,35.50,managementpro,managementpro_nonoverlap_gap_fill,ready_managementpro_gap_fill,,,,,35.50,35.50,gross_valid_pos_sales_excluding_cancellations,verified_mdb_journal_match,mdb_valid_pos_sales,megamanagepro-20260820T172552Z-1-001.zip::megamanagepro/DbPos.mdb,No notebook record exists for this date; ManagementPro is used as a gap fill. ManagementPro note: ManagementPro-recorded sales only; not confirmed complete store revenue.
2020-06-22,80.50,managementpro,managementpro_nonoverlap_gap_fill,ready_managementpro_gap_fill,,,,,80.50,17.00,gross_valid_pos_sales_excluding_cancellations,review_mdb_journal_difference,mdb_valid_pos_sales,megamanagepro-20260820T172552Z-1-001.zip::megamanagepro/DbPos.mdb,No notebook record exists for this date; ManagementPro is used as a gap fill. ManagementPro note: ManagementPro-recorded sales only; not confirmed complete store revenue. Authoritative MDB differs from journal audit by 63.50 MXN.
2020-06-23,,managementpro,managementpro_nonoverlap_gap_fill,unresolved_managementpro_blank,,,,,,63.50,unresolved_journal_candidate,review_possible_date_shift_duplicate,journal_completed_sales,mpro-pos-20260820T172538Z-1-001.zip::mpro-pos/JOURNAL/00010120200623.jrn,"No notebook record exists for this date; ManagementPro is used as a gap fill. ManagementPro amount is unresolved and intentionally left blank, not zero. ManagementPro note: ManagementPro-recorded sales only; not confirmed complete store revenue. Candidate amount is preserved in journal_sales_mxn but intentionally excluded from amount_mxn pending date/duplicate review. No corresponding valid Venta rows in the canonical MDB; retained from the journal audit."
2020-06-24,19.00,managementpro,managementpro_nonoverlap_gap_fill,ready_managementpro_gap_fill,,,,,19.00,19.00,gross_valid_pos_sales_excluding_cancellations,verified_mdb_journal_match,mdb_valid_pos_sales,megamanagepro-20260820T172552Z-1-001.zip::megamanagepro/DbPos.mdb,No notebook record exists for this date; ManagementPro is used as a gap fill. ManagementPro note: ManagementPro-recorded sales only; not confirmed complete store revenue.
2020-06-25,65.00,managementpro,managementpro_nonoverlap_gap_fill,ready_managementpro_gap_fill,,,,,65.00,65.00,gross_valid_pos_sales_excluding_cancellations,verified_mdb_journal_match,mdb_valid_pos_sales,megamanagepro-20260820T172552Z-1-001.zip::megamanagepro/DbPos.mdb,No notebook record exists for this date; ManagementPro is used as a gap fill. ManagementPro note: ManagementPro-recorded sales only; not confirmed complete store revenue.
2020-06-26,54.00,managementpro,managementpro_nonoverlap_gap_fill,ready_managementpro_gap_fill,,,,,54.00,54.00,gross_valid_pos_sales_excluding_cancellations,verified_mdb_journal_match,mdb_valid_pos_sales,megamanagepro-20260820T172552Z-1-001.zip::megamanagepro/DbPos.mdb,No notebook record exists for this date; ManagementPro is used as a gap fill. ManagementPro note: ManagementPro-recorded sales only; not confirmed complete store revenue.
2020-06-27,12.00,managementpro,managementpro_nonoverlap_gap_fill,ready_managementpro_gap_fill,,,,,12.00,12.00,gross_valid_pos_sales_excluding_cancellations,verified_mdb_journal_match,mdb_valid_pos_sales,megamanagepro-20260820T172552Z-1-001.zip::megamanagepro/DbPos.mdb,No notebook record exists for this date; ManagementPro is used as a gap fill. ManagementPro note: ManagementPro-recorded sales only; not confirmed complete store revenue.
2020-06-28,67.50,managementpro,managementpro_nonoverlap_gap_fill,ready_managementpro_gap_fill,,,,,67.50,67.50,gross_valid_pos_sales_excluding_cancellations,verified_mdb_journal_match,mdb_valid_pos_sales,megamanagepro-20260820T172552Z-1-001.zip::megamanagepro/DbPos.mdb,No notebook record exists for this date; ManagementPro is used as a gap fill. ManagementPro note: ManagementPro-recorded sales only; not confirmed complete store revenue.
2020-06-29,122.00,managementpro,managementpro_nonoverlap_gap_fill,ready_managementpro_gap_fill,,,,,122.00,122.00,gross_valid_pos_sales_excluding_cancellations,verified_mdb_journal_match,mdb_valid_pos_sales,megamanagepro-20260820T172552Z-1-001.zip::megamanagepro/DbPos.mdb,No notebook record exists for this date; ManagementPro is used as a gap fill. ManagementPro note: ManagementPro-recorded sales only; not confirmed complete store revenue.
2020-06-30,118.00,managementpro,managementpro_nonoverlap_gap_fill,ready_managementpro_gap_fill,,,,,118.00,118.00,gross_valid_pos_sales_excluding_cancellations,verified_mdb_journal_match,mdb_valid_pos_sales,megamanagepro-20260820T172552Z-1-001.zip::megamanagepro/DbPos.mdb,No notebook record exists for this date; ManagementPro is used as a gap fill. ManagementPro note: ManagementPro-recorded sales only; not confirmed complete store revenue.
2020-07-01,117.50,managementpro,managementpro_nonoverlap_gap_fill,ready_managementpro_gap_fill,,,,,117.50,117.50,gross_valid_pos_sales_excluding_cancellations,verified_mdb_journal_match,mdb_valid_pos_sales,megamanagepro-20260820T172552Z-1-001.zip::megamanagepro/DbPos.mdb,No notebook record exists for this date; ManagementPro is used as a gap fill. ManagementPro note: ManagementPro-recorded sales only; not confirmed complete store revenue.
2020-07-02,38.50,managementpro,managementpro_nonoverlap_gap_fill,ready_managementpro_gap_fill,,,,,38.50,38.50,gross_valid_pos_sales_excluding_cancellations,verified_mdb_journal_match,mdb_valid_pos_sales,megamanagepro-20260820T172552Z-1-001.zip::megamanagepro/DbPos.mdb,No notebook record exists for this date; ManagementPro is used as a gap fill. ManagementPro note: ManagementPro-recorded sales only; not confirmed complete store revenue.
2020-07-03,37.00,managementpro,managementpro_nonoverlap_gap_fill,ready_managementpro_gap_fill,,,,,37.00,37.00,gross_valid_pos_sales_excluding_cancellations,verified_mdb_journal_match,mdb_valid_pos_sales,megamanagepro-20260820T172552Z-1-001.zip::megamanagepro/DbPos.mdb,No notebook record exists for this date; ManagementPro is used as a gap fill. ManagementPro note: ManagementPro-recorded sales only; not confirmed complete store revenue.
2020-07-04,23.00,managementpro,managementpro_nonoverlap_gap_fill,ready_managementpro_gap_fill,,,,,23.00,23.00,gross_valid_pos_sales_excluding_cancellations,verified_mdb_journal_match,mdb_valid_pos_sales,megamanagepro-20260820T172552Z-1-001.zip::megamanagepro/DbPos.mdb,No notebook record exists for this date; ManagementPro is used as a gap fill. ManagementPro note: ManagementPro-recorded sales only; not confirmed complete store revenue.
2020-07-05,37.00,managementpro,managementpro_nonoverlap_gap_fill,ready_managementpro_gap_fill,,,,,37.00,37.00,gross_valid_pos_sales_excluding_cancellations,verified_mdb_journal_match,mdb_valid_pos_sales,megamanagepro-20260820T172552Z-1-001.zip::megamanagepro/DbPos.mdb,No notebook record exists for this date; ManagementPro is used as a gap fill. ManagementPro note: ManagementPro-recorded sales only; not confirmed complete store revenue.
2020-07-06,41.50,managementpro,managementpro_nonoverlap_gap_fill,ready_managementpro_gap_fill,,,,,41.50,41.50,gross_valid_pos_sales_excluding_cancellations,verified_mdb_journal_match,mdb_valid_pos_sales,megamanagepro-20260820T172552Z-1-001.zip::megamanagepro/DbPos.mdb,No notebook record exists for this date; ManagementPro is used as a gap fill. ManagementPro note: ManagementPro-recorded sales only; not confirmed complete store revenue.
2020-07-07,95.00,managementpro,managementpro_nonoverlap_gap_fill,ready_managementpro_gap_fill,,,,,95.00,95.00,gross_valid_pos_sales_excluding_cancellations,verified_mdb_journal_match,mdb_valid_pos_sales,megamanagepro-20260820T172552Z-1-001.zip::megamanagepro/DbPos.mdb,No notebook record exists for this date; ManagementPro is used as a gap fill. ManagementPro note: ManagementPro-recorded sales only; not confirmed complete store revenue.
2020-07-08,44.00,managementpro,managementpro_nonoverlap_gap_fill,ready_managementpro_gap_fill,,,,,44.00,44.00,gross_valid_pos_sales_excluding_cancellations,verified_mdb_journal_match,mdb_valid_pos_sales,megamanagepro-20260820T172552Z-1-001.zip::megamanagepro/DbPos.mdb,No notebook record exists for this date; ManagementPro is used as a gap fill. ManagementPro note: ManagementPro-recorded sales only; not confirmed complete store revenue.
2020-07-09,70.00,managementpro,managementpro_nonoverlap_gap_fill,ready_managementpro_gap_fill,,,,,70.00,70.00,gross_valid_pos_sales_excluding_cancellations,verified_mdb_journal_match,mdb_valid_pos_sales,megamanagepro-20260820T172552Z-1-001.zip::megamanagepro/DbPos.mdb,No notebook record exists for this date; ManagementPro is used as a gap fill. ManagementPro note: ManagementPro-recorded sales only; not confirmed complete store revenue.
2020-07-11,20.00,managementpro,managementpro_nonoverlap_gap_fill,ready_managementpro_gap_fill,,,,,20.00,,gross_valid_pos_sales_excluding_cancellations,verified_mdb_only,mdb_valid_pos_sales,megamanagepro-20260820T172552Z-1-001.zip::megamanagepro/DbPos.mdb,No notebook record exists for this date; ManagementPro is used as a gap fill. ManagementPro note: ManagementPro-recorded sales only; not confirmed complete store revenue.
2020-07-12,20.00,managementpro,managementpro_nonoverlap_gap_fill,ready_managementpro_gap_fill,,,,,20.00,20.00,completed_journal_sales_cut_reconciled,adjudicated_journal_only_cut_match,journal_completed_sales,mpro-pos-20260820T172538Z-1-001.zip::mpro-pos/JOURNAL/00010120200712.jrn,No notebook record exists for this date; ManagementPro is used as a gap fill. ManagementPro note: ManagementPro-recorded sales only; not confirmed complete store revenue. No corresponding valid Venta rows in the canonical MDB; retained from the journal audit.
2020-07-13,14.00,managementpro,managementpro_nonoverlap_gap_fill,ready_managementpro_gap_fill,,,,,14.00,14.00,gross_valid_pos_sales_excluding_cancellations,verified_mdb_journal_match,mdb_valid_pos_sales,megamanagepro-20260820T172552Z-1-001.zip::megamanagepro/DbPos.mdb,No notebook record exists for this date; ManagementPro is used as a gap fill. ManagementPro note: ManagementPro-recorded sales only; not confirmed complete store revenue.
2020-07-14,98.00,managementpro,managementpro_nonoverlap_gap_fill,ready_managementpro_gap_fill,,,,,98.00,,gross_valid_pos_sales_excluding_cancellations,verified_mdb_only,mdb_valid_pos_sales,megamanagepro-20260820T172552Z-1-001.zip::megamanagepro/DbPos.mdb,No notebook record exists for this date; ManagementPro is used as a gap fill. ManagementPro note: ManagementPro-recorded sales only; not confirmed complete store revenue.
2020-07-16,98.00,managementpro,managementpro_nonoverlap_gap_fill,ready_managementpro_gap_fill,,,,,98.00,98.00,completed_journal_sales_cut_reconciled,adjudicated_journal_only_cut_match,journal_completed_sales,mpro-pos-20260820T172538Z-1-001.zip::mpro-pos/JOURNAL/00010120200716.jrn,No notebook record exists for this date; ManagementPro is used as a gap fill. ManagementPro note: ManagementPro-recorded sales only; not confirmed complete store revenue. No corresponding valid Venta rows in the canonical MDB; retained from the journal audit.
2020-07-17,25.50,managementpro,managementpro_nonoverlap_gap_fill,ready_managementpro_gap_fill,,,,,25.50,25.50,gross_valid_pos_sales_excluding_cancellations,verified_mdb_journal_match,mdb_valid_pos_sales,megamanagepro-20260820T172552Z-1-001.zip::megamanagepro/DbPos.mdb,No notebook record exists for this date; ManagementPro is used as a gap fill. ManagementPro note: ManagementPro-recorded sales only; not confirmed complete store revenue.
2020-07-18,45.00,managementpro,managementpro_nonoverlap_gap_fill,ready_managementpro_gap_fill,,,,,45.00,45.00,gross_valid_pos_sales_excluding_cancellations,verified_mdb_journal_match,mdb_valid_pos_sales,megamanagepro-20260820T172552Z-1-001.zip::megamanagepro/DbPos.mdb,No notebook record exists for this date; ManagementPro is used as a gap fill. ManagementPro note: ManagementPro-recorded sales only; not confirmed complete store revenue.
2020-07-19,97.00,managementpro,managementpro_nonoverlap_gap_fill,ready_managementpro_gap_fill,,,,,97.00,97.00,gross_valid_pos_sales_excluding_cancellations,verified_mdb_journal_match,mdb_valid_pos_sales,megamanagepro-20260820T172552Z-1-001.zip::megamanagepro/DbPos.mdb,No notebook record exists for this date; ManagementPro is used as a gap fill. ManagementPro note: ManagementPro-recorded sales only; not confirmed complete store revenue.
2020-07-20,58.00,managementpro,managementpro_nonoverlap_gap_fill,ready_managementpro_gap_fill,,,,,58.00,58.00,gross_valid_pos_sales_excluding_cancellations,verified_mdb_journal_match,mdb_valid_pos_sales,megamanagepro-20260820T172552Z-1-001.zip::megamanagepro/DbPos.mdb,No notebook record exists for this date; ManagementPro is used as a gap fill. ManagementPro note: ManagementPro-recorded sales only; not confirmed complete store revenue.
2020-07-21,88.50,managementpro,managementpro_nonoverlap_gap_fill,ready_managementpro_gap_fill,,,,,88.50,88.50,gross_valid_pos_sales_excluding_cancellations,verified_mdb_journal_match,mdb_valid_pos_sales,megamanagepro-20260820T172552Z-1-001.zip::megamanagepro/DbPos.mdb,No notebook record exists for this date; ManagementPro is used as a gap fill. ManagementPro note: ManagementPro-recorded sales only; not confirmed complete store revenue.
2020-07-22,85.00,managementpro,managementpro_nonoverlap_gap_fill,ready_managementpro_gap_fill,,,,,85.00,85.00,gross_valid_pos_sales_excluding_cancellations,verified_mdb_journal_match,mdb_valid_pos_sales,megamanagepro-20260820T172552Z-1-001.zip::megamanagepro/DbPos.mdb,No notebook record exists for this date; ManagementPro is used as a gap fill. ManagementPro note: ManagementPro-recorded sales only; not confirmed complete store revenue.
2020-07-23,105.50,managementpro,managementpro_nonoverlap_gap_fill,ready_managementpro_gap_fill,,,,,105.50,105.50,gross_valid_pos_sales_excluding_cancellations,verified_mdb_journal_match,mdb_valid_pos_sales,megamanagepro-20260820T172552Z-1-001.zip::megamanagepro/DbPos.mdb,No notebook record exists for this date; ManagementPro is used as a gap fill. ManagementPro note: ManagementPro-recorded sales only; not confirmed complete store revenue.
2020-07-24,39.50,managementpro,managementpro_nonoverlap_gap_fill,ready_managementpro_gap_fill,,,,,39.50,39.50,gross_valid_pos_sales_excluding_cancellations,verified_mdb_journal_match,mdb_valid_pos_sales,megamanagepro-20260820T172552Z-1-001.zip::megamanagepro/DbPos.mdb,No notebook record exists for this date; ManagementPro is used as a gap fill. ManagementPro note: ManagementPro-recorded sales only; not confirmed complete store revenue.
2020-07-25,78.00,managementpro,managementpro_nonoverlap_gap_fill,ready_managementpro_gap_fill,,,,,78.00,78.00,gross_valid_pos_sales_excluding_cancellations,verified_mdb_journal_match,mdb_valid_pos_sales,megamanagepro-20260820T172552Z-1-001.zip::megamanagepro/DbPos.mdb,No notebook record exists for this date; ManagementPro is used as a gap fill. ManagementPro note: ManagementPro-recorded sales only; not confirmed complete store revenue.
2020-07-26,44.00,managementpro,managementpro_nonoverlap_gap_fill,ready_managementpro_gap_fill,,,,,44.00,44.00,gross_valid_pos_sales_excluding_cancellations,verified_mdb_journal_match,mdb_valid_pos_sales,megamanagepro-20260820T172552Z-1-001.zip::megamanagepro/DbPos.mdb,No notebook record exists for this date; ManagementPro is used as a gap fill. ManagementPro note: ManagementPro-recorded sales only; not confirmed complete store revenue.
2020-07-27,69.00,managementpro,managementpro_nonoverlap_gap_fill,ready_managementpro_gap_fill,,,,,69.00,69.00,gross_valid_pos_sales_excluding_cancellations,verified_mdb_journal_match,mdb_valid_pos_sales,megamanagepro-20260820T172552Z-1-001.zip::megamanagepro/DbPos.mdb,No notebook record exists for this date; ManagementPro is used as a gap fill. ManagementPro note: ManagementPro-recorded sales only; not confirmed complete store revenue.
2020-07-28,179.50,managementpro,managementpro_nonoverlap_gap_fill,ready_managementpro_gap_fill,,,,,179.50,179.50,gross_valid_pos_sales_excluding_cancellations,verified_mdb_journal_match,mdb_valid_pos_sales,megamanagepro-20260820T172552Z-1-001.zip::megamanagepro/DbPos.mdb,No notebook record exists for this date; ManagementPro is used as a gap fill. ManagementPro note: ManagementPro-recorded sales only; not confirmed complete store revenue.
2020-07-29,64.50,managementpro,managementpro_nonoverlap_gap_fill,ready_managementpro_gap_fill,,,,,64.50,64.50,gross_valid_pos_sales_excluding_cancellations,verified_mdb_journal_match,mdb_valid_pos_sales,megamanagepro-20260820T172552Z-1-001.zip::megamanagepro/DbPos.mdb,No notebook record exists for this date; ManagementPro is used as a gap fill. ManagementPro note: ManagementPro-recorded sales only; not confirmed complete store revenue.
2020-07-30,22.50,managementpro,managementpro_nonoverlap_gap_fill,ready_managementpro_gap_fill,,,,,22.50,22.50,gross_valid_pos_sales_excluding_cancellations,verified_mdb_journal_match,mdb_valid_pos_sales,megamanagepro-20260820T172552Z-1-001.zip::megamanagepro/DbPos.mdb,No notebook record exists for this date; ManagementPro is used as a gap fill. ManagementPro note: ManagementPro-recorded sales only; not confirmed complete store revenue.
2020-07-31,36.00,managementpro,managementpro_nonoverlap_gap_fill,ready_managementpro_gap_fill,,,,,36.00,,gross_valid_pos_sales_excluding_cancellations,verified_mdb_only,mdb_valid_pos_sales,megamanagepro-20260820T172552Z-1-001.zip::megamanagepro/DbPos.mdb,No notebook record exists for this date; ManagementPro is used as a gap fill. ManagementPro note: ManagementPro-recorded sales only; not confirmed complete store revenue.
2020-08-01,36.00,managementpro,managementpro_nonoverlap_gap_fill,ready_managementpro_gap_fill,,,,,36.00,36.00,completed_journal_sales_cut_reconciled,adjudicated_journal_only_cut_match,journal_completed_sales,mpro-pos-20260820T172538Z-1-001.zip::mpro-pos/JOURNAL/00010120200801.jrn,No notebook record exists for this date; ManagementPro is used as a gap fill. ManagementPro note: ManagementPro-recorded sales only; not confirmed complete store revenue. No corresponding valid Venta rows in the canonical MDB; retained from the journal audit.
2020-08-03,29.00,managementpro,managementpro_nonoverlap_gap_fill,ready_managementpro_gap_fill,,,,,29.00,29.00,gross_valid_pos_sales_excluding_cancellations,verified_mdb_journal_match,mdb_valid_pos_sales,megamanagepro-20260820T172552Z-1-001.zip::megamanagepro/DbPos.mdb,No notebook record exists for this date; ManagementPro is used as a gap fill. ManagementPro note: ManagementPro-recorded sales only; not confirmed complete store revenue.
2020-08-04,149.50,managementpro,managementpro_nonoverlap_gap_fill,ready_managementpro_gap_fill,,,,,149.50,149.50,gross_valid_pos_sales_excluding_cancellations,verified_mdb_journal_match,mdb_valid_pos_sales,megamanagepro-20260820T172552Z-1-001.zip::megamanagepro/DbPos.mdb,No notebook record exists for this date; ManagementPro is used as a gap fill. ManagementPro note: ManagementPro-recorded sales only; not confirmed complete store revenue.
2020-08-05,95.50,managementpro,managementpro_nonoverlap_gap_fill,ready_managementpro_gap_fill,,,,,95.50,95.50,gross_valid_pos_sales_excluding_cancellations,verified_mdb_journal_match,mdb_valid_pos_sales,megamanagepro-20260820T172552Z-1-001.zip::megamanagepro/DbPos.mdb,No notebook record exists for this date; ManagementPro is used as a gap fill. ManagementPro note: ManagementPro-recorded sales only; not confirmed complete store revenue.
2020-08-06,110.50,managementpro,managementpro_nonoverlap_gap_fill,ready_managementpro_gap_fill,,,,,110.50,110.50,gross_valid_pos_sales_excluding_cancellations,verified_mdb_journal_match,mdb_valid_pos_sales,megamanagepro-20260820T172552Z-1-001.zip::megamanagepro/DbPos.mdb,No notebook record exists for this date; ManagementPro is used as a gap fill. ManagementPro note: ManagementPro-recorded sales only; not confirmed complete store revenue.
2020-08-07,41.00,managementpro,managementpro_nonoverlap_gap_fill,ready_managementpro_gap_fill,,,,,41.00,41.00,gross_valid_pos_sales_excluding_cancellations,verified_mdb_journal_match,mdb_valid_pos_sales,megamanagepro-20260820T172552Z-1-001.zip::megamanagepro/DbPos.mdb,No notebook record exists for this date; ManagementPro is used as a gap fill. ManagementPro note: ManagementPro-recorded sales only; not confirmed complete store revenue.
2020-08-08,21.00,managementpro,managementpro_nonoverlap_gap_fill,ready_managementpro_gap_fill,,,,,21.00,21.00,gross_valid_pos_sales_excluding_cancellations,verified_mdb_journal_match,mdb_valid_pos_sales,megamanagepro-20260820T172552Z-1-001.zip::megamanagepro/DbPos.mdb,No notebook record exists for this date; ManagementPro is used as a gap fill. ManagementPro note: ManagementPro-recorded sales only; not confirmed complete store revenue.
2020-08-09,133.50,managementpro,managementpro_nonoverlap_gap_fill,ready_managementpro_gap_fill,,,,,133.50,133.50,gross_valid_pos_sales_excluding_cancellations,verified_mdb_journal_match,mdb_valid_pos_sales,megamanagepro-20260820T172552Z-1-001.zip::megamanagepro/DbPos.mdb,No notebook record exists for this date; ManagementPro is used as a gap fill. ManagementPro note: ManagementPro-recorded sales only; not confirmed complete store revenue.
2020-08-10,58.50,managementpro,managementpro_nonoverlap_gap_fill,ready_managementpro_gap_fill,,,,,58.50,58.50,gross_valid_pos_sales_excluding_cancellations,verified_mdb_journal_match,mdb_valid_pos_sales,megamanagepro-20260820T172552Z-1-001.zip::megamanagepro/DbPos.mdb,No notebook record exists for this date; ManagementPro is used as a gap fill. ManagementPro note: ManagementPro-recorded sales only; not confirmed complete store revenue.
2020-08-11,50.00,managementpro,managementpro_nonoverlap_gap_fill,ready_managementpro_gap_fill,,,,,50.00,50.00,gross_valid_pos_sales_excluding_cancellations,verified_mdb_journal_match,mdb_valid_pos_sales,megamanagepro-20260820T172552Z-1-001.zip::megamanagepro/DbPos.mdb,No notebook record exists for this date; ManagementPro is used as a gap fill. ManagementPro note: ManagementPro-recorded sales only; not confirmed complete store revenue.
2020-08-12,78.00,managementpro,managementpro_nonoverlap_gap_fill,ready_managementpro_gap_fill,,,,,78.00,78.00,gross_valid_pos_sales_excluding_cancellations,verified_mdb_journal_match,mdb_valid_pos_sales,megamanagepro-20260820T172552Z-1-001.zip::megamanagepro/DbPos.mdb,No notebook record exists for this date; ManagementPro is used as a gap fill. ManagementPro note: ManagementPro-recorded sales only; not confirmed complete store revenue.
2020-08-13,7.50,managementpro,managementpro_nonoverlap_gap_fill,ready_managementpro_gap_fill,,,,,7.50,7.50,gross_valid_pos_sales_excluding_cancellations,verified_mdb_journal_match,mdb_valid_pos_sales,megamanagepro-20260820T172552Z-1-001.zip::megamanagepro/DbPos.mdb,No notebook record exists for this date; ManagementPro is used as a gap fill. ManagementPro note: ManagementPro-recorded sales only; not confirmed complete store revenue.
2020-08-14,22.00,managementpro,managementpro_nonoverlap_gap_fill,ready_managementpro_gap_fill,,,,,22.00,22.00,gross_valid_pos_sales_excluding_cancellations,verified_mdb_journal_match,mdb_valid_pos_sales,megamanagepro-20260820T172552Z-1-001.zip::megamanagepro/DbPos.mdb,No notebook record exists for this date; ManagementPro is used as a gap fill. ManagementPro note: ManagementPro-recorded sales only; not confirmed complete store revenue.
2020-08-15,33.00,managementpro,managementpro_nonoverlap_gap_fill,ready_managementpro_gap_fill,,,,,33.00,33.00,gross_valid_pos_sales_excluding_cancellations,verified_mdb_journal_match,mdb_valid_pos_sales,megamanagepro-20260820T172552Z-1-001.zip::megamanagepro/DbPos.mdb,No notebook record exists for this date; ManagementPro is used as a gap fill. ManagementPro note: ManagementPro-recorded sales only; not confirmed complete store revenue.
2020-08-16,104.00,managementpro,managementpro_nonoverlap_gap_fill,ready_managementpro_gap_fill,,,,,104.00,12.00,gross_valid_pos_sales_excluding_cancellations,review_mdb_journal_difference,mdb_valid_pos_sales,megamanagepro-20260820T172552Z-1-001.zip::megamanagepro/DbPos.mdb,No notebook record exists for this date; ManagementPro is used as a gap fill. ManagementPro note: ManagementPro-recorded sales only; not confirmed complete store revenue. Authoritative MDB differs from journal audit by 92.00 MXN.
2020-08-17,,managementpro,managementpro_nonoverlap_gap_fill,unresolved_managementpro_blank,,,,,,92.00,unresolved_journal_candidate,review_possible_date_shift_duplicate,journal_completed_sales,mpro-pos-20260820T172538Z-1-001.zip::mpro-pos/JOURNAL/00010120200817.jrn,"No notebook record exists for this date; ManagementPro is used as a gap fill. ManagementPro amount is unresolved and intentionally left blank, not zero. ManagementPro note: ManagementPro-recorded sales only; not confirmed complete store revenue. Candidate amount is preserved in journal_sales_mxn but intentionally excluded from amount_mxn pending date/duplicate review. No corresponding valid Venta rows in the canonical MDB; retained from the journal audit."
2020-08-18,95.50,managementpro,managementpro_nonoverlap_gap_fill,ready_managementpro_gap_fill,,,,,95.50,95.50,gross_valid_pos_sales_excluding_cancellations,verified_mdb_journal_match,mdb_valid_pos_sales,megamanagepro-20260820T172552Z-1-001.zip::megamanagepro/DbPos.mdb,No notebook record exists for this date; ManagementPro is used as a gap fill. ManagementPro note: ManagementPro-recorded sales only; not confirmed complete store revenue.
2020-08-19,126.00,managementpro,managementpro_nonoverlap_gap_fill,ready_managementpro_gap_fill,,,,,126.00,126.00,gross_valid_pos_sales_excluding_cancellations,verified_mdb_journal_match,mdb_valid_pos_sales,megamanagepro-20260820T172552Z-1-001.zip::megamanagepro/DbPos.mdb,No notebook record exists for this date; ManagementPro is used as a gap fill. ManagementPro note: ManagementPro-recorded sales only; not confirmed complete store revenue.
2020-08-20,53.00,managementpro,managementpro_nonoverlap_gap_fill,ready_managementpro_gap_fill,,,,,53.00,53.00,gross_valid_pos_sales_excluding_cancellations,verified_mdb_journal_match,mdb_valid_pos_sales,megamanagepro-20260820T172552Z-1-001.zip::megamanagepro/DbPos.mdb,No notebook record exists for this date; ManagementPro is used as a gap fill. ManagementPro note: ManagementPro-recorded sales only; not confirmed complete store revenue.
2020-08-21,44.00,managementpro,managementpro_nonoverlap_gap_fill,ready_managementpro_gap_fill,,,,,44.00,44.00,gross_valid_pos_sales_excluding_cancellations,verified_mdb_journal_match,mdb_valid_pos_sales,megamanagepro-20260820T172552Z-1-001.zip::megamanagepro/DbPos.mdb,No notebook record exists for this date; ManagementPro is used as a gap fill. ManagementPro note: ManagementPro-recorded sales only; not confirmed complete store revenue.
2020-08-22,73.50,managementpro,managementpro_nonoverlap_gap_fill,ready_managementpro_gap_fill,,,,,73.50,73.50,gross_valid_pos_sales_excluding_cancellations,verified_mdb_journal_match,mdb_valid_pos_sales,megamanagepro-20260820T172552Z-1-001.zip::megamanagepro/DbPos.mdb,No notebook record exists for this date; ManagementPro is used as a gap fill. ManagementPro note: ManagementPro-recorded sales only; not confirmed complete store revenue.
2020-08-23,414.50,managementpro,managementpro_nonoverlap_gap_fill,ready_managementpro_gap_fill,,,,,414.50,414.50,gross_valid_pos_sales_excluding_cancellations,verified_mdb_journal_match,mdb_valid_pos_sales,megamanagepro-20260820T172552Z-1-001.zip::megamanagepro/DbPos.mdb,No notebook record exists for this date; ManagementPro is used as a gap fill. ManagementPro note: ManagementPro-recorded sales only; not confirmed complete store revenue.
2020-08-24,531.00,managementpro,managementpro_nonoverlap_gap_fill,ready_managementpro_gap_fill,,,,,531.00,433.00,gross_valid_pos_sales_excluding_cancellations,review_mdb_journal_difference,mdb_valid_pos_sales,megamanagepro-20260820T172552Z-1-001.zip::megamanagepro/DbPos.mdb,No notebook record exists for this date; ManagementPro is used as a gap fill. ManagementPro note: ManagementPro-recorded sales only; not confirmed complete store revenue. Authoritative MDB differs from journal audit by 98.00 MXN.
2020-08-25,955.00,managementpro,managementpro_nonoverlap_gap_fill,ready_managementpro_gap_fill,,,,,955.00,793.00,gross_valid_pos_sales_excluding_cancellations,review_mdb_journal_difference,mdb_valid_pos_sales,megamanagepro-20260820T172552Z-1-001.zip::megamanagepro/DbPos.mdb,No notebook record exists for this date; ManagementPro is used as a gap fill. ManagementPro note: ManagementPro-recorded sales only; not confirmed complete store revenue. Authoritative MDB differs from journal audit by 162.00 MXN.
2020-08-26,260.00,managementpro,managementpro_nonoverlap_gap_fill,ready_managementpro_gap_fill,,,,,260.00,260.00,completed_journal_sales_cut_reconciled,adjudicated_journal_only_cut_match,journal_completed_sales,mpro-pos-20260820T172538Z-1-001.zip::mpro-pos/JOURNAL/00010120200826.jrn,No notebook record exists for this date; ManagementPro is used as a gap fill. ManagementPro note: ManagementPro-recorded sales only; not confirmed complete store revenue. No corresponding valid Venta rows in the canonical MDB; retained from the journal audit.
2020-08-27,279.50,managementpro,managementpro_nonoverlap_gap_fill,ready_managementpro_gap_fill,,,,,279.50,279.50,gross_valid_pos_sales_excluding_cancellations,verified_mdb_journal_match,mdb_valid_pos_sales,megamanagepro-20260820T172552Z-1-001.zip::megamanagepro/DbPos.mdb,No notebook record exists for this date; ManagementPro is used as a gap fill. ManagementPro note: ManagementPro-recorded sales only; not confirmed complete store revenue.
2020-08-28,98.00,managementpro,managementpro_nonoverlap_gap_fill,ready_managementpro_gap_fill,,,,,98.00,98.00,gross_valid_pos_sales_excluding_cancellations,verified_mdb_journal_match,mdb_valid_pos_sales,megamanagepro-20260820T172552Z-1-001.zip::megamanagepro/DbPos.mdb,No notebook record exists for this date; ManagementPro is used as a gap fill. ManagementPro note: ManagementPro-recorded sales only; not confirmed complete store revenue.
2020-08-29,119.00,managementpro,managementpro_nonoverlap_gap_fill,ready_managementpro_gap_fill,,,,,119.00,119.00,gross_valid_pos_sales_excluding_cancellations,verified_mdb_journal_match,mdb_valid_pos_sales,megamanagepro-20260820T172552Z-1-001.zip::megamanagepro/DbPos.mdb,No notebook record exists for this date; ManagementPro is used as a gap fill. ManagementPro note: ManagementPro-recorded sales only; not confirmed complete store revenue.
2020-08-30,223.50,managementpro,managementpro_nonoverlap_gap_fill,ready_managementpro_gap_fill,,,,,223.50,223.50,gross_valid_pos_sales_excluding_cancellations,verified_mdb_journal_match,mdb_valid_pos_sales,megamanagepro-20260820T172552Z-1-001.zip::megamanagepro/DbPos.mdb,No notebook record exists for this date; ManagementPro is used as a gap fill. ManagementPro note: ManagementPro-recorded sales only; not confirmed complete store revenue.
2020-08-31,309.00,managementpro,managementpro_nonoverlap_gap_fill,ready_managementpro_gap_fill,,,,,309.00,309.00,gross_valid_pos_sales_excluding_cancellations,verified_mdb_journal_match,mdb_valid_pos_sales,megamanagepro-20260820T172552Z-1-001.zip::megamanagepro/DbPos.mdb,No notebook record exists for this date; ManagementPro is used as a gap fill. ManagementPro note: ManagementPro-recorded sales only; not confirmed complete store revenue.
2020-09-01,110.50,managementpro,managementpro_nonoverlap_gap_fill,ready_managementpro_gap_fill,,,,,110.50,110.50,gross_valid_pos_sales_excluding_cancellations,verified_mdb_journal_match,mdb_valid_pos_sales,megamanagepro-20260820T172552Z-1-001.zip::megamanagepro/DbPos.mdb,No notebook record exists for this date; ManagementPro is used as a gap fill. ManagementPro note: ManagementPro-recorded sales only; not confirmed complete store revenue.
2020-09-02,246.00,managementpro,managementpro_nonoverlap_gap_fill,ready_managementpro_gap_fill,,,,,246.00,246.00,gross_valid_pos_sales_excluding_cancellations,verified_mdb_journal_match,mdb_valid_pos_sales,megamanagepro-20260820T172552Z-1-001.zip::megamanagepro/DbPos.mdb,No notebook record exists for this date; ManagementPro is used as a gap fill. ManagementPro note: ManagementPro-recorded sales only; not confirmed complete store revenue.
2020-09-03,333.50,managementpro,managementpro_nonoverlap_gap_fill,ready_managementpro_gap_fill,,,,,333.50,333.50,gross_valid_pos_sales_excluding_cancellations,verified_mdb_journal_match,mdb_valid_pos_sales,megamanagepro-20260820T172552Z-1-001.zip::megamanagepro/DbPos.mdb,No notebook record exists for this date; ManagementPro is used as a gap fill. ManagementPro note: ManagementPro-recorded sales only; not confirmed complete store revenue.
2020-09-04,14.00,managementpro,managementpro_nonoverlap_gap_fill,ready_managementpro_gap_fill,,,,,14.00,14.00,gross_valid_pos_sales_excluding_cancellations,verified_mdb_journal_match,mdb_valid_pos_sales,megamanagepro-20260820T172552Z-1-001.zip::megamanagepro/DbPos.mdb,No notebook record exists for this date; ManagementPro is used as a gap fill. ManagementPro note: ManagementPro-recorded sales only; not confirmed complete store revenue.
2020-09-05,31.00,managementpro,managementpro_nonoverlap_gap_fill,ready_managementpro_gap_fill,,,,,31.00,31.00,gross_valid_pos_sales_excluding_cancellations,verified_mdb_journal_match,mdb_valid_pos_sales,megamanagepro-20260820T172552Z-1-001.zip::megamanagepro/DbPos.mdb,No notebook record exists for this date; ManagementPro is used as a gap fill. ManagementPro note: ManagementPro-recorded sales only; not confirmed complete store revenue.
2020-09-06,26.00,managementpro,managementpro_nonoverlap_gap_fill,ready_managementpro_gap_fill,,,,,26.00,26.00,gross_valid_pos_sales_excluding_cancellations,verified_mdb_journal_match,mdb_valid_pos_sales,megamanagepro-20260820T172552Z-1-001.zip::megamanagepro/DbPos.mdb,No notebook record exists for this date; ManagementPro is used as a gap fill. ManagementPro note: ManagementPro-recorded sales only; not confirmed complete store revenue.
2020-09-07,709.50,managementpro,managementpro_nonoverlap_gap_fill,ready_managementpro_gap_fill,,,,,709.50,709.50,gross_valid_pos_sales_excluding_cancellations,verified_mdb_journal_match,mdb_valid_pos_sales,megamanagepro-20260820T172552Z-1-001.zip::megamanagepro/DbPos.mdb,No notebook record exists for this date; ManagementPro is used as a gap fill. ManagementPro note: ManagementPro-recorded sales only; not confirmed complete store revenue.
2020-09-08,185.00,managementpro,managementpro_nonoverlap_gap_fill,ready_managementpro_gap_fill,,,,,185.00,185.00,gross_valid_pos_sales_excluding_cancellations,verified_mdb_journal_match,mdb_valid_pos_sales,megamanagepro-20260820T172552Z-1-001.zip::megamanagepro/DbPos.mdb,No notebook record exists for this date; ManagementPro is used as a gap fill. ManagementPro note: ManagementPro-recorded sales only; not confirmed complete store revenue.
2020-09-09,196.50,managementpro,managementpro_nonoverlap_gap_fill,ready_managementpro_gap_fill,,,,,196.50,196.50,gross_valid_pos_sales_excluding_cancellations,verified_mdb_journal_match,mdb_valid_pos_sales,megamanagepro-20260820T172552Z-1-001.zip::megamanagepro/DbPos.mdb,No notebook record exists for this date; ManagementPro is used as a gap fill. ManagementPro note: ManagementPro-recorded sales only; not confirmed complete store revenue.
2020-09-10,91.00,managementpro,managementpro_nonoverlap_gap_fill,ready_managementpro_gap_fill,,,,,91.00,91.00,gross_valid_pos_sales_excluding_cancellations,verified_mdb_journal_match,mdb_valid_pos_sales,megamanagepro-20260820T172552Z-1-001.zip::megamanagepro/DbPos.mdb,No notebook record exists for this date; ManagementPro is used as a gap fill. ManagementPro note: ManagementPro-recorded sales only; not confirmed complete store revenue.
2020-09-11,95.00,managementpro,managementpro_nonoverlap_gap_fill,ready_managementpro_gap_fill,,,,,95.00,95.00,gross_valid_pos_sales_excluding_cancellations,verified_mdb_journal_match,mdb_valid_pos_sales,megamanagepro-20260820T172552Z-1-001.zip::megamanagepro/DbPos.mdb,No notebook record exists for this date; ManagementPro is used as a gap fill. ManagementPro note: ManagementPro-recorded sales only; not confirmed complete store revenue.
2020-09-12,104.00,managementpro,managementpro_nonoverlap_gap_fill,ready_managementpro_gap_fill,,,,,104.00,104.00,gross_valid_pos_sales_excluding_cancellations,verified_mdb_journal_match,mdb_valid_pos_sales,megamanagepro-20260820T172552Z-1-001.zip::megamanagepro/DbPos.mdb,No notebook record exists for this date; ManagementPro is used as a gap fill. ManagementPro note: ManagementPro-recorded sales only; not confirmed complete store revenue.
2020-09-13,273.50,managementpro,managementpro_nonoverlap_gap_fill,ready_managementpro_gap_fill,,,,,273.50,273.50,gross_valid_pos_sales_excluding_cancellations,verified_mdb_journal_match,mdb_valid_pos_sales,megamanagepro-20260820T172552Z-1-001.zip::megamanagepro/DbPos.mdb,No notebook record exists for this date; ManagementPro is used as a gap fill. ManagementPro note: ManagementPro-recorded sales only; not confirmed complete store revenue.
2020-09-14,400.50,managementpro,managementpro_nonoverlap_gap_fill,ready_managementpro_gap_fill,,,,,400.50,400.50,gross_valid_pos_sales_excluding_cancellations,verified_mdb_journal_match,mdb_valid_pos_sales,megamanagepro-20260820T172552Z-1-001.zip::megamanagepro/DbPos.mdb,No notebook record exists for this date; ManagementPro is used as a gap fill. ManagementPro note: ManagementPro-recorded sales only; not confirmed complete store revenue.
2020-09-15,188.00,managementpro,managementpro_nonoverlap_gap_fill,ready_managementpro_gap_fill,,,,,188.00,188.00,gross_valid_pos_sales_excluding_cancellations,verified_mdb_journal_match,mdb_valid_pos_sales,megamanagepro-20260820T172552Z-1-001.zip::megamanagepro/DbPos.mdb,No notebook record exists for this date; ManagementPro is used as a gap fill. ManagementPro note: ManagementPro-recorded sales only; not confirmed complete store revenue.
2020-09-16,244.50,managementpro,managementpro_nonoverlap_gap_fill,ready_managementpro_gap_fill,,,,,244.50,244.50,gross_valid_pos_sales_excluding_cancellations,verified_mdb_journal_match,mdb_valid_pos_sales,megamanagepro-20260820T172552Z-1-001.zip::megamanagepro/DbPos.mdb,No notebook record exists for this date; ManagementPro is used as a gap fill. ManagementPro note: ManagementPro-recorded sales only; not confirmed complete store revenue.
2020-09-17,211.50,managementpro,managementpro_nonoverlap_gap_fill,ready_managementpro_gap_fill,,,,,211.50,211.50,gross_valid_pos_sales_excluding_cancellations,verified_mdb_journal_match,mdb_valid_pos_sales,megamanagepro-20260820T172552Z-1-001.zip::megamanagepro/DbPos.mdb,No notebook record exists for this date; ManagementPro is used as a gap fill. ManagementPro note: ManagementPro-recorded sales only; not confirmed complete store revenue.
2020-09-18,169.50,managementpro,managementpro_nonoverlap_gap_fill,ready_managementpro_gap_fill,,,,,169.50,169.50,gross_valid_pos_sales_excluding_cancellations,verified_mdb_journal_match,mdb_valid_pos_sales,megamanagepro-20260820T172552Z-1-001.zip::megamanagepro/DbPos.mdb,No notebook record exists for this date; ManagementPro is used as a gap fill. ManagementPro note: ManagementPro-recorded sales only; not confirmed complete store revenue.
2020-09-19,152.50,managementpro,managementpro_nonoverlap_gap_fill,ready_managementpro_gap_fill,,,,,152.50,152.50,gross_valid_pos_sales_excluding_cancellations,verified_mdb_journal_match,mdb_valid_pos_sales,megamanagepro-20260820T172552Z-1-001.zip::megamanagepro/DbPos.mdb,No notebook record exists for this date; ManagementPro is used as a gap fill. ManagementPro note: ManagementPro-recorded sales only; not confirmed complete store revenue.
2020-09-20,152.00,managementpro,managementpro_nonoverlap_gap_fill,ready_managementpro_gap_fill,,,,,152.00,152.00,gross_valid_pos_sales_excluding_cancellations,verified_mdb_journal_match,mdb_valid_pos_sales,megamanagepro-20260820T172552Z-1-001.zip::megamanagepro/DbPos.mdb,No notebook record exists for this date; ManagementPro is used as a gap fill. ManagementPro note: ManagementPro-recorded sales only; not confirmed complete store revenue.
2020-09-21,206.50,managementpro,managementpro_nonoverlap_gap_fill,ready_managementpro_gap_fill,,,,,206.50,206.50,gross_valid_pos_sales_excluding_cancellations,verified_mdb_journal_match,mdb_valid_pos_sales,megamanagepro-20260820T172552Z-1-001.zip::megamanagepro/DbPos.mdb,No notebook record exists for this date; ManagementPro is used as a gap fill. ManagementPro note: ManagementPro-recorded sales only; not confirmed complete store revenue.
2020-09-22,374.00,managementpro,managementpro_nonoverlap_gap_fill,ready_managementpro_gap_fill,,,,,374.00,374.00,gross_valid_pos_sales_excluding_cancellations,verified_mdb_journal_match,mdb_valid_pos_sales,megamanagepro-20260820T172552Z-1-001.zip::megamanagepro/DbPos.mdb,No notebook record exists for this date; ManagementPro is used as a gap fill. ManagementPro note: ManagementPro-recorded sales only; not confirmed complete store revenue.
2020-09-23,143.00,managementpro,managementpro_nonoverlap_gap_fill,ready_managementpro_gap_fill,,,,,143.00,143.00,gross_valid_pos_sales_excluding_cancellations,verified_mdb_journal_match,mdb_valid_pos_sales,megamanagepro-20260820T172552Z-1-001.zip::megamanagepro/DbPos.mdb,No notebook record exists for this date; ManagementPro is used as a gap fill. ManagementPro note: ManagementPro-recorded sales only; not confirmed complete store revenue.
2020-09-24,161.00,managementpro,managementpro_nonoverlap_gap_fill,ready_managementpro_gap_fill,,,,,161.00,161.00,gross_valid_pos_sales_excluding_cancellations,verified_mdb_journal_match,mdb_valid_pos_sales,megamanagepro-20260820T172552Z-1-001.zip::megamanagepro/DbPos.mdb,No notebook record exists for this date; ManagementPro is used as a gap fill. ManagementPro note: ManagementPro-recorded sales only; not confirmed complete store revenue.
2020-09-25,621.00,managementpro,managementpro_nonoverlap_gap_fill,ready_managementpro_gap_fill,,,,,621.00,130.50,gross_valid_pos_sales_excluding_cancellations,review_mdb_journal_difference,mdb_valid_pos_sales,megamanagepro-20260820T172552Z-1-001.zip::megamanagepro/DbPos.mdb,No notebook record exists for this date; ManagementPro is used as a gap fill. ManagementPro note: ManagementPro-recorded sales only; not confirmed complete store revenue. Authoritative MDB differs from journal audit by 490.50 MXN.
2020-09-26,490.50,managementpro,managementpro_nonoverlap_gap_fill,ready_managementpro_gap_fill,,,,,490.50,490.50,completed_journal_sales_cut_reconciled,adjudicated_journal_only_cut_match,journal_completed_sales,mpro-pos-20260820T172538Z-1-001.zip::mpro-pos/JOURNAL/00010120200926.jrn,No notebook record exists for this date; ManagementPro is used as a gap fill. ManagementPro note: ManagementPro-recorded sales only; not confirmed complete store revenue. No corresponding valid Venta rows in the canonical MDB; retained from the journal audit. Journal flags: multiple_sales_under_one_transaction_marker:1.
2020-09-27,122.00,managementpro,managementpro_nonoverlap_gap_fill,ready_managementpro_gap_fill,,,,,122.00,122.00,gross_valid_pos_sales_excluding_cancellations,verified_mdb_journal_match,mdb_valid_pos_sales,megamanagepro-20260820T172552Z-1-001.zip::megamanagepro/DbPos.mdb,No notebook record exists for this date; ManagementPro is used as a gap fill. ManagementPro note: ManagementPro-recorded sales only; not confirmed complete store revenue.
2020-09-28,174.50,managementpro,managementpro_nonoverlap_gap_fill,ready_managementpro_gap_fill,,,,,174.50,174.50,gross_valid_pos_sales_excluding_cancellations,verified_mdb_journal_match,mdb_valid_pos_sales,megamanagepro-20260820T172552Z-1-001.zip::megamanagepro/DbPos.mdb,No notebook record exists for this date; ManagementPro is used as a gap fill. ManagementPro note: ManagementPro-recorded sales only; not confirmed complete store revenue.
2020-09-29,288.50,managementpro,managementpro_nonoverlap_gap_fill,ready_managementpro_gap_fill,,,,,288.50,288.50,gross_valid_pos_sales_excluding_cancellations,verified_mdb_journal_match,mdb_valid_pos_sales,megamanagepro-20260820T172552Z-1-001.zip::megamanagepro/DbPos.mdb,No notebook record exists for this date; ManagementPro is used as a gap fill. ManagementPro note: ManagementPro-recorded sales only; not confirmed complete store revenue.
2020-09-30,360.50,managementpro,managementpro_nonoverlap_gap_fill,ready_managementpro_gap_fill,,,,,360.50,360.50,gross_valid_pos_sales_excluding_cancellations,verified_mdb_journal_match,mdb_valid_pos_sales,megamanagepro-20260820T172552Z-1-001.zip::megamanagepro/DbPos.mdb,No notebook record exists for this date; ManagementPro is used as a gap fill. ManagementPro note: ManagementPro-recorded sales only; not confirmed complete store revenue.
2020-10-01,207.00,managementpro,managementpro_nonoverlap_gap_fill,ready_managementpro_gap_fill,,,,,207.00,207.00,gross_valid_pos_sales_excluding_cancellations,verified_mdb_journal_match,mdb_valid_pos_sales,megamanagepro-20260820T172552Z-1-001.zip::megamanagepro/DbPos.mdb,No notebook record exists for this date; ManagementPro is used as a gap fill. ManagementPro note: ManagementPro-recorded sales only; not confirmed complete store revenue.
2020-10-02,89.50,managementpro,managementpro_nonoverlap_gap_fill,ready_managementpro_gap_fill,,,,,89.50,89.50,gross_valid_pos_sales_excluding_cancellations,verified_mdb_journal_match,mdb_valid_pos_sales,megamanagepro-20260820T172552Z-1-001.zip::megamanagepro/DbPos.mdb,No notebook record exists for this date; ManagementPro is used as a gap fill. ManagementPro note: ManagementPro-recorded sales only; not confirmed complete store revenue.
2020-10-03,326.50,managementpro,managementpro_nonoverlap_gap_fill,ready_managementpro_gap_fill,,,,,326.50,326.50,gross_valid_pos_sales_excluding_cancellations,verified_mdb_journal_match,mdb_valid_pos_sales,megamanagepro-20260820T172552Z-1-001.zip::megamanagepro/DbPos.mdb,No notebook record exists for this date; ManagementPro is used as a gap fill. ManagementPro note: ManagementPro-recorded sales only; not confirmed complete store revenue.
2020-10-04,129.00,managementpro,managementpro_nonoverlap_gap_fill,ready_managementpro_gap_fill,,,,,129.00,129.00,gross_valid_pos_sales_excluding_cancellations,verified_mdb_journal_match,mdb_valid_pos_sales,megamanagepro-20260820T172552Z-1-001.zip::megamanagepro/DbPos.mdb,No notebook record exists for this date; ManagementPro is used as a gap fill. ManagementPro note: ManagementPro-recorded sales only; not confirmed complete store revenue.
2020-10-05,181.50,managementpro,managementpro_nonoverlap_gap_fill,ready_managementpro_gap_fill,,,,,181.50,181.50,gross_valid_pos_sales_excluding_cancellations,verified_mdb_journal_match,mdb_valid_pos_sales,megamanagepro-20260820T172552Z-1-001.zip::megamanagepro/DbPos.mdb,No notebook record exists for this date; ManagementPro is used as a gap fill. ManagementPro note: ManagementPro-recorded sales only; not confirmed complete store revenue.
2020-10-06,231.50,managementpro,managementpro_nonoverlap_gap_fill,ready_managementpro_gap_fill,,,,,231.50,231.50,gross_valid_pos_sales_excluding_cancellations,verified_mdb_journal_match,mdb_valid_pos_sales,megamanagepro-20260820T172552Z-1-001.zip::megamanagepro/DbPos.mdb,No notebook record exists for this date; ManagementPro is used as a gap fill. ManagementPro note: ManagementPro-recorded sales only; not confirmed complete store revenue.
2020-10-07,202.50,managementpro,managementpro_nonoverlap_gap_fill,ready_managementpro_gap_fill,,,,,202.50,202.50,gross_valid_pos_sales_excluding_cancellations,verified_mdb_journal_match,mdb_valid_pos_sales,megamanagepro-20260820T172552Z-1-001.zip::megamanagepro/DbPos.mdb,No notebook record exists for this date; ManagementPro is used as a gap fill. ManagementPro note: ManagementPro-recorded sales only; not confirmed complete store revenue.
2020-10-08,500.50,managementpro,managementpro_nonoverlap_gap_fill,ready_managementpro_gap_fill,,,,,500.50,500.50,gross_valid_pos_sales_excluding_cancellations,verified_mdb_journal_match,mdb_valid_pos_sales,megamanagepro-20260820T172552Z-1-001.zip::megamanagepro/DbPos.mdb,No notebook record exists for this date; ManagementPro is used as a gap fill. ManagementPro note: ManagementPro-recorded sales only; not confirmed complete store revenue.
2020-10-09,125.00,managementpro,managementpro_nonoverlap_gap_fill,ready_managementpro_gap_fill,,,,,125.00,125.00,gross_valid_pos_sales_excluding_cancellations,verified_mdb_journal_match,mdb_valid_pos_sales,megamanagepro-20260820T172552Z-1-001.zip::megamanagepro/DbPos.mdb,No notebook record exists for this date; ManagementPro is used as a gap fill. ManagementPro note: ManagementPro-recorded sales only; not confirmed complete store revenue.
2020-10-10,132.00,managementpro,managementpro_nonoverlap_gap_fill,ready_managementpro_gap_fill,,,,,132.00,132.00,gross_valid_pos_sales_excluding_cancellations,verified_mdb_journal_match,mdb_valid_pos_sales,megamanagepro-20260820T172552Z-1-001.zip::megamanagepro/DbPos.mdb,No notebook record exists for this date; ManagementPro is used as a gap fill. ManagementPro note: ManagementPro-recorded sales only; not confirmed complete store revenue.
2020-10-11,360.00,managementpro,managementpro_nonoverlap_gap_fill,ready_managementpro_gap_fill,,,,,360.00,360.00,gross_valid_pos_sales_excluding_cancellations,verified_mdb_journal_match,mdb_valid_pos_sales,megamanagepro-20260820T172552Z-1-001.zip::megamanagepro/DbPos.mdb,No notebook record exists for this date; ManagementPro is used as a gap fill. ManagementPro note: ManagementPro-recorded sales only; not confirmed complete store revenue.
2020-10-12,846.50,managementpro,managementpro_nonoverlap_gap_fill,ready_managementpro_gap_fill,,,,,846.50,846.50,gross_valid_pos_sales_excluding_cancellations,verified_mdb_journal_match,mdb_valid_pos_sales,megamanagepro-20260820T172552Z-1-001.zip::megamanagepro/DbPos.mdb,No notebook record exists for this date; ManagementPro is used as a gap fill. ManagementPro note: ManagementPro-recorded sales only; not confirmed complete store revenue.
2020-10-13,386.00,managementpro,managementpro_nonoverlap_gap_fill,ready_managementpro_gap_fill,,,,,386.00,386.00,gross_valid_pos_sales_excluding_cancellations,verified_mdb_journal_match,mdb_valid_pos_sales,megamanagepro-20260820T172552Z-1-001.zip::megamanagepro/DbPos.mdb,No notebook record exists for this date; ManagementPro is used as a gap fill. ManagementPro note: ManagementPro-recorded sales only; not confirmed complete store revenue.
2020-10-14,488.50,managementpro,managementpro_nonoverlap_gap_fill,ready_managementpro_gap_fill,,,,,488.50,488.50,gross_valid_pos_sales_excluding_cancellations,verified_mdb_journal_match,mdb_valid_pos_sales,megamanagepro-20260820T172552Z-1-001.zip::megamanagepro/DbPos.mdb,No notebook record exists for this date; ManagementPro is used as a gap fill. ManagementPro note: ManagementPro-recorded sales only; not confirmed complete store revenue.
2020-10-15,208.00,managementpro,managementpro_nonoverlap_gap_fill,ready_managementpro_gap_fill,,,,,208.00,208.00,gross_valid_pos_sales_excluding_cancellations,verified_mdb_journal_match,mdb_valid_pos_sales,megamanagepro-20260820T172552Z-1-001.zip::megamanagepro/DbPos.mdb,No notebook record exists for this date; ManagementPro is used as a gap fill. ManagementPro note: ManagementPro-recorded sales only; not confirmed complete store revenue.
2020-10-16,266.00,managementpro,managementpro_nonoverlap_gap_fill,ready_managementpro_gap_fill,,,,,266.00,266.00,gross_valid_pos_sales_excluding_cancellations,verified_mdb_journal_match,mdb_valid_pos_sales,megamanagepro-20260820T172552Z-1-001.zip::megamanagepro/DbPos.mdb,No notebook record exists for this date; ManagementPro is used as a gap fill. ManagementPro note: ManagementPro-recorded sales only; not confirmed complete store revenue.
2020-10-17,460.00,managementpro,managementpro_nonoverlap_gap_fill,ready_managementpro_gap_fill,,,,,460.00,302.00,gross_valid_pos_sales_excluding_cancellations,review_mdb_journal_difference,mdb_valid_pos_sales,megamanagepro-20260820T172552Z-1-001.zip::megamanagepro/DbPos.mdb,No notebook record exists for this date; ManagementPro is used as a gap fill. ManagementPro note: ManagementPro-recorded sales only; not confirmed complete store revenue. Authoritative MDB differs from journal audit by 158.00 MXN.
2020-10-18,158.00,managementpro,managementpro_nonoverlap_gap_fill,ready_managementpro_gap_fill,,,,,158.00,158.00,completed_journal_sales_cut_reconciled,adjudicated_journal_only_cut_match,journal_completed_sales,mpro-pos-20260820T172538Z-1-001.zip::mpro-pos/JOURNAL/00010120201018.jrn,No notebook record exists for this date; ManagementPro is used as a gap fill. ManagementPro note: ManagementPro-recorded sales only; not confirmed complete store revenue. No corresponding valid Venta rows in the canonical MDB; retained from the journal audit.
2020-10-19,316.00,managementpro,managementpro_nonoverlap_gap_fill,ready_managementpro_gap_fill,,,,,316.00,316.00,gross_valid_pos_sales_excluding_cancellations,verified_mdb_journal_match,mdb_valid_pos_sales,megamanagepro-20260820T172552Z-1-001.zip::megamanagepro/DbPos.mdb,No notebook record exists for this date; ManagementPro is used as a gap fill. ManagementPro note: ManagementPro-recorded sales only; not confirmed complete store revenue.
2020-10-20,547.50,managementpro,managementpro_nonoverlap_gap_fill,ready_managementpro_gap_fill,,,,,547.50,547.50,gross_valid_pos_sales_excluding_cancellations,verified_mdb_journal_match,mdb_valid_pos_sales,megamanagepro-20260820T172552Z-1-001.zip::megamanagepro/DbPos.mdb,No notebook record exists for this date; ManagementPro is used as a gap fill. ManagementPro note: ManagementPro-recorded sales only; not confirmed complete store revenue.
2020-10-21,414.50,managementpro,managementpro_nonoverlap_gap_fill,ready_managementpro_gap_fill,,,,,414.50,414.50,gross_valid_pos_sales_excluding_cancellations,verified_mdb_journal_match,mdb_valid_pos_sales,megamanagepro-20260820T172552Z-1-001.zip::megamanagepro/DbPos.mdb,No notebook record exists for this date; ManagementPro is used as a gap fill. ManagementPro note: ManagementPro-recorded sales only; not confirmed complete store revenue.
2020-10-22,382.00,managementpro,managementpro_nonoverlap_gap_fill,ready_managementpro_gap_fill,,,,,382.00,382.00,gross_valid_pos_sales_excluding_cancellations,verified_mdb_journal_match,mdb_valid_pos_sales,megamanagepro-20260820T172552Z-1-001.zip::megamanagepro/DbPos.mdb,No notebook record exists for this date; ManagementPro is used as a gap fill. ManagementPro note: ManagementPro-recorded sales only; not confirmed complete store revenue.
2020-10-23,160.50,managementpro,managementpro_nonoverlap_gap_fill,ready_managementpro_gap_fill,,,,,160.50,160.50,gross_valid_pos_sales_excluding_cancellations,verified_mdb_journal_match,mdb_valid_pos_sales,megamanagepro-20260820T172552Z-1-001.zip::megamanagepro/DbPos.mdb,No notebook record exists for this date; ManagementPro is used as a gap fill. ManagementPro note: ManagementPro-recorded sales only; not confirmed complete store revenue.
2020-10-24,356.50,managementpro,managementpro_nonoverlap_gap_fill,ready_managementpro_gap_fill,,,,,356.50,356.50,gross_valid_pos_sales_excluding_cancellations,verified_mdb_journal_match,mdb_valid_pos_sales,megamanagepro-20260820T172552Z-1-001.zip::megamanagepro/DbPos.mdb,No notebook record exists for this date; ManagementPro is used as a gap fill. ManagementPro note: ManagementPro-recorded sales only; not confirmed complete store revenue.
2020-10-25,257.50,managementpro,managementpro_nonoverlap_gap_fill,ready_managementpro_gap_fill,,,,,257.50,257.50,gross_valid_pos_sales_excluding_cancellations,verified_mdb_journal_match,mdb_valid_pos_sales,megamanagepro-20260820T172552Z-1-001.zip::megamanagepro/DbPos.mdb,No notebook record exists for this date; ManagementPro is used as a gap fill. ManagementPro note: ManagementPro-recorded sales only; not confirmed complete store revenue.
2020-10-26,302.50,managementpro,managementpro_nonoverlap_gap_fill,ready_managementpro_gap_fill,,,,,302.50,302.50,gross_valid_pos_sales_excluding_cancellations,verified_mdb_journal_match,mdb_valid_pos_sales,megamanagepro-20260820T172552Z-1-001.zip::megamanagepro/DbPos.mdb,No notebook record exists for this date; ManagementPro is used as a gap fill. ManagementPro note: ManagementPro-recorded sales only; not confirmed complete store revenue.
2020-10-27,189.00,managementpro,managementpro_nonoverlap_gap_fill,ready_managementpro_gap_fill,,,,,189.00,189.00,gross_valid_pos_sales_excluding_cancellations,verified_mdb_journal_match,mdb_valid_pos_sales,megamanagepro-20260820T172552Z-1-001.zip::megamanagepro/DbPos.mdb,No notebook record exists for this date; ManagementPro is used as a gap fill. ManagementPro note: ManagementPro-recorded sales only; not confirmed complete store revenue.
2020-10-28,234.00,managementpro,managementpro_nonoverlap_gap_fill,ready_managementpro_gap_fill,,,,,234.00,234.00,gross_valid_pos_sales_excluding_cancellations,verified_mdb_journal_match,mdb_valid_pos_sales,megamanagepro-20260820T172552Z-1-001.zip::megamanagepro/DbPos.mdb,No notebook record exists for this date; ManagementPro is used as a gap fill. ManagementPro note: ManagementPro-recorded sales only; not confirmed complete store revenue.
2020-10-29,527.50,managementpro,managementpro_nonoverlap_gap_fill,ready_managementpro_gap_fill,,,,,527.50,527.50,gross_valid_pos_sales_excluding_cancellations,verified_mdb_journal_match,mdb_valid_pos_sales,megamanagepro-20260820T172552Z-1-001.zip::megamanagepro/DbPos.mdb,No notebook record exists for this date; ManagementPro is used as a gap fill. ManagementPro note: ManagementPro-recorded sales only; not confirmed complete store revenue.
2020-10-30,319.00,managementpro,managementpro_nonoverlap_gap_fill,ready_managementpro_gap_fill,,,,,319.00,319.00,gross_valid_pos_sales_excluding_cancellations,verified_mdb_journal_match,mdb_valid_pos_sales,megamanagepro-20260820T172552Z-1-001.zip::megamanagepro/DbPos.mdb,No notebook record exists for this date; ManagementPro is used as a gap fill. ManagementPro note: ManagementPro-recorded sales only; not confirmed complete store revenue.
2020-11-02,481.00,managementpro,managementpro_nonoverlap_gap_fill,ready_managementpro_gap_fill,,,,,481.00,481.00,gross_valid_pos_sales_excluding_cancellations,verified_mdb_journal_match,mdb_valid_pos_sales,megamanagepro-20260820T172552Z-1-001.zip::megamanagepro/DbPos.mdb,No notebook record exists for this date; ManagementPro is used as a gap fill. ManagementPro note: ManagementPro-recorded sales only; not confirmed complete store revenue.
2020-11-03,196.00,managementpro,managementpro_nonoverlap_gap_fill,ready_managementpro_gap_fill,,,,,196.00,196.00,gross_valid_pos_sales_excluding_cancellations,verified_mdb_journal_match,mdb_valid_pos_sales,megamanagepro-20260820T172552Z-1-001.zip::megamanagepro/DbPos.mdb,No notebook record exists for this date; ManagementPro is used as a gap fill. ManagementPro note: ManagementPro-recorded sales only; not confirmed complete store revenue.
2020-11-04,140.00,managementpro,managementpro_nonoverlap_gap_fill,ready_managementpro_gap_fill,,,,,140.00,140.00,gross_valid_pos_sales_excluding_cancellations,verified_mdb_journal_match,mdb_valid_pos_sales,megamanagepro-20260820T172552Z-1-001.zip::megamanagepro/DbPos.mdb,No notebook record exists for this date; ManagementPro is used as a gap fill. ManagementPro note: ManagementPro-recorded sales only; not confirmed complete store revenue.
2020-11-05,405.00,managementpro,managementpro_nonoverlap_gap_fill,ready_managementpro_gap_fill,,,,,405.00,405.00,gross_valid_pos_sales_excluding_cancellations,verified_mdb_journal_match,mdb_valid_pos_sales,megamanagepro-20260820T172552Z-1-001.zip::megamanagepro/DbPos.mdb,No notebook record exists for this date; ManagementPro is used as a gap fill. ManagementPro note: ManagementPro-recorded sales only; not confirmed complete store revenue.
2020-11-06,476.00,managementpro,managementpro_nonoverlap_gap_fill,ready_managementpro_gap_fill,,,,,476.00,476.00,gross_valid_pos_sales_excluding_cancellations,verified_mdb_journal_match,mdb_valid_pos_sales,megamanagepro-20260820T172552Z-1-001.zip::megamanagepro/DbPos.mdb,No notebook record exists for this date; ManagementPro is used as a gap fill. ManagementPro note: ManagementPro-recorded sales only; not confirmed complete store revenue.
2020-11-09,598.00,managementpro,managementpro_nonoverlap_gap_fill,ready_managementpro_gap_fill,,,,,598.00,598.00,gross_valid_pos_sales_excluding_cancellations,verified_mdb_journal_match,mdb_valid_pos_sales,megamanagepro-20260820T172552Z-1-001.zip::megamanagepro/DbPos.mdb,No notebook record exists for this date; ManagementPro is used as a gap fill. ManagementPro note: ManagementPro-recorded sales only; not confirmed complete store revenue.
2020-11-10,640.00,managementpro,managementpro_nonoverlap_gap_fill,ready_managementpro_gap_fill,,,,,640.00,640.00,gross_valid_pos_sales_excluding_cancellations,verified_mdb_journal_match,mdb_valid_pos_sales,megamanagepro-20260820T172552Z-1-001.zip::megamanagepro/DbPos.mdb,No notebook record exists for this date; ManagementPro is used as a gap fill. ManagementPro note: ManagementPro-recorded sales only; not confirmed complete store revenue.
2020-11-11,251.50,managementpro,managementpro_nonoverlap_gap_fill,ready_managementpro_gap_fill,,,,,251.50,251.50,gross_valid_pos_sales_excluding_cancellations,verified_mdb_journal_match,mdb_valid_pos_sales,megamanagepro-20260820T172552Z-1-001.zip::megamanagepro/DbPos.mdb,No notebook record exists for this date; ManagementPro is used as a gap fill. ManagementPro note: ManagementPro-recorded sales only; not confirmed complete store revenue.
2020-11-12,338.00,managementpro,managementpro_nonoverlap_gap_fill,ready_managementpro_gap_fill,,,,,338.00,338.00,gross_valid_pos_sales_excluding_cancellations,verified_mdb_journal_match,mdb_valid_pos_sales,megamanagepro-20260820T172552Z-1-001.zip::megamanagepro/DbPos.mdb,No notebook record exists for this date; ManagementPro is used as a gap fill. ManagementPro note: ManagementPro-recorded sales only; not confirmed complete store revenue.
2020-11-13,145.50,managementpro,managementpro_nonoverlap_gap_fill,ready_managementpro_gap_fill,,,,,145.50,145.50,gross_valid_pos_sales_excluding_cancellations,verified_mdb_journal_match,mdb_valid_pos_sales,megamanagepro-20260820T172552Z-1-001.zip::megamanagepro/DbPos.mdb,No notebook record exists for this date; ManagementPro is used as a gap fill. ManagementPro note: ManagementPro-recorded sales only; not confirmed complete store revenue.
2020-11-14,242.50,managementpro,managementpro_nonoverlap_gap_fill,ready_managementpro_gap_fill,,,,,242.50,242.50,gross_valid_pos_sales_excluding_cancellations,verified_mdb_journal_match,mdb_valid_pos_sales,megamanagepro-20260820T172552Z-1-001.zip::megamanagepro/DbPos.mdb,No notebook record exists for this date; ManagementPro is used as a gap fill. ManagementPro note: ManagementPro-recorded sales only; not confirmed complete store revenue.
2020-11-15,234.50,managementpro,managementpro_nonoverlap_gap_fill,ready_managementpro_gap_fill,,,,,234.50,234.50,gross_valid_pos_sales_excluding_cancellations,verified_mdb_journal_match,mdb_valid_pos_sales,megamanagepro-20260820T172552Z-1-001.zip::megamanagepro/DbPos.mdb,No notebook record exists for this date; ManagementPro is used as a gap fill. ManagementPro note: ManagementPro-recorded sales only; not confirmed complete store revenue.
2020-11-17,230.00,managementpro,managementpro_nonoverlap_gap_fill,ready_managementpro_gap_fill,,,,,230.00,230.00,gross_valid_pos_sales_excluding_cancellations,verified_mdb_journal_match,mdb_valid_pos_sales,megamanagepro-20260820T172552Z-1-001.zip::megamanagepro/DbPos.mdb,No notebook record exists for this date; ManagementPro is used as a gap fill. ManagementPro note: ManagementPro-recorded sales only; not confirmed complete store revenue.
2020-11-18,554.00,managementpro,managementpro_nonoverlap_gap_fill,ready_managementpro_gap_fill,,,,,554.00,554.00,gross_valid_pos_sales_excluding_cancellations,verified_mdb_journal_match,mdb_valid_pos_sales,megamanagepro-20260820T172552Z-1-001.zip::megamanagepro/DbPos.mdb,No notebook record exists for this date; ManagementPro is used as a gap fill. ManagementPro note: ManagementPro-recorded sales only; not confirmed complete store revenue.
2020-11-19,416.50,managementpro,managementpro_nonoverlap_gap_fill,ready_managementpro_gap_fill,,,,,416.50,416.50,gross_valid_pos_sales_excluding_cancellations,verified_mdb_journal_match,mdb_valid_pos_sales,megamanagepro-20260820T172552Z-1-001.zip::megamanagepro/DbPos.mdb,No notebook record exists for this date; ManagementPro is used as a gap fill. ManagementPro note: ManagementPro-recorded sales only; not confirmed complete store revenue.
2020-11-20,153.00,managementpro,managementpro_nonoverlap_gap_fill,ready_managementpro_gap_fill,,,,,153.00,153.00,gross_valid_pos_sales_excluding_cancellations,verified_mdb_journal_match,mdb_valid_pos_sales,megamanagepro-20260820T172552Z-1-001.zip::megamanagepro/DbPos.mdb,No notebook record exists for this date; ManagementPro is used as a gap fill. ManagementPro note: ManagementPro-recorded sales only; not confirmed complete store revenue.
2020-11-21,510.50,managementpro,managementpro_nonoverlap_gap_fill,ready_managementpro_gap_fill,,,,,510.50,510.50,gross_valid_pos_sales_excluding_cancellations,verified_mdb_journal_match,mdb_valid_pos_sales,megamanagepro-20260820T172552Z-1-001.zip::megamanagepro/DbPos.mdb,No notebook record exists for this date; ManagementPro is used as a gap fill. ManagementPro note: ManagementPro-recorded sales only; not confirmed complete store revenue.
2020-11-22,128.00,managementpro,managementpro_nonoverlap_gap_fill,ready_managementpro_gap_fill,,,,,128.00,128.00,gross_valid_pos_sales_excluding_cancellations,verified_mdb_journal_match,mdb_valid_pos_sales,megamanagepro-20260820T172552Z-1-001.zip::megamanagepro/DbPos.mdb,No notebook record exists for this date; ManagementPro is used as a gap fill. ManagementPro note: ManagementPro-recorded sales only; not confirmed complete store revenue.
2020-11-23,564.00,managementpro,managementpro_nonoverlap_gap_fill,ready_managementpro_gap_fill,,,,,564.00,564.00,gross_valid_pos_sales_excluding_cancellations,verified_mdb_journal_match,mdb_valid_pos_sales,megamanagepro-20260820T172552Z-1-001.zip::megamanagepro/DbPos.mdb,No notebook record exists for this date; ManagementPro is used as a gap fill. ManagementPro note: ManagementPro-recorded sales only; not confirmed complete store revenue.
2020-11-24,410.50,managementpro,managementpro_nonoverlap_gap_fill,ready_managementpro_gap_fill,,,,,410.50,410.50,gross_valid_pos_sales_excluding_cancellations,verified_mdb_journal_match,mdb_valid_pos_sales,megamanagepro-20260820T172552Z-1-001.zip::megamanagepro/DbPos.mdb,No notebook record exists for this date; ManagementPro is used as a gap fill. ManagementPro note: ManagementPro-recorded sales only; not confirmed complete store revenue.
2020-11-25,553.00,managementpro,managementpro_nonoverlap_gap_fill,ready_managementpro_gap_fill,,,,,553.00,553.00,gross_valid_pos_sales_excluding_cancellations,verified_mdb_journal_match,mdb_valid_pos_sales,megamanagepro-20260820T172552Z-1-001.zip::megamanagepro/DbPos.mdb,No notebook record exists for this date; ManagementPro is used as a gap fill. ManagementPro note: ManagementPro-recorded sales only; not confirmed complete store revenue.
2020-11-26,425.50,managementpro,managementpro_nonoverlap_gap_fill,ready_managementpro_gap_fill,,,,,425.50,425.50,gross_valid_pos_sales_excluding_cancellations,verified_mdb_journal_match,mdb_valid_pos_sales,megamanagepro-20260820T172552Z-1-001.zip::megamanagepro/DbPos.mdb,No notebook record exists for this date; ManagementPro is used as a gap fill. ManagementPro note: ManagementPro-recorded sales only; not confirmed complete store revenue.
2020-11-27,375.00,managementpro,managementpro_nonoverlap_gap_fill,ready_managementpro_gap_fill,,,,,375.00,375.00,gross_valid_pos_sales_excluding_cancellations,verified_mdb_journal_match,mdb_valid_pos_sales,megamanagepro-20260820T172552Z-1-001.zip::megamanagepro/DbPos.mdb,No notebook record exists for this date; ManagementPro is used as a gap fill. ManagementPro note: ManagementPro-recorded sales only; not confirmed complete store revenue.
2020-11-28,139.00,managementpro,managementpro_nonoverlap_gap_fill,ready_managementpro_gap_fill,,,,,139.00,139.00,gross_valid_pos_sales_excluding_cancellations,verified_mdb_journal_match,mdb_valid_pos_sales,megamanagepro-20260820T172552Z-1-001.zip::megamanagepro/DbPos.mdb,No notebook record exists for this date; ManagementPro is used as a gap fill. ManagementPro note: ManagementPro-recorded sales only; not confirmed complete store revenue.
2020-11-30,575.00,managementpro,managementpro_nonoverlap_gap_fill,ready_managementpro_gap_fill,,,,,575.00,575.00,gross_valid_pos_sales_excluding_cancellations,verified_mdb_journal_match,mdb_valid_pos_sales,megamanagepro-20260820T172552Z-1-001.zip::megamanagepro/DbPos.mdb,No notebook record exists for this date; ManagementPro is used as a gap fill. ManagementPro note: ManagementPro-recorded sales only; not confirmed complete store revenue.
2020-12-01,679.50,managementpro,managementpro_nonoverlap_gap_fill,ready_managementpro_gap_fill,,,,,679.50,679.50,gross_valid_pos_sales_excluding_cancellations,verified_mdb_journal_match,mdb_valid_pos_sales,megamanagepro-20260820T172552Z-1-001.zip::megamanagepro/DbPos.mdb,No notebook record exists for this date; ManagementPro is used as a gap fill. ManagementPro note: ManagementPro-recorded sales only; not confirmed complete store revenue.
2020-12-02,741.00,managementpro,managementpro_nonoverlap_gap_fill,ready_managementpro_gap_fill,,,,,741.00,739.50,gross_valid_pos_sales_excluding_cancellations,review_mdb_journal_difference,mdb_valid_pos_sales,megamanagepro-20260820T172552Z-1-001.zip::megamanagepro/DbPos.mdb,No notebook record exists for this date; ManagementPro is used as a gap fill. ManagementPro note: ManagementPro-recorded sales only; not confirmed complete store revenue. Authoritative MDB differs from journal audit by 1.50 MXN.
2020-12-03,275.50,managementpro,managementpro_nonoverlap_gap_fill,ready_managementpro_gap_fill,,,,,275.50,275.50,gross_valid_pos_sales_excluding_cancellations,verified_mdb_journal_match,mdb_valid_pos_sales,megamanagepro-20260820T172552Z-1-001.zip::megamanagepro/DbPos.mdb,No notebook record exists for this date; ManagementPro is used as a gap fill. ManagementPro note: ManagementPro-recorded sales only; not confirmed complete store revenue.
2020-12-04,183.50,managementpro,managementpro_nonoverlap_gap_fill,ready_managementpro_gap_fill,,,,,183.50,183.50,gross_valid_pos_sales_excluding_cancellations,verified_mdb_journal_match,mdb_valid_pos_sales,megamanagepro-20260820T172552Z-1-001.zip::megamanagepro/DbPos.mdb,No notebook record exists for this date; ManagementPro is used as a gap fill. ManagementPro note: ManagementPro-recorded sales only; not confirmed complete store revenue.
2020-12-05,476.50,managementpro,managementpro_nonoverlap_gap_fill,ready_managementpro_gap_fill,,,,,476.50,476.50,gross_valid_pos_sales_excluding_cancellations,verified_mdb_journal_match,mdb_valid_pos_sales,megamanagepro-20260820T172552Z-1-001.zip::megamanagepro/DbPos.mdb,No notebook record exists for this date; ManagementPro is used as a gap fill. ManagementPro note: ManagementPro-recorded sales only; not confirmed complete store revenue.
2020-12-07,378.00,managementpro,managementpro_nonoverlap_gap_fill,ready_managementpro_gap_fill,,,,,378.00,378.00,gross_valid_pos_sales_excluding_cancellations,verified_mdb_journal_match,mdb_valid_pos_sales,megamanagepro-20260820T172552Z-1-001.zip::megamanagepro/DbPos.mdb,No notebook record exists for this date; ManagementPro is used as a gap fill. ManagementPro note: ManagementPro-recorded sales only; not confirmed complete store revenue.
2020-12-08,296.50,managementpro,managementpro_nonoverlap_gap_fill,ready_managementpro_gap_fill,,,,,296.50,296.50,gross_valid_pos_sales_excluding_cancellations,verified_mdb_journal_match,mdb_valid_pos_sales,megamanagepro-20260820T172552Z-1-001.zip::megamanagepro/DbPos.mdb,No notebook record exists for this date; ManagementPro is used as a gap fill. ManagementPro note: ManagementPro-recorded sales only; not confirmed complete store revenue.
2020-12-09,236.00,managementpro,managementpro_nonoverlap_gap_fill,ready_managementpro_gap_fill,,,,,236.00,236.00,gross_valid_pos_sales_excluding_cancellations,verified_mdb_journal_match,mdb_valid_pos_sales,megamanagepro-20260820T172552Z-1-001.zip::megamanagepro/DbPos.mdb,No notebook record exists for this date; ManagementPro is used as a gap fill. ManagementPro note: ManagementPro-recorded sales only; not confirmed complete store revenue.
2020-12-10,358.00,managementpro,managementpro_nonoverlap_gap_fill,ready_managementpro_gap_fill,,,,,358.00,358.00,gross_valid_pos_sales_excluding_cancellations,verified_mdb_journal_match,mdb_valid_pos_sales,megamanagepro-20260820T172552Z-1-001.zip::megamanagepro/DbPos.mdb,No notebook record exists for this date; ManagementPro is used as a gap fill. ManagementPro note: ManagementPro-recorded sales only; not confirmed complete store revenue.
2020-12-11,704.00,managementpro,managementpro_nonoverlap_gap_fill,ready_managementpro_gap_fill,,,,,704.00,704.00,gross_valid_pos_sales_excluding_cancellations,verified_mdb_journal_match,mdb_valid_pos_sales,megamanagepro-20260820T172552Z-1-001.zip::megamanagepro/DbPos.mdb,No notebook record exists for this date; ManagementPro is used as a gap fill. ManagementPro note: ManagementPro-recorded sales only; not confirmed complete store revenue.
2020-12-12,327.00,managementpro,managementpro_nonoverlap_gap_fill,ready_managementpro_gap_fill,,,,,327.00,327.00,gross_valid_pos_sales_excluding_cancellations,verified_mdb_journal_match,mdb_valid_pos_sales,megamanagepro-20260820T172552Z-1-001.zip::megamanagepro/DbPos.mdb,No notebook record exists for this date; ManagementPro is used as a gap fill. ManagementPro note: ManagementPro-recorded sales only; not confirmed complete store revenue.
2020-12-14,474.00,managementpro,managementpro_nonoverlap_gap_fill,ready_managementpro_gap_fill,,,,,474.00,474.00,gross_valid_pos_sales_excluding_cancellations,verified_mdb_journal_match,mdb_valid_pos_sales,megamanagepro-20260820T172552Z-1-001.zip::megamanagepro/DbPos.mdb,No notebook record exists for this date; ManagementPro is used as a gap fill. ManagementPro note: ManagementPro-recorded sales only; not confirmed complete store revenue.
2020-12-15,603.50,managementpro,managementpro_nonoverlap_gap_fill,ready_managementpro_gap_fill,,,,,603.50,603.50,gross_valid_pos_sales_excluding_cancellations,verified_mdb_journal_match,mdb_valid_pos_sales,megamanagepro-20260820T172552Z-1-001.zip::megamanagepro/DbPos.mdb,No notebook record exists for this date; ManagementPro is used as a gap fill. ManagementPro note: ManagementPro-recorded sales only; not confirmed complete store revenue.
2020-12-16,542.50,managementpro,managementpro_nonoverlap_gap_fill,ready_managementpro_gap_fill,,,,,542.50,542.50,gross_valid_pos_sales_excluding_cancellations,verified_mdb_journal_match,mdb_valid_pos_sales,megamanagepro-20260820T172552Z-1-001.zip::megamanagepro/DbPos.mdb,No notebook record exists for this date; ManagementPro is used as a gap fill. ManagementPro note: ManagementPro-recorded sales only; not confirmed complete store revenue.
2020-12-17,491.50,managementpro,managementpro_nonoverlap_gap_fill,ready_managementpro_gap_fill,,,,,491.50,491.50,gross_valid_pos_sales_excluding_cancellations,verified_mdb_journal_match,mdb_valid_pos_sales,megamanagepro-20260820T172552Z-1-001.zip::megamanagepro/DbPos.mdb,No notebook record exists for this date; ManagementPro is used as a gap fill. ManagementPro note: ManagementPro-recorded sales only; not confirmed complete store revenue.
2020-12-18,379.50,managementpro,managementpro_nonoverlap_gap_fill,ready_managementpro_gap_fill,,,,,379.50,379.50,gross_valid_pos_sales_excluding_cancellations,verified_mdb_journal_match,mdb_valid_pos_sales,megamanagepro-20260820T172552Z-1-001.zip::megamanagepro/DbPos.mdb,No notebook record exists for this date; ManagementPro is used as a gap fill. ManagementPro note: ManagementPro-recorded sales only; not confirmed complete store revenue.
2020-12-19,368.50,managementpro,managementpro_nonoverlap_gap_fill,ready_managementpro_gap_fill,,,,,368.50,368.50,gross_valid_pos_sales_excluding_cancellations,verified_mdb_journal_match,mdb_valid_pos_sales,megamanagepro-20260820T172552Z-1-001.zip::megamanagepro/DbPos.mdb,No notebook record exists for this date; ManagementPro is used as a gap fill. ManagementPro note: ManagementPro-recorded sales only; not confirmed complete store revenue.
2020-12-21,347.00,managementpro,managementpro_nonoverlap_gap_fill,ready_managementpro_gap_fill,,,,,347.00,347.00,gross_valid_pos_sales_excluding_cancellations,verified_mdb_journal_match,mdb_valid_pos_sales,megamanagepro-20260820T172552Z-1-001.zip::megamanagepro/DbPos.mdb,No notebook record exists for this date; ManagementPro is used as a gap fill. ManagementPro note: ManagementPro-recorded sales only; not confirmed complete store revenue.
2020-12-22,666.50,managementpro,managementpro_nonoverlap_gap_fill,ready_managementpro_gap_fill,,,,,666.50,666.50,gross_valid_pos_sales_excluding_cancellations,verified_mdb_journal_match,mdb_valid_pos_sales,megamanagepro-20260820T172552Z-1-001.zip::megamanagepro/DbPos.mdb,No notebook record exists for this date; ManagementPro is used as a gap fill. ManagementPro note: ManagementPro-recorded sales only; not confirmed complete store revenue.
2020-12-23,658.00,managementpro,managementpro_nonoverlap_gap_fill,ready_managementpro_gap_fill,,,,,658.00,658.00,gross_valid_pos_sales_excluding_cancellations,verified_mdb_journal_match,mdb_valid_pos_sales,megamanagepro-20260820T172552Z-1-001.zip::megamanagepro/DbPos.mdb,No notebook record exists for this date; ManagementPro is used as a gap fill. ManagementPro note: ManagementPro-recorded sales only; not confirmed complete store revenue.
2020-12-24,535.00,managementpro,managementpro_nonoverlap_gap_fill,ready_managementpro_gap_fill,,,,,535.00,535.00,gross_valid_pos_sales_excluding_cancellations,verified_mdb_journal_match,mdb_valid_pos_sales,megamanagepro-20260820T172552Z-1-001.zip::megamanagepro/DbPos.mdb,No notebook record exists for this date; ManagementPro is used as a gap fill. ManagementPro note: ManagementPro-recorded sales only; not confirmed complete store revenue.
2020-12-28,146.00,managementpro,managementpro_nonoverlap_gap_fill,ready_managementpro_gap_fill,,,,,146.00,146.00,gross_valid_pos_sales_excluding_cancellations,verified_mdb_journal_match,mdb_valid_pos_sales,megamanagepro-20260820T172552Z-1-001.zip::megamanagepro/DbPos.mdb,No notebook record exists for this date; ManagementPro is used as a gap fill. ManagementPro note: ManagementPro-recorded sales only; not confirmed complete store revenue.
2020-12-29,172.00,managementpro,managementpro_nonoverlap_gap_fill,ready_managementpro_gap_fill,,,,,172.00,172.00,gross_valid_pos_sales_excluding_cancellations,verified_mdb_journal_match,mdb_valid_pos_sales,megamanagepro-20260820T172552Z-1-001.zip::megamanagepro/DbPos.mdb,No notebook record exists for this date; ManagementPro is used as a gap fill. ManagementPro note: ManagementPro-recorded sales only; not confirmed complete store revenue.
2020-12-30,101.50,managementpro,managementpro_nonoverlap_gap_fill,ready_managementpro_gap_fill,,,,,101.50,101.50,gross_valid_pos_sales_excluding_cancellations,verified_mdb_journal_match,mdb_valid_pos_sales,megamanagepro-20260820T172552Z-1-001.zip::megamanagepro/DbPos.mdb,No notebook record exists for this date; ManagementPro is used as a gap fill. ManagementPro note: ManagementPro-recorded sales only; not confirmed complete store revenue.
2020-12-31,120.00,managementpro,managementpro_nonoverlap_gap_fill,ready_managementpro_gap_fill,,,,,120.00,120.00,gross_valid_pos_sales_excluding_cancellations,verified_mdb_journal_match,mdb_valid_pos_sales,megamanagepro-20260820T172552Z-1-001.zip::megamanagepro/DbPos.mdb,No notebook record exists for this date; ManagementPro is used as a gap fill. ManagementPro note: ManagementPro-recorded sales only; not confirmed complete store revenue.
2021-01-04,131.50,managementpro,managementpro_nonoverlap_gap_fill,ready_managementpro_gap_fill,,,,,131.50,131.50,gross_valid_pos_sales_excluding_cancellations,verified_mdb_journal_match,mdb_valid_pos_sales,megamanagepro-20260820T172552Z-1-001.zip::megamanagepro/DbPos.mdb,No notebook record exists for this date; ManagementPro is used as a gap fill. ManagementPro note: ManagementPro-recorded sales only; not confirmed complete store revenue.
2021-01-05,59.00,managementpro,managementpro_nonoverlap_gap_fill,ready_managementpro_gap_fill,,,,,59.00,59.00,gross_valid_pos_sales_excluding_cancellations,verified_mdb_journal_match,mdb_valid_pos_sales,megamanagepro-20260820T172552Z-1-001.zip::megamanagepro/DbPos.mdb,No notebook record exists for this date; ManagementPro is used as a gap fill. ManagementPro note: ManagementPro-recorded sales only; not confirmed complete store revenue.
2021-01-07,137.00,managementpro,managementpro_nonoverlap_gap_fill,ready_managementpro_gap_fill,,,,,137.00,137.00,gross_valid_pos_sales_excluding_cancellations,verified_mdb_journal_match,mdb_valid_pos_sales,megamanagepro-20260820T172552Z-1-001.zip::megamanagepro/DbPos.mdb,No notebook record exists for this date; ManagementPro is used as a gap fill. ManagementPro note: ManagementPro-recorded sales only; not confirmed complete store revenue.
2021-01-08,389.00,managementpro,managementpro_nonoverlap_gap_fill,ready_managementpro_gap_fill,,,,,389.00,389.00,gross_valid_pos_sales_excluding_cancellations,verified_mdb_journal_match,mdb_valid_pos_sales,megamanagepro-20260820T172552Z-1-001.zip::megamanagepro/DbPos.mdb,No notebook record exists for this date; ManagementPro is used as a gap fill. ManagementPro note: ManagementPro-recorded sales only; not confirmed complete store revenue.
2021-01-11,335.00,managementpro,managementpro_nonoverlap_gap_fill,ready_managementpro_gap_fill,,,,,335.00,335.00,gross_valid_pos_sales_excluding_cancellations,verified_mdb_journal_match,mdb_valid_pos_sales,megamanagepro-20260820T172552Z-1-001.zip::megamanagepro/DbPos.mdb,No notebook record exists for this date; ManagementPro is used as a gap fill. ManagementPro note: ManagementPro-recorded sales only; not confirmed complete store revenue.
2021-01-12,223.00,managementpro,managementpro_nonoverlap_gap_fill,ready_managementpro_gap_fill,,,,,223.00,223.00,gross_valid_pos_sales_excluding_cancellations,verified_mdb_journal_match,mdb_valid_pos_sales,megamanagepro-20260820T172552Z-1-001.zip::megamanagepro/DbPos.mdb,No notebook record exists for this date; ManagementPro is used as a gap fill. ManagementPro note: ManagementPro-recorded sales only; not confirmed complete store revenue.
2021-01-13,458.00,managementpro,managementpro_nonoverlap_gap_fill,ready_managementpro_gap_fill,,,,,458.00,458.00,gross_valid_pos_sales_excluding_cancellations,verified_mdb_journal_match,mdb_valid_pos_sales,megamanagepro-20260820T172552Z-1-001.zip::megamanagepro/DbPos.mdb,No notebook record exists for this date; ManagementPro is used as a gap fill. ManagementPro note: ManagementPro-recorded sales only; not confirmed complete store revenue.
2021-01-14,456.50,managementpro,managementpro_nonoverlap_gap_fill,ready_managementpro_gap_fill,,,,,456.50,456.50,gross_valid_pos_sales_excluding_cancellations,verified_mdb_journal_match,mdb_valid_pos_sales,megamanagepro-20260820T172552Z-1-001.zip::megamanagepro/DbPos.mdb,No notebook record exists for this date; ManagementPro is used as a gap fill. ManagementPro note: ManagementPro-recorded sales only; not confirmed complete store revenue.
2021-01-15,223.50,managementpro,managementpro_nonoverlap_gap_fill,ready_managementpro_gap_fill,,,,,223.50,223.50,gross_valid_pos_sales_excluding_cancellations,verified_mdb_journal_match,mdb_valid_pos_sales,megamanagepro-20260820T172552Z-1-001.zip::megamanagepro/DbPos.mdb,No notebook record exists for this date; ManagementPro is used as a gap fill. ManagementPro note: ManagementPro-recorded sales only; not confirmed complete store revenue.
2021-01-16,316.00,managementpro,managementpro_nonoverlap_gap_fill,ready_managementpro_gap_fill,,,,,316.00,27.00,gross_valid_pos_sales_excluding_cancellations,review_mdb_journal_difference,mdb_valid_pos_sales,megamanagepro-20260820T172552Z-1-001.zip::megamanagepro/DbPos.mdb,No notebook record exists for this date; ManagementPro is used as a gap fill. ManagementPro note: ManagementPro-recorded sales only; not confirmed complete store revenue. Authoritative MDB differs from journal audit by 289.00 MXN.
2021-01-18,,managementpro,managementpro_nonoverlap_gap_fill,unresolved_managementpro_blank,,,,,,289.00,unresolved_journal_candidate,review_possible_date_shift_duplicate,journal_completed_sales,mpro-pos-20260820T172538Z-1-001.zip::mpro-pos/JOURNAL/00010120210118.jrn,"No notebook record exists for this date; ManagementPro is used as a gap fill. ManagementPro amount is unresolved and intentionally left blank, not zero. ManagementPro note: ManagementPro-recorded sales only; not confirmed complete store revenue. Candidate amount is preserved in journal_sales_mxn but intentionally excluded from amount_mxn pending date/duplicate review. No corresponding valid Venta rows in the canonical MDB; retained from the journal audit."
2021-01-19,202.50,managementpro,managementpro_nonoverlap_gap_fill,ready_managementpro_gap_fill,,,,,202.50,202.50,gross_valid_pos_sales_excluding_cancellations,verified_mdb_journal_match,mdb_valid_pos_sales,megamanagepro-20260820T172552Z-1-001.zip::megamanagepro/DbPos.mdb,No notebook record exists for this date; ManagementPro is used as a gap fill. ManagementPro note: ManagementPro-recorded sales only; not confirmed complete store revenue.
2021-01-20,410.00,managementpro,managementpro_nonoverlap_gap_fill,ready_managementpro_gap_fill,,,,,410.00,410.00,gross_valid_pos_sales_excluding_cancellations,verified_mdb_journal_match,mdb_valid_pos_sales,megamanagepro-20260820T172552Z-1-001.zip::megamanagepro/DbPos.mdb,No notebook record exists for this date; ManagementPro is used as a gap fill. ManagementPro note: ManagementPro-recorded sales only; not confirmed complete store revenue.
2021-01-21,328.00,managementpro,managementpro_nonoverlap_gap_fill,ready_managementpro_gap_fill,,,,,328.00,328.00,gross_valid_pos_sales_excluding_cancellations,verified_mdb_journal_match,mdb_valid_pos_sales,megamanagepro-20260820T172552Z-1-001.zip::megamanagepro/DbPos.mdb,No notebook record exists for this date; ManagementPro is used as a gap fill. ManagementPro note: ManagementPro-recorded sales only; not confirmed complete store revenue.
2021-01-22,182.00,managementpro,managementpro_nonoverlap_gap_fill,ready_managementpro_gap_fill,,,,,182.00,90.00,gross_valid_pos_sales_excluding_cancellations,review_mdb_journal_difference,mdb_valid_pos_sales,megamanagepro-20260820T172552Z-1-001.zip::megamanagepro/DbPos.mdb,No notebook record exists for this date; ManagementPro is used as a gap fill. ManagementPro note: ManagementPro-recorded sales only; not confirmed complete store revenue. Authoritative MDB differs from journal audit by 92.00 MXN.
2021-01-23,,managementpro,managementpro_nonoverlap_gap_fill,unresolved_managementpro_blank,,,,,,92.00,unresolved_journal_candidate,review_possible_date_shift_duplicate,journal_completed_sales,mpro-pos-20260820T172538Z-1-001.zip::mpro-pos/JOURNAL/00010120210123.jrn,"No notebook record exists for this date; ManagementPro is used as a gap fill. ManagementPro amount is unresolved and intentionally left blank, not zero. ManagementPro note: ManagementPro-recorded sales only; not confirmed complete store revenue. Candidate amount is preserved in journal_sales_mxn but intentionally excluded from amount_mxn pending date/duplicate review. No corresponding valid Venta rows in the canonical MDB; retained from the journal audit."
2021-01-25,204.00,managementpro,managementpro_nonoverlap_gap_fill,ready_managementpro_gap_fill,,,,,204.00,204.00,gross_valid_pos_sales_excluding_cancellations,verified_mdb_journal_match,mdb_valid_pos_sales,megamanagepro-20260820T172552Z-1-001.zip::megamanagepro/DbPos.mdb,No notebook record exists for this date; ManagementPro is used as a gap fill. ManagementPro note: ManagementPro-recorded sales only; not confirmed complete store revenue.
2021-01-26,294.00,managementpro,managementpro_nonoverlap_gap_fill,ready_managementpro_gap_fill,,,,,294.00,294.00,gross_valid_pos_sales_excluding_cancellations,verified_mdb_journal_match,mdb_valid_pos_sales,megamanagepro-20260820T172552Z-1-001.zip::megamanagepro/DbPos.mdb,No notebook record exists for this date; ManagementPro is used as a gap fill. ManagementPro note: ManagementPro-recorded sales only; not confirmed complete store revenue.
2021-01-27,205.00,managementpro,managementpro_nonoverlap_gap_fill,ready_managementpro_gap_fill,,,,,205.00,205.00,gross_valid_pos_sales_excluding_cancellations,verified_mdb_journal_match,mdb_valid_pos_sales,megamanagepro-20260820T172552Z-1-001.zip::megamanagepro/DbPos.mdb,No notebook record exists for this date; ManagementPro is used as a gap fill. ManagementPro note: ManagementPro-recorded sales only; not confirmed complete store revenue.
2021-01-28,302.00,managementpro,managementpro_nonoverlap_gap_fill,ready_managementpro_gap_fill,,,,,302.00,302.00,gross_valid_pos_sales_excluding_cancellations,verified_mdb_journal_match,mdb_valid_pos_sales,megamanagepro-20260820T172552Z-1-001.zip::megamanagepro/DbPos.mdb,No notebook record exists for this date; ManagementPro is used as a gap fill. ManagementPro note: ManagementPro-recorded sales only; not confirmed complete store revenue.
2021-01-29,138.00,managementpro,managementpro_nonoverlap_gap_fill,ready_managementpro_gap_fill,,,,,138.00,138.00,gross_valid_pos_sales_excluding_cancellations,verified_mdb_journal_match,mdb_valid_pos_sales,megamanagepro-20260820T172552Z-1-001.zip::megamanagepro/DbPos.mdb,No notebook record exists for this date; ManagementPro is used as a gap fill. ManagementPro note: ManagementPro-recorded sales only; not confirmed complete store revenue.
2021-01-30,268.00,managementpro,managementpro_nonoverlap_gap_fill,ready_managementpro_gap_fill,,,,,268.00,268.00,gross_valid_pos_sales_excluding_cancellations,verified_mdb_journal_match,mdb_valid_pos_sales,megamanagepro-20260820T172552Z-1-001.zip::megamanagepro/DbPos.mdb,No notebook record exists for this date; ManagementPro is used as a gap fill. ManagementPro note: ManagementPro-recorded sales only; not confirmed complete store revenue.
2021-02-01,260.00,managementpro,managementpro_nonoverlap_gap_fill,ready_managementpro_gap_fill,,,,,260.00,18.00,gross_valid_pos_sales_excluding_cancellations,review_mdb_journal_difference,mdb_valid_pos_sales,megamanagepro-20260820T172552Z-1-001.zip::megamanagepro/DbPos.mdb,No notebook record exists for this date; ManagementPro is used as a gap fill. ManagementPro note: ManagementPro-recorded sales only; not confirmed complete store revenue. Authoritative MDB differs from journal audit by 242.00 MXN.
2021-02-02,,managementpro,managementpro_nonoverlap_gap_fill,unresolved_managementpro_blank,,,,,,242.00,unresolved_journal_candidate,review_possible_date_shift_duplicate,journal_completed_sales,mpro-pos-20260820T172538Z-1-001.zip::mpro-pos/JOURNAL/00010120210202.jrn,"No notebook record exists for this date; ManagementPro is used as a gap fill. ManagementPro amount is unresolved and intentionally left blank, not zero. ManagementPro note: ManagementPro-recorded sales only; not confirmed complete store revenue. Candidate amount is preserved in journal_sales_mxn but intentionally excluded from amount_mxn pending date/duplicate review. No corresponding valid Venta rows in the canonical MDB; retained from the journal audit."
2021-02-03,356.50,managementpro,managementpro_nonoverlap_gap_fill,ready_managementpro_gap_fill,,,,,356.50,356.50,gross_valid_pos_sales_excluding_cancellations,verified_mdb_journal_match,mdb_valid_pos_sales,megamanagepro-20260820T172552Z-1-001.zip::megamanagepro/DbPos.mdb,No notebook record exists for this date; ManagementPro is used as a gap fill. ManagementPro note: ManagementPro-recorded sales only; not confirmed complete store revenue.
2021-02-04,470.00,managementpro,managementpro_nonoverlap_gap_fill,ready_managementpro_gap_fill,,,,,470.00,470.00,gross_valid_pos_sales_excluding_cancellations,verified_mdb_journal_match,mdb_valid_pos_sales,megamanagepro-20260820T172552Z-1-001.zip::megamanagepro/DbPos.mdb,No notebook record exists for this date; ManagementPro is used as a gap fill. ManagementPro note: ManagementPro-recorded sales only; not confirmed complete store revenue.
2021-02-05,282.50,managementpro,managementpro_nonoverlap_gap_fill,ready_managementpro_gap_fill,,,,,282.50,282.50,gross_valid_pos_sales_excluding_cancellations,verified_mdb_journal_match,mdb_valid_pos_sales,megamanagepro-20260820T172552Z-1-001.zip::megamanagepro/DbPos.mdb,No notebook record exists for this date; ManagementPro is used as a gap fill. ManagementPro note: ManagementPro-recorded sales only; not confirmed complete store revenue.
2021-02-06,188.00,managementpro,managementpro_nonoverlap_gap_fill,ready_managementpro_gap_fill,,,,,188.00,188.00,gross_valid_pos_sales_excluding_cancellations,verified_mdb_journal_match,mdb_valid_pos_sales,megamanagepro-20260820T172552Z-1-001.zip::megamanagepro/DbPos.mdb,No notebook record exists for this date; ManagementPro is used as a gap fill. ManagementPro note: ManagementPro-recorded sales only; not confirmed complete store revenue.
2021-02-08,390.00,managementpro,managementpro_nonoverlap_gap_fill,ready_managementpro_gap_fill,,,,,390.00,390.00,gross_valid_pos_sales_excluding_cancellations,verified_mdb_journal_match,mdb_valid_pos_sales,megamanagepro-20260820T172552Z-1-001.zip::megamanagepro/DbPos.mdb,No notebook record exists for this date; ManagementPro is used as a gap fill. ManagementPro note: ManagementPro-recorded sales only; not confirmed complete store revenue.
2021-02-09,402.00,managementpro,managementpro_nonoverlap_gap_fill,ready_managementpro_gap_fill,,,,,402.00,402.00,gross_valid_pos_sales_excluding_cancellations,verified_mdb_journal_match,mdb_valid_pos_sales,megamanagepro-20260820T172552Z-1-001.zip::megamanagepro/DbPos.mdb,No notebook record exists for this date; ManagementPro is used as a gap fill. ManagementPro note: ManagementPro-recorded sales only; not confirmed complete store revenue.
2021-02-10,383.00,managementpro,managementpro_nonoverlap_gap_fill,ready_managementpro_gap_fill,,,,,383.00,383.00,gross_valid_pos_sales_excluding_cancellations,verified_mdb_journal_match,mdb_valid_pos_sales,megamanagepro-20260820T172552Z-1-001.zip::megamanagepro/DbPos.mdb,No notebook record exists for this date; ManagementPro is used as a gap fill. ManagementPro note: ManagementPro-recorded sales only; not confirmed complete store revenue.
2021-02-11,343.00,managementpro,managementpro_nonoverlap_gap_fill,ready_managementpro_gap_fill,,,,,343.00,343.00,gross_valid_pos_sales_excluding_cancellations,verified_mdb_journal_match,mdb_valid_pos_sales,megamanagepro-20260820T172552Z-1-001.zip::megamanagepro/DbPos.mdb,No notebook record exists for this date; ManagementPro is used as a gap fill. ManagementPro note: ManagementPro-recorded sales only; not confirmed complete store revenue.
2021-02-12,567.50,managementpro,managementpro_nonoverlap_gap_fill,ready_managementpro_gap_fill,,,,,567.50,567.50,gross_valid_pos_sales_excluding_cancellations,verified_mdb_journal_match,mdb_valid_pos_sales,megamanagepro-20260820T172552Z-1-001.zip::megamanagepro/DbPos.mdb,No notebook record exists for this date; ManagementPro is used as a gap fill. ManagementPro note: ManagementPro-recorded sales only; not confirmed complete store revenue.
2021-02-13,409.00,managementpro,managementpro_nonoverlap_gap_fill,ready_managementpro_gap_fill,,,,,409.00,409.00,gross_valid_pos_sales_excluding_cancellations,verified_mdb_journal_match,mdb_valid_pos_sales,megamanagepro-20260820T172552Z-1-001.zip::megamanagepro/DbPos.mdb,No notebook record exists for this date; ManagementPro is used as a gap fill. ManagementPro note: ManagementPro-recorded sales only; not confirmed complete store revenue.
2021-02-15,467.00,managementpro,managementpro_nonoverlap_gap_fill,ready_managementpro_gap_fill,,,,,467.00,467.00,gross_valid_pos_sales_excluding_cancellations,verified_mdb_journal_match,mdb_valid_pos_sales,megamanagepro-20260820T172552Z-1-001.zip::megamanagepro/DbPos.mdb,No notebook record exists for this date; ManagementPro is used as a gap fill. ManagementPro note: ManagementPro-recorded sales only; not confirmed complete store revenue.
2021-02-16,206.00,managementpro,managementpro_nonoverlap_gap_fill,ready_managementpro_gap_fill,,,,,206.00,206.00,gross_valid_pos_sales_excluding_cancellations,verified_mdb_journal_match,mdb_valid_pos_sales,megamanagepro-20260820T172552Z-1-001.zip::megamanagepro/DbPos.mdb,No notebook record exists for this date; ManagementPro is used as a gap fill. ManagementPro note: ManagementPro-recorded sales only; not confirmed complete store revenue.
2021-02-17,177.00,managementpro,managementpro_nonoverlap_gap_fill,ready_managementpro_gap_fill,,,,,177.00,177.00,gross_valid_pos_sales_excluding_cancellations,verified_mdb_journal_match,mdb_valid_pos_sales,megamanagepro-20260820T172552Z-1-001.zip::megamanagepro/DbPos.mdb,No notebook record exists for this date; ManagementPro is used as a gap fill. ManagementPro note: ManagementPro-recorded sales only; not confirmed complete store revenue.
2021-02-18,117.00,managementpro,managementpro_nonoverlap_gap_fill,ready_managementpro_gap_fill,,,,,117.00,117.00,gross_valid_pos_sales_excluding_cancellations,verified_mdb_journal_match,mdb_valid_pos_sales,megamanagepro-20260820T172552Z-1-001.zip::megamanagepro/DbPos.mdb,No notebook record exists for this date; ManagementPro is used as a gap fill. ManagementPro note: ManagementPro-recorded sales only; not confirmed complete store revenue.
2021-02-19,113.00,managementpro,managementpro_nonoverlap_gap_fill,ready_managementpro_gap_fill,,,,,113.00,113.00,gross_valid_pos_sales_excluding_cancellations,verified_mdb_journal_match,mdb_valid_pos_sales,megamanagepro-20260820T172552Z-1-001.zip::megamanagepro/DbPos.mdb,No notebook record exists for this date; ManagementPro is used as a gap fill. ManagementPro note: ManagementPro-recorded sales only; not confirmed complete store revenue.
2021-02-20,312.00,managementpro,managementpro_nonoverlap_gap_fill,ready_managementpro_gap_fill,,,,,312.00,312.00,gross_valid_pos_sales_excluding_cancellations,verified_mdb_journal_match,mdb_valid_pos_sales,megamanagepro-20260820T172552Z-1-001.zip::megamanagepro/DbPos.mdb,No notebook record exists for this date; ManagementPro is used as a gap fill. ManagementPro note: ManagementPro-recorded sales only; not confirmed complete store revenue.
2021-02-22,354.00,managementpro,managementpro_nonoverlap_gap_fill,ready_managementpro_gap_fill,,,,,354.00,354.00,gross_valid_pos_sales_excluding_cancellations,verified_mdb_journal_match,mdb_valid_pos_sales,megamanagepro-20260820T172552Z-1-001.zip::megamanagepro/DbPos.mdb,No notebook record exists for this date; ManagementPro is used as a gap fill. ManagementPro note: ManagementPro-recorded sales only; not confirmed complete store revenue.
2021-02-23,426.00,managementpro,managementpro_nonoverlap_gap_fill,ready_managementpro_gap_fill,,,,,426.00,426.00,gross_valid_pos_sales_excluding_cancellations,verified_mdb_journal_match,mdb_valid_pos_sales,megamanagepro-20260820T172552Z-1-001.zip::megamanagepro/DbPos.mdb,No notebook record exists for this date; ManagementPro is used as a gap fill. ManagementPro note: ManagementPro-recorded sales only; not confirmed complete store revenue.
2021-02-24,180.00,managementpro,managementpro_nonoverlap_gap_fill,ready_managementpro_gap_fill,,,,,180.00,180.00,gross_valid_pos_sales_excluding_cancellations,verified_mdb_journal_match,mdb_valid_pos_sales,megamanagepro-20260820T172552Z-1-001.zip::megamanagepro/DbPos.mdb,No notebook record exists for this date; ManagementPro is used as a gap fill. ManagementPro note: ManagementPro-recorded sales only; not confirmed complete store revenue.
2021-02-25,369.00,managementpro,managementpro_nonoverlap_gap_fill,ready_managementpro_gap_fill,,,,,369.00,369.00,gross_valid_pos_sales_excluding_cancellations,verified_mdb_journal_match,mdb_valid_pos_sales,megamanagepro-20260820T172552Z-1-001.zip::megamanagepro/DbPos.mdb,No notebook record exists for this date; ManagementPro is used as a gap fill. ManagementPro note: ManagementPro-recorded sales only; not confirmed complete store revenue.
2021-02-26,310.00,managementpro,managementpro_nonoverlap_gap_fill,ready_managementpro_gap_fill,,,,,310.00,310.00,gross_valid_pos_sales_excluding_cancellations,verified_mdb_journal_match,mdb_valid_pos_sales,megamanagepro-20260820T172552Z-1-001.zip::megamanagepro/DbPos.mdb,No notebook record exists for this date; ManagementPro is used as a gap fill. ManagementPro note: ManagementPro-recorded sales only; not confirmed complete store revenue.
2021-02-27,92.00,managementpro,managementpro_nonoverlap_gap_fill,ready_managementpro_gap_fill,,,,,92.00,92.00,gross_valid_pos_sales_excluding_cancellations,verified_mdb_journal_match,mdb_valid_pos_sales,megamanagepro-20260820T172552Z-1-001.zip::megamanagepro/DbPos.mdb,No notebook record exists for this date; ManagementPro is used as a gap fill. ManagementPro note: ManagementPro-recorded sales only; not confirmed complete store revenue.
2021-03-01,421.00,managementpro,managementpro_nonoverlap_gap_fill,ready_managementpro_gap_fill,,,,,421.00,421.00,gross_valid_pos_sales_excluding_cancellations,verified_mdb_journal_match,mdb_valid_pos_sales,megamanagepro-20260820T172552Z-1-001.zip::megamanagepro/DbPos.mdb,No notebook record exists for this date; ManagementPro is used as a gap fill. ManagementPro note: ManagementPro-recorded sales only; not confirmed complete store revenue.
2021-03-02,278.50,managementpro,managementpro_nonoverlap_gap_fill,ready_managementpro_gap_fill,,,,,278.50,278.50,gross_valid_pos_sales_excluding_cancellations,verified_mdb_journal_match,mdb_valid_pos_sales,megamanagepro-20260820T172552Z-1-001.zip::megamanagepro/DbPos.mdb,No notebook record exists for this date; ManagementPro is used as a gap fill. ManagementPro note: ManagementPro-recorded sales only; not confirmed complete store revenue.
2021-03-03,498.00,managementpro,managementpro_nonoverlap_gap_fill,ready_managementpro_gap_fill,,,,,498.00,498.00,gross_valid_pos_sales_excluding_cancellations,verified_mdb_journal_match,mdb_valid_pos_sales,megamanagepro-20260820T172552Z-1-001.zip::megamanagepro/DbPos.mdb,No notebook record exists for this date; ManagementPro is used as a gap fill. ManagementPro note: ManagementPro-recorded sales only; not confirmed complete store revenue.
2021-03-04,287.00,managementpro,managementpro_nonoverlap_gap_fill,ready_managementpro_gap_fill,,,,,287.00,287.00,gross_valid_pos_sales_excluding_cancellations,verified_mdb_journal_match,mdb_valid_pos_sales,megamanagepro-20260820T172552Z-1-001.zip::megamanagepro/DbPos.mdb,No notebook record exists for this date; ManagementPro is used as a gap fill. ManagementPro note: ManagementPro-recorded sales only; not confirmed complete store revenue.
2021-03-05,235.00,managementpro,managementpro_nonoverlap_gap_fill,ready_managementpro_gap_fill,,,,,235.00,235.00,gross_valid_pos_sales_excluding_cancellations,verified_mdb_journal_match,mdb_valid_pos_sales,megamanagepro-20260820T172552Z-1-001.zip::megamanagepro/DbPos.mdb,No notebook record exists for this date; ManagementPro is used as a gap fill. ManagementPro note: ManagementPro-recorded sales only; not confirmed complete store revenue.
2021-03-06,272.00,managementpro,managementpro_nonoverlap_gap_fill,ready_managementpro_gap_fill,,,,,272.00,272.00,gross_valid_pos_sales_excluding_cancellations,verified_mdb_journal_match,mdb_valid_pos_sales,megamanagepro-20260820T172552Z-1-001.zip::megamanagepro/DbPos.mdb,No notebook record exists for this date; ManagementPro is used as a gap fill. ManagementPro note: ManagementPro-recorded sales only; not confirmed complete store revenue.
2021-03-08,438.00,managementpro,managementpro_nonoverlap_gap_fill,ready_managementpro_gap_fill,,,,,438.00,438.00,gross_valid_pos_sales_excluding_cancellations,verified_mdb_journal_match,mdb_valid_pos_sales,megamanagepro-20260820T172552Z-1-001.zip::megamanagepro/DbPos.mdb,No notebook record exists for this date; ManagementPro is used as a gap fill. ManagementPro note: ManagementPro-recorded sales only; not confirmed complete store revenue.
2021-03-09,401.00,managementpro,managementpro_nonoverlap_gap_fill,ready_managementpro_gap_fill,,,,,401.00,401.00,gross_valid_pos_sales_excluding_cancellations,verified_mdb_journal_match,mdb_valid_pos_sales,megamanagepro-20260820T172552Z-1-001.zip::megamanagepro/DbPos.mdb,No notebook record exists for this date; ManagementPro is used as a gap fill. ManagementPro note: ManagementPro-recorded sales only; not confirmed complete store revenue.
2021-03-10,328.50,managementpro,managementpro_nonoverlap_gap_fill,ready_managementpro_gap_fill,,,,,328.50,328.50,gross_valid_pos_sales_excluding_cancellations,verified_mdb_journal_match,mdb_valid_pos_sales,megamanagepro-20260820T172552Z-1-001.zip::megamanagepro/DbPos.mdb,No notebook record exists for this date; ManagementPro is used as a gap fill. ManagementPro note: ManagementPro-recorded sales only; not confirmed complete store revenue.
2021-03-11,405.00,managementpro,managementpro_nonoverlap_gap_fill,ready_managementpro_gap_fill,,,,,405.00,405.00,gross_valid_pos_sales_excluding_cancellations,verified_mdb_journal_match,mdb_valid_pos_sales,megamanagepro-20260820T172552Z-1-001.zip::megamanagepro/DbPos.mdb,No notebook record exists for this date; ManagementPro is used as a gap fill. ManagementPro note: ManagementPro-recorded sales only; not confirmed complete store revenue.
2021-03-12,323.00,managementpro,managementpro_nonoverlap_gap_fill,ready_managementpro_gap_fill,,,,,323.00,323.00,gross_valid_pos_sales_excluding_cancellations,verified_mdb_journal_match,mdb_valid_pos_sales,megamanagepro-20260820T172552Z-1-001.zip::megamanagepro/DbPos.mdb,No notebook record exists for this date; ManagementPro is used as a gap fill. ManagementPro note: ManagementPro-recorded sales only; not confirmed complete store revenue.
2021-03-13,350.50,managementpro,managementpro_nonoverlap_gap_fill,ready_managementpro_gap_fill,,,,,350.50,350.50,gross_valid_pos_sales_excluding_cancellations,verified_mdb_journal_match,mdb_valid_pos_sales,megamanagepro-20260820T172552Z-1-001.zip::megamanagepro/DbPos.mdb,No notebook record exists for this date; ManagementPro is used as a gap fill. ManagementPro note: ManagementPro-recorded sales only; not confirmed complete store revenue.
2021-03-15,126.00,managementpro,managementpro_nonoverlap_gap_fill,ready_managementpro_gap_fill,,,,,126.00,126.00,gross_valid_pos_sales_excluding_cancellations,verified_mdb_journal_match,mdb_valid_pos_sales,megamanagepro-20260820T172552Z-1-001.zip::megamanagepro/DbPos.mdb,No notebook record exists for this date; ManagementPro is used as a gap fill. ManagementPro note: ManagementPro-recorded sales only; not confirmed complete store revenue.
2021-03-16,418.50,managementpro,managementpro_nonoverlap_gap_fill,ready_managementpro_gap_fill,,,,,418.50,418.50,gross_valid_pos_sales_excluding_cancellations,verified_mdb_journal_match,mdb_valid_pos_sales,megamanagepro-20260820T172552Z-1-001.zip::megamanagepro/DbPos.mdb,No notebook record exists for this date; ManagementPro is used as a gap fill. ManagementPro note: ManagementPro-recorded sales only; not confirmed complete store revenue.
2021-03-17,250.00,managementpro,managementpro_nonoverlap_gap_fill,ready_managementpro_gap_fill,,,,,250.00,250.00,gross_valid_pos_sales_excluding_cancellations,verified_mdb_journal_match,mdb_valid_pos_sales,megamanagepro-20260820T172552Z-1-001.zip::megamanagepro/DbPos.mdb,No notebook record exists for this date; ManagementPro is used as a gap fill. ManagementPro note: ManagementPro-recorded sales only; not confirmed complete store revenue.
2021-03-18,251.00,managementpro,managementpro_nonoverlap_gap_fill,ready_managementpro_gap_fill,,,,,251.00,251.00,gross_valid_pos_sales_excluding_cancellations,verified_mdb_journal_match,mdb_valid_pos_sales,megamanagepro-20260820T172552Z-1-001.zip::megamanagepro/DbPos.mdb,No notebook record exists for this date; ManagementPro is used as a gap fill. ManagementPro note: ManagementPro-recorded sales only; not confirmed complete store revenue.
2021-03-19,187.50,managementpro,managementpro_nonoverlap_gap_fill,ready_managementpro_gap_fill,,,,,187.50,187.50,gross_valid_pos_sales_excluding_cancellations,verified_mdb_journal_match,mdb_valid_pos_sales,megamanagepro-20260820T172552Z-1-001.zip::megamanagepro/DbPos.mdb,No notebook record exists for this date; ManagementPro is used as a gap fill. ManagementPro note: ManagementPro-recorded sales only; not confirmed complete store revenue.
2021-03-20,228.00,managementpro,managementpro_nonoverlap_gap_fill,ready_managementpro_gap_fill,,,,,228.00,228.00,gross_valid_pos_sales_excluding_cancellations,verified_mdb_journal_match,mdb_valid_pos_sales,megamanagepro-20260820T172552Z-1-001.zip::megamanagepro/DbPos.mdb,No notebook record exists for this date; ManagementPro is used as a gap fill. ManagementPro note: ManagementPro-recorded sales only; not confirmed complete store revenue.
2021-03-22,165.00,managementpro,managementpro_nonoverlap_gap_fill,ready_managementpro_gap_fill,,,,,165.00,165.00,gross_valid_pos_sales_excluding_cancellations,verified_mdb_journal_match,mdb_valid_pos_sales,megamanagepro-20260820T172552Z-1-001.zip::megamanagepro/DbPos.mdb,No notebook record exists for this date; ManagementPro is used as a gap fill. ManagementPro note: ManagementPro-recorded sales only; not confirmed complete store revenue.
2021-03-23,213.50,managementpro,managementpro_nonoverlap_gap_fill,ready_managementpro_gap_fill,,,,,213.50,213.50,gross_valid_pos_sales_excluding_cancellations,verified_mdb_journal_match,mdb_valid_pos_sales,megamanagepro-20260820T172552Z-1-001.zip::megamanagepro/DbPos.mdb,No notebook record exists for this date; ManagementPro is used as a gap fill. ManagementPro note: ManagementPro-recorded sales only; not confirmed complete store revenue.
2021-03-24,215.00,managementpro,managementpro_nonoverlap_gap_fill,ready_managementpro_gap_fill,,,,,215.00,215.00,gross_valid_pos_sales_excluding_cancellations,verified_mdb_journal_match,mdb_valid_pos_sales,megamanagepro-20260820T172552Z-1-001.zip::megamanagepro/DbPos.mdb,No notebook record exists for this date; ManagementPro is used as a gap fill. ManagementPro note: ManagementPro-recorded sales only; not confirmed complete store revenue.
2021-03-25,231.00,managementpro,managementpro_nonoverlap_gap_fill,ready_managementpro_gap_fill,,,,,231.00,231.00,gross_valid_pos_sales_excluding_cancellations,verified_mdb_journal_match,mdb_valid_pos_sales,megamanagepro-20260820T172552Z-1-001.zip::megamanagepro/DbPos.mdb,No notebook record exists for this date; ManagementPro is used as a gap fill. ManagementPro note: ManagementPro-recorded sales only; not confirmed complete store revenue.
2021-03-26,288.50,managementpro,managementpro_nonoverlap_gap_fill,ready_managementpro_gap_fill,,,,,288.50,288.50,gross_valid_pos_sales_excluding_cancellations,verified_mdb_journal_match,mdb_valid_pos_sales,megamanagepro-20260820T172552Z-1-001.zip::megamanagepro/DbPos.mdb,No notebook record exists for this date; ManagementPro is used as a gap fill. ManagementPro note: ManagementPro-recorded sales only; not confirmed complete store revenue.
2021-03-27,141.00,managementpro,managementpro_nonoverlap_gap_fill,ready_managementpro_gap_fill,,,,,141.00,141.00,gross_valid_pos_sales_excluding_cancellations,verified_mdb_journal_match,mdb_valid_pos_sales,megamanagepro-20260820T172552Z-1-001.zip::megamanagepro/DbPos.mdb,No notebook record exists for this date; ManagementPro is used as a gap fill. ManagementPro note: ManagementPro-recorded sales only; not confirmed complete store revenue.
2021-03-29,447.50,managementpro,managementpro_nonoverlap_gap_fill,ready_managementpro_gap_fill,,,,,447.50,447.50,gross_valid_pos_sales_excluding_cancellations,verified_mdb_journal_match,mdb_valid_pos_sales,megamanagepro-20260820T172552Z-1-001.zip::megamanagepro/DbPos.mdb,No notebook record exists for this date; ManagementPro is used as a gap fill. ManagementPro note: ManagementPro-recorded sales only; not confirmed complete store revenue.
2021-03-30,53.00,managementpro,managementpro_nonoverlap_gap_fill,ready_managementpro_gap_fill,,,,,53.00,53.00,gross_valid_pos_sales_excluding_cancellations,verified_mdb_journal_match,mdb_valid_pos_sales,megamanagepro-20260820T172552Z-1-001.zip::megamanagepro/DbPos.mdb,No notebook record exists for this date; ManagementPro is used as a gap fill. ManagementPro note: ManagementPro-recorded sales only; not confirmed complete store revenue.
2021-03-31,70.00,managementpro,managementpro_nonoverlap_gap_fill,ready_managementpro_gap_fill,,,,,70.00,70.00,gross_valid_pos_sales_excluding_cancellations,verified_mdb_journal_match,mdb_valid_pos_sales,megamanagepro-20260820T172552Z-1-001.zip::megamanagepro/DbPos.mdb,No notebook record exists for this date; ManagementPro is used as a gap fill. ManagementPro note: ManagementPro-recorded sales only; not confirmed complete store revenue.
2021-04-05,310.00,managementpro,managementpro_nonoverlap_gap_fill,ready_managementpro_gap_fill,,,,,310.00,310.00,gross_valid_pos_sales_excluding_cancellations,verified_mdb_journal_match,mdb_valid_pos_sales,megamanagepro-20260820T172552Z-1-001.zip::megamanagepro/DbPos.mdb,No notebook record exists for this date; ManagementPro is used as a gap fill. ManagementPro note: ManagementPro-recorded sales only; not confirmed complete store revenue.
2021-04-06,76.00,managementpro,managementpro_nonoverlap_gap_fill,ready_managementpro_gap_fill,,,,,76.00,76.00,gross_valid_pos_sales_excluding_cancellations,verified_mdb_journal_match,mdb_valid_pos_sales,megamanagepro-20260820T172552Z-1-001.zip::megamanagepro/DbPos.mdb,No notebook record exists for this date; ManagementPro is used as a gap fill. ManagementPro note: ManagementPro-recorded sales only; not confirmed complete store revenue.
2021-04-07,116.00,managementpro,managementpro_nonoverlap_gap_fill,ready_managementpro_gap_fill,,,,,116.00,116.00,gross_valid_pos_sales_excluding_cancellations,verified_mdb_journal_match,mdb_valid_pos_sales,megamanagepro-20260820T172552Z-1-001.zip::megamanagepro/DbPos.mdb,No notebook record exists for this date; ManagementPro is used as a gap fill. ManagementPro note: ManagementPro-recorded sales only; not confirmed complete store revenue.
2021-04-08,128.00,managementpro,managementpro_nonoverlap_gap_fill,ready_managementpro_gap_fill,,,,,128.00,128.00,gross_valid_pos_sales_excluding_cancellations,verified_mdb_journal_match,mdb_valid_pos_sales,megamanagepro-20260820T172552Z-1-001.zip::megamanagepro/DbPos.mdb,No notebook record exists for this date; ManagementPro is used as a gap fill. ManagementPro note: ManagementPro-recorded sales only; not confirmed complete store revenue.
2021-04-09,100.00,managementpro,managementpro_nonoverlap_gap_fill,ready_managementpro_gap_fill,,,,,100.00,100.00,gross_valid_pos_sales_excluding_cancellations,verified_mdb_journal_match,mdb_valid_pos_sales,megamanagepro-20260820T172552Z-1-001.zip::megamanagepro/DbPos.mdb,No notebook record exists for this date; ManagementPro is used as a gap fill. ManagementPro note: ManagementPro-recorded sales only; not confirmed complete store revenue.
2021-04-10,61.00,managementpro,managementpro_nonoverlap_gap_fill,ready_managementpro_gap_fill,,,,,61.00,61.00,gross_valid_pos_sales_excluding_cancellations,verified_mdb_journal_match,mdb_valid_pos_sales,megamanagepro-20260820T172552Z-1-001.zip::megamanagepro/DbPos.mdb,No notebook record exists for this date; ManagementPro is used as a gap fill. ManagementPro note: ManagementPro-recorded sales only; not confirmed complete store revenue.
2021-04-12,247.50,managementpro,managementpro_nonoverlap_gap_fill,ready_managementpro_gap_fill,,,,,247.50,247.50,gross_valid_pos_sales_excluding_cancellations,verified_mdb_journal_match,mdb_valid_pos_sales,megamanagepro-20260820T172552Z-1-001.zip::megamanagepro/DbPos.mdb,No notebook record exists for this date; ManagementPro is used as a gap fill. ManagementPro note: ManagementPro-recorded sales only; not confirmed complete store revenue.
2021-04-13,338.00,managementpro,managementpro_nonoverlap_gap_fill,ready_managementpro_gap_fill,,,,,338.00,338.00,gross_valid_pos_sales_excluding_cancellations,verified_mdb_journal_match,mdb_valid_pos_sales,megamanagepro-20260820T172552Z-1-001.zip::megamanagepro/DbPos.mdb,No notebook record exists for this date; ManagementPro is used as a gap fill. ManagementPro note: ManagementPro-recorded sales only; not confirmed complete store revenue.
2021-04-14,252.00,managementpro,managementpro_nonoverlap_gap_fill,ready_managementpro_gap_fill,,,,,252.00,252.00,gross_valid_pos_sales_excluding_cancellations,verified_mdb_journal_match,mdb_valid_pos_sales,megamanagepro-20260820T172552Z-1-001.zip::megamanagepro/DbPos.mdb,No notebook record exists for this date; ManagementPro is used as a gap fill. ManagementPro note: ManagementPro-recorded sales only; not confirmed complete store revenue.
2021-04-15,398.00,managementpro,managementpro_nonoverlap_gap_fill,ready_managementpro_gap_fill,,,,,398.00,398.00,gross_valid_pos_sales_excluding_cancellations,verified_mdb_journal_match,mdb_valid_pos_sales,megamanagepro-20260820T172552Z-1-001.zip::megamanagepro/DbPos.mdb,No notebook record exists for this date; ManagementPro is used as a gap fill. ManagementPro note: ManagementPro-recorded sales only; not confirmed complete store revenue.
2021-04-16,58.00,managementpro,managementpro_nonoverlap_gap_fill,ready_managementpro_gap_fill,,,,,58.00,58.00,gross_valid_pos_sales_excluding_cancellations,verified_mdb_journal_match,mdb_valid_pos_sales,megamanagepro-20260820T172552Z-1-001.zip::megamanagepro/DbPos.mdb,No notebook record exists for this date; ManagementPro is used as a gap fill. ManagementPro note: ManagementPro-recorded sales only; not confirmed complete store revenue.
2021-04-17,230.00,managementpro,managementpro_nonoverlap_gap_fill,ready_managementpro_gap_fill,,,,,230.00,230.00,gross_valid_pos_sales_excluding_cancellations,verified_mdb_journal_match,mdb_valid_pos_sales,megamanagepro-20260820T172552Z-1-001.zip::megamanagepro/DbPos.mdb,No notebook record exists for this date; ManagementPro is used as a gap fill. ManagementPro note: ManagementPro-recorded sales only; not confirmed complete store revenue.
2021-04-19,373.00,managementpro,managementpro_nonoverlap_gap_fill,ready_managementpro_gap_fill,,,,,373.00,373.00,gross_valid_pos_sales_excluding_cancellations,verified_mdb_journal_match,mdb_valid_pos_sales,megamanagepro-20260820T172552Z-1-001.zip::megamanagepro/DbPos.mdb,No notebook record exists for this date; ManagementPro is used as a gap fill. ManagementPro note: ManagementPro-recorded sales only; not confirmed complete store revenue.
2021-04-20,503.00,managementpro,managementpro_nonoverlap_gap_fill,ready_managementpro_gap_fill,,,,,503.00,503.00,gross_valid_pos_sales_excluding_cancellations,verified_mdb_journal_match,mdb_valid_pos_sales,megamanagepro-20260820T172552Z-1-001.zip::megamanagepro/DbPos.mdb,No notebook record exists for this date; ManagementPro is used as a gap fill. ManagementPro note: ManagementPro-recorded sales only; not confirmed complete store revenue.
2021-04-21,225.00,managementpro,managementpro_nonoverlap_gap_fill,ready_managementpro_gap_fill,,,,,225.00,225.00,gross_valid_pos_sales_excluding_cancellations,verified_mdb_journal_match,mdb_valid_pos_sales,megamanagepro-20260820T172552Z-1-001.zip::megamanagepro/DbPos.mdb,No notebook record exists for this date; ManagementPro is used as a gap fill. ManagementPro note: ManagementPro-recorded sales only; not confirmed complete store revenue.
2021-04-22,115.00,managementpro,managementpro_nonoverlap_gap_fill,ready_managementpro_gap_fill,,,,,115.00,115.00,gross_valid_pos_sales_excluding_cancellations,verified_mdb_journal_match,mdb_valid_pos_sales,megamanagepro-20260820T172552Z-1-001.zip::megamanagepro/DbPos.mdb,No notebook record exists for this date; ManagementPro is used as a gap fill. ManagementPro note: ManagementPro-recorded sales only; not confirmed complete store revenue.
2021-04-23,44.00,managementpro,managementpro_nonoverlap_gap_fill,ready_managementpro_gap_fill,,,,,44.00,44.00,gross_valid_pos_sales_excluding_cancellations,verified_mdb_journal_match,mdb_valid_pos_sales,megamanagepro-20260820T172552Z-1-001.zip::megamanagepro/DbPos.mdb,No notebook record exists for this date; ManagementPro is used as a gap fill. ManagementPro note: ManagementPro-recorded sales only; not confirmed complete store revenue.
2021-04-24,62.00,managementpro,managementpro_nonoverlap_gap_fill,ready_managementpro_gap_fill,,,,,62.00,62.00,gross_valid_pos_sales_excluding_cancellations,verified_mdb_journal_match,mdb_valid_pos_sales,megamanagepro-20260820T172552Z-1-001.zip::megamanagepro/DbPos.mdb,No notebook record exists for this date; ManagementPro is used as a gap fill. ManagementPro note: ManagementPro-recorded sales only; not confirmed complete store revenue.
2021-04-26,218.00,managementpro,managementpro_nonoverlap_gap_fill,ready_managementpro_gap_fill,,,,,218.00,218.00,gross_valid_pos_sales_excluding_cancellations,verified_mdb_journal_match,mdb_valid_pos_sales,megamanagepro-20260820T172552Z-1-001.zip::megamanagepro/DbPos.mdb,No notebook record exists for this date; ManagementPro is used as a gap fill. ManagementPro note: ManagementPro-recorded sales only; not confirmed complete store revenue.
2021-04-27,182.00,managementpro,managementpro_nonoverlap_gap_fill,ready_managementpro_gap_fill,,,,,182.00,182.00,gross_valid_pos_sales_excluding_cancellations,verified_mdb_journal_match,mdb_valid_pos_sales,megamanagepro-20260820T172552Z-1-001.zip::megamanagepro/DbPos.mdb,No notebook record exists for this date; ManagementPro is used as a gap fill. ManagementPro note: ManagementPro-recorded sales only; not confirmed complete store revenue.
2021-04-28,460.50,managementpro,managementpro_nonoverlap_gap_fill,ready_managementpro_gap_fill,,,,,460.50,421.00,gross_valid_pos_sales_excluding_cancellations,review_mdb_journal_difference,mdb_valid_pos_sales,megamanagepro-20260820T172552Z-1-001.zip::megamanagepro/DbPos.mdb,No notebook record exists for this date; ManagementPro is used as a gap fill. ManagementPro note: ManagementPro-recorded sales only; not confirmed complete store revenue. Authoritative MDB differs from journal audit by 39.50 MXN.
2021-04-29,202.50,managementpro,managementpro_nonoverlap_gap_fill,ready_managementpro_gap_fill,,,,,202.50,242.00,gross_valid_pos_sales_excluding_cancellations,review_mdb_journal_difference,mdb_valid_pos_sales,megamanagepro-20260820T172552Z-1-001.zip::megamanagepro/DbPos.mdb,No notebook record exists for this date; ManagementPro is used as a gap fill. ManagementPro note: ManagementPro-recorded sales only; not confirmed complete store revenue. Authoritative MDB differs from journal audit by -39.50 MXN.
2021-04-30,259.50,managementpro,managementpro_nonoverlap_gap_fill,ready_managementpro_gap_fill,,,,,259.50,259.50,gross_valid_pos_sales_excluding_cancellations,verified_mdb_journal_match,mdb_valid_pos_sales,megamanagepro-20260820T172552Z-1-001.zip::megamanagepro/DbPos.mdb,No notebook record exists for this date; ManagementPro is used as a gap fill. ManagementPro note: ManagementPro-recorded sales only; not confirmed complete store revenue.
2021-05-03,201.50,managementpro,managementpro_nonoverlap_gap_fill,ready_managementpro_gap_fill,,,,,201.50,201.50,gross_valid_pos_sales_excluding_cancellations,verified_mdb_journal_match,mdb_valid_pos_sales,megamanagepro-20260820T172552Z-1-001.zip::megamanagepro/DbPos.mdb,No notebook record exists for this date; ManagementPro is used as a gap fill. ManagementPro note: ManagementPro-recorded sales only; not confirmed complete store revenue.
2021-05-04,245.50,managementpro,managementpro_nonoverlap_gap_fill,ready_managementpro_gap_fill,,,,,245.50,245.50,gross_valid_pos_sales_excluding_cancellations,verified_mdb_journal_match,mdb_valid_pos_sales,megamanagepro-20260820T172552Z-1-001.zip::megamanagepro/DbPos.mdb,No notebook record exists for this date; ManagementPro is used as a gap fill. ManagementPro note: ManagementPro-recorded sales only; not confirmed complete store revenue.
2021-05-05,213.50,managementpro,managementpro_nonoverlap_gap_fill,ready_managementpro_gap_fill,,,,,213.50,213.50,gross_valid_pos_sales_excluding_cancellations,verified_mdb_journal_match,mdb_valid_pos_sales,megamanagepro-20260820T172552Z-1-001.zip::megamanagepro/DbPos.mdb,No notebook record exists for this date; ManagementPro is used as a gap fill. ManagementPro note: ManagementPro-recorded sales only; not confirmed complete store revenue.
2021-05-06,389.50,managementpro,managementpro_nonoverlap_gap_fill,ready_managementpro_gap_fill,,,,,389.50,389.50,gross_valid_pos_sales_excluding_cancellations,verified_mdb_journal_match,mdb_valid_pos_sales,megamanagepro-20260820T172552Z-1-001.zip::megamanagepro/DbPos.mdb,No notebook record exists for this date; ManagementPro is used as a gap fill. ManagementPro note: ManagementPro-recorded sales only; not confirmed complete store revenue.
2021-05-07,247.50,managementpro,managementpro_nonoverlap_gap_fill,ready_managementpro_gap_fill,,,,,247.50,247.50,gross_valid_pos_sales_excluding_cancellations,verified_mdb_journal_match,mdb_valid_pos_sales,megamanagepro-20260820T172552Z-1-001.zip::megamanagepro/DbPos.mdb,No notebook record exists for this date; ManagementPro is used as a gap fill. ManagementPro note: ManagementPro-recorded sales only; not confirmed complete store revenue.
2021-05-08,261.50,managementpro,managementpro_nonoverlap_gap_fill,ready_managementpro_gap_fill,,,,,261.50,261.50,gross_valid_pos_sales_excluding_cancellations,verified_mdb_journal_match,mdb_valid_pos_sales,megamanagepro-20260820T172552Z-1-001.zip::megamanagepro/DbPos.mdb,No notebook record exists for this date; ManagementPro is used as a gap fill. ManagementPro note: ManagementPro-recorded sales only; not confirmed complete store revenue.
2021-05-10,343.00,managementpro,managementpro_nonoverlap_gap_fill,ready_managementpro_gap_fill,,,,,343.00,343.00,gross_valid_pos_sales_excluding_cancellations,verified_mdb_journal_match,mdb_valid_pos_sales,megamanagepro-20260820T172552Z-1-001.zip::megamanagepro/DbPos.mdb,No notebook record exists for this date; ManagementPro is used as a gap fill. ManagementPro note: ManagementPro-recorded sales only; not confirmed complete store revenue.
2021-05-11,435.00,managementpro,managementpro_nonoverlap_gap_fill,ready_managementpro_gap_fill,,,,,435.00,435.00,gross_valid_pos_sales_excluding_cancellations,verified_mdb_journal_match,mdb_valid_pos_sales,megamanagepro-20260820T172552Z-1-001.zip::megamanagepro/DbPos.mdb,No notebook record exists for this date; ManagementPro is used as a gap fill. ManagementPro note: ManagementPro-recorded sales only; not confirmed complete store revenue.
2021-05-12,202.50,managementpro,managementpro_nonoverlap_gap_fill,ready_managementpro_gap_fill,,,,,202.50,202.50,gross_valid_pos_sales_excluding_cancellations,verified_mdb_journal_match,mdb_valid_pos_sales,megamanagepro-20260820T172552Z-1-001.zip::megamanagepro/DbPos.mdb,No notebook record exists for this date; ManagementPro is used as a gap fill. ManagementPro note: ManagementPro-recorded sales only; not confirmed complete store revenue.
2021-05-13,160.00,managementpro,managementpro_nonoverlap_gap_fill,ready_managementpro_gap_fill,,,,,160.00,160.00,gross_valid_pos_sales_excluding_cancellations,verified_mdb_journal_match,mdb_valid_pos_sales,megamanagepro-20260820T172552Z-1-001.zip::megamanagepro/DbPos.mdb,No notebook record exists for this date; ManagementPro is used as a gap fill. ManagementPro note: ManagementPro-recorded sales only; not confirmed complete store revenue.
2021-05-14,313.00,managementpro,managementpro_nonoverlap_gap_fill,ready_managementpro_gap_fill,,,,,313.00,313.00,gross_valid_pos_sales_excluding_cancellations,verified_mdb_journal_match,mdb_valid_pos_sales,megamanagepro-20260820T172552Z-1-001.zip::megamanagepro/DbPos.mdb,No notebook record exists for this date; ManagementPro is used as a gap fill. ManagementPro note: ManagementPro-recorded sales only; not confirmed complete store revenue.
2021-05-15,193.00,managementpro,managementpro_nonoverlap_gap_fill,ready_managementpro_gap_fill,,,,,193.00,193.00,gross_valid_pos_sales_excluding_cancellations,verified_mdb_journal_match,mdb_valid_pos_sales,megamanagepro-20260820T172552Z-1-001.zip::megamanagepro/DbPos.mdb,No notebook record exists for this date; ManagementPro is used as a gap fill. ManagementPro note: ManagementPro-recorded sales only; not confirmed complete store revenue.
2021-05-17,393.00,managementpro,managementpro_nonoverlap_gap_fill,ready_managementpro_gap_fill,,,,,393.00,393.00,gross_valid_pos_sales_excluding_cancellations,verified_mdb_journal_match,mdb_valid_pos_sales,megamanagepro-20260820T172552Z-1-001.zip::megamanagepro/DbPos.mdb,No notebook record exists for this date; ManagementPro is used as a gap fill. ManagementPro note: ManagementPro-recorded sales only; not confirmed complete store revenue.
2021-05-18,259.50,managementpro,managementpro_nonoverlap_gap_fill,ready_managementpro_gap_fill,,,,,259.50,259.50,gross_valid_pos_sales_excluding_cancellations,verified_mdb_journal_match,mdb_valid_pos_sales,megamanagepro-20260820T172552Z-1-001.zip::megamanagepro/DbPos.mdb,No notebook record exists for this date; ManagementPro is used as a gap fill. ManagementPro note: ManagementPro-recorded sales only; not confirmed complete store revenue.
2021-05-19,183.50,managementpro,managementpro_nonoverlap_gap_fill,ready_managementpro_gap_fill,,,,,183.50,183.50,gross_valid_pos_sales_excluding_cancellations,verified_mdb_journal_match,mdb_valid_pos_sales,megamanagepro-20260820T172552Z-1-001.zip::megamanagepro/DbPos.mdb,No notebook record exists for this date; ManagementPro is used as a gap fill. ManagementPro note: ManagementPro-recorded sales only; not confirmed complete store revenue.
2021-05-20,276.00,managementpro,managementpro_nonoverlap_gap_fill,ready_managementpro_gap_fill,,,,,276.00,276.00,gross_valid_pos_sales_excluding_cancellations,verified_mdb_journal_match,mdb_valid_pos_sales,megamanagepro-20260820T172552Z-1-001.zip::megamanagepro/DbPos.mdb,No notebook record exists for this date; ManagementPro is used as a gap fill. ManagementPro note: ManagementPro-recorded sales only; not confirmed complete store revenue.
2021-05-21,318.00,managementpro,managementpro_nonoverlap_gap_fill,ready_managementpro_gap_fill,,,,,318.00,318.00,gross_valid_pos_sales_excluding_cancellations,verified_mdb_journal_match,mdb_valid_pos_sales,megamanagepro-20260820T172552Z-1-001.zip::megamanagepro/DbPos.mdb,No notebook record exists for this date; ManagementPro is used as a gap fill. ManagementPro note: ManagementPro-recorded sales only; not confirmed complete store revenue.
2021-05-22,228.00,managementpro,managementpro_nonoverlap_gap_fill,ready_managementpro_gap_fill,,,,,228.00,228.00,gross_valid_pos_sales_excluding_cancellations,verified_mdb_journal_match,mdb_valid_pos_sales,megamanagepro-20260820T172552Z-1-001.zip::megamanagepro/DbPos.mdb,No notebook record exists for this date; ManagementPro is used as a gap fill. ManagementPro note: ManagementPro-recorded sales only; not confirmed complete store revenue.
2021-05-24,254.00,managementpro,managementpro_nonoverlap_gap_fill,ready_managementpro_gap_fill,,,,,254.00,254.00,gross_valid_pos_sales_excluding_cancellations,verified_mdb_journal_match,mdb_valid_pos_sales,megamanagepro-20260820T172552Z-1-001.zip::megamanagepro/DbPos.mdb,No notebook record exists for this date; ManagementPro is used as a gap fill. ManagementPro note: ManagementPro-recorded sales only; not confirmed complete store revenue.
2021-05-25,200.00,managementpro,managementpro_nonoverlap_gap_fill,ready_managementpro_gap_fill,,,,,200.00,200.00,gross_valid_pos_sales_excluding_cancellations,verified_mdb_journal_match,mdb_valid_pos_sales,megamanagepro-20260820T172552Z-1-001.zip::megamanagepro/DbPos.mdb,No notebook record exists for this date; ManagementPro is used as a gap fill. ManagementPro note: ManagementPro-recorded sales only; not confirmed complete store revenue.
2021-05-26,293.00,managementpro,managementpro_nonoverlap_gap_fill,ready_managementpro_gap_fill,,,,,293.00,293.00,gross_valid_pos_sales_excluding_cancellations,verified_mdb_journal_match,mdb_valid_pos_sales,megamanagepro-20260820T172552Z-1-001.zip::megamanagepro/DbPos.mdb,No notebook record exists for this date; ManagementPro is used as a gap fill. ManagementPro note: ManagementPro-recorded sales only; not confirmed complete store revenue.
2021-05-27,154.00,managementpro,managementpro_nonoverlap_gap_fill,ready_managementpro_gap_fill,,,,,154.00,154.00,gross_valid_pos_sales_excluding_cancellations,verified_mdb_journal_match,mdb_valid_pos_sales,megamanagepro-20260820T172552Z-1-001.zip::megamanagepro/DbPos.mdb,No notebook record exists for this date; ManagementPro is used as a gap fill. ManagementPro note: ManagementPro-recorded sales only; not confirmed complete store revenue.
2021-05-28,286.00,managementpro,managementpro_nonoverlap_gap_fill,ready_managementpro_gap_fill,,,,,286.00,286.00,gross_valid_pos_sales_excluding_cancellations,verified_mdb_journal_match,mdb_valid_pos_sales,megamanagepro-20260820T172552Z-1-001.zip::megamanagepro/DbPos.mdb,No notebook record exists for this date; ManagementPro is used as a gap fill. ManagementPro note: ManagementPro-recorded sales only; not confirmed complete store revenue.
2021-05-29,158.00,managementpro,managementpro_nonoverlap_gap_fill,ready_managementpro_gap_fill,,,,,158.00,158.00,gross_valid_pos_sales_excluding_cancellations,verified_mdb_journal_match,mdb_valid_pos_sales,megamanagepro-20260820T172552Z-1-001.zip::megamanagepro/DbPos.mdb,No notebook record exists for this date; ManagementPro is used as a gap fill. ManagementPro note: ManagementPro-recorded sales only; not confirmed complete store revenue.
2021-05-31,282.50,managementpro,managementpro_nonoverlap_gap_fill,ready_managementpro_gap_fill,,,,,282.50,282.50,gross_valid_pos_sales_excluding_cancellations,verified_mdb_journal_match,mdb_valid_pos_sales,megamanagepro-20260820T172552Z-1-001.zip::megamanagepro/DbPos.mdb,No notebook record exists for this date; ManagementPro is used as a gap fill. ManagementPro note: ManagementPro-recorded sales only; not confirmed complete store revenue.
2021-06-01,272.00,managementpro,managementpro_nonoverlap_gap_fill,ready_managementpro_gap_fill,,,,,272.00,272.00,gross_valid_pos_sales_excluding_cancellations,verified_mdb_journal_match,mdb_valid_pos_sales,megamanagepro-20260820T172552Z-1-001.zip::megamanagepro/DbPos.mdb,No notebook record exists for this date; ManagementPro is used as a gap fill. ManagementPro note: ManagementPro-recorded sales only; not confirmed complete store revenue.
2021-06-02,175.00,managementpro,managementpro_nonoverlap_gap_fill,ready_managementpro_gap_fill,,,,,175.00,175.00,gross_valid_pos_sales_excluding_cancellations,verified_mdb_journal_match,mdb_valid_pos_sales,megamanagepro-20260820T172552Z-1-001.zip::megamanagepro/DbPos.mdb,No notebook record exists for this date; ManagementPro is used as a gap fill. ManagementPro note: ManagementPro-recorded sales only; not confirmed complete store revenue.
2021-06-03,258.00,managementpro,managementpro_nonoverlap_gap_fill,ready_managementpro_gap_fill,,,,,258.00,258.00,gross_valid_pos_sales_excluding_cancellations,verified_mdb_journal_match,mdb_valid_pos_sales,megamanagepro-20260820T172552Z-1-001.zip::megamanagepro/DbPos.mdb,No notebook record exists for this date; ManagementPro is used as a gap fill. ManagementPro note: ManagementPro-recorded sales only; not confirmed complete store revenue.
2021-06-04,236.00,managementpro,managementpro_nonoverlap_gap_fill,ready_managementpro_gap_fill,,,,,236.00,236.00,gross_valid_pos_sales_excluding_cancellations,verified_mdb_journal_match,mdb_valid_pos_sales,megamanagepro-20260820T172552Z-1-001.zip::megamanagepro/DbPos.mdb,No notebook record exists for this date; ManagementPro is used as a gap fill. ManagementPro note: ManagementPro-recorded sales only; not confirmed complete store revenue.
2021-06-05,199.00,managementpro,managementpro_nonoverlap_gap_fill,ready_managementpro_gap_fill,,,,,199.00,199.00,gross_valid_pos_sales_excluding_cancellations,verified_mdb_journal_match,mdb_valid_pos_sales,megamanagepro-20260820T172552Z-1-001.zip::megamanagepro/DbPos.mdb,No notebook record exists for this date; ManagementPro is used as a gap fill. ManagementPro note: ManagementPro-recorded sales only; not confirmed complete store revenue.
2021-06-07,302.00,managementpro,managementpro_nonoverlap_gap_fill,ready_managementpro_gap_fill,,,,,302.00,302.00,gross_valid_pos_sales_excluding_cancellations,verified_mdb_journal_match,mdb_valid_pos_sales,megamanagepro-20260820T172552Z-1-001.zip::megamanagepro/DbPos.mdb,No notebook record exists for this date; ManagementPro is used as a gap fill. ManagementPro note: ManagementPro-recorded sales only; not confirmed complete store revenue.
2021-06-08,271.50,managementpro,managementpro_nonoverlap_gap_fill,ready_managementpro_gap_fill,,,,,271.50,271.50,gross_valid_pos_sales_excluding_cancellations,verified_mdb_journal_match,mdb_valid_pos_sales,megamanagepro-20260820T172552Z-1-001.zip::megamanagepro/DbPos.mdb,No notebook record exists for this date; ManagementPro is used as a gap fill. ManagementPro note: ManagementPro-recorded sales only; not confirmed complete store revenue.
2021-06-09,485.00,managementpro,managementpro_nonoverlap_gap_fill,ready_managementpro_gap_fill,,,,,485.00,485.00,gross_valid_pos_sales_excluding_cancellations,verified_mdb_journal_match,mdb_valid_pos_sales,megamanagepro-20260820T172552Z-1-001.zip::megamanagepro/DbPos.mdb,No notebook record exists for this date; ManagementPro is used as a gap fill. ManagementPro note: ManagementPro-recorded sales only; not confirmed complete store revenue.
2021-06-10,129.00,managementpro,managementpro_nonoverlap_gap_fill,ready_managementpro_gap_fill,,,,,129.00,129.00,gross_valid_pos_sales_excluding_cancellations,verified_mdb_journal_match,mdb_valid_pos_sales,megamanagepro-20260820T172552Z-1-001.zip::megamanagepro/DbPos.mdb,No notebook record exists for this date; ManagementPro is used as a gap fill. ManagementPro note: ManagementPro-recorded sales only; not confirmed complete store revenue.
2021-06-11,241.00,managementpro,managementpro_nonoverlap_gap_fill,ready_managementpro_gap_fill,,,,,241.00,241.00,gross_valid_pos_sales_excluding_cancellations,verified_mdb_journal_match,mdb_valid_pos_sales,megamanagepro-20260820T172552Z-1-001.zip::megamanagepro/DbPos.mdb,No notebook record exists for this date; ManagementPro is used as a gap fill. ManagementPro note: ManagementPro-recorded sales only; not confirmed complete store revenue.
2021-06-12,410.00,managementpro,managementpro_nonoverlap_gap_fill,ready_managementpro_gap_fill,,,,,410.00,410.00,gross_valid_pos_sales_excluding_cancellations,verified_mdb_journal_match,mdb_valid_pos_sales,megamanagepro-20260820T172552Z-1-001.zip::megamanagepro/DbPos.mdb,No notebook record exists for this date; ManagementPro is used as a gap fill. ManagementPro note: ManagementPro-recorded sales only; not confirmed complete store revenue.
2021-06-14,505.50,managementpro,managementpro_nonoverlap_gap_fill,ready_managementpro_gap_fill,,,,,505.50,505.50,gross_valid_pos_sales_excluding_cancellations,verified_mdb_journal_match,mdb_valid_pos_sales,megamanagepro-20260820T172552Z-1-001.zip::megamanagepro/DbPos.mdb,No notebook record exists for this date; ManagementPro is used as a gap fill. ManagementPro note: ManagementPro-recorded sales only; not confirmed complete store revenue.
2021-06-15,231.00,managementpro,managementpro_nonoverlap_gap_fill,ready_managementpro_gap_fill,,,,,231.00,231.00,gross_valid_pos_sales_excluding_cancellations,verified_mdb_journal_match,mdb_valid_pos_sales,megamanagepro-20260820T172552Z-1-001.zip::megamanagepro/DbPos.mdb,No notebook record exists for this date; ManagementPro is used as a gap fill. ManagementPro note: ManagementPro-recorded sales only; not confirmed complete store revenue.
2021-06-16,233.50,managementpro,managementpro_nonoverlap_gap_fill,ready_managementpro_gap_fill,,,,,233.50,233.50,gross_valid_pos_sales_excluding_cancellations,verified_mdb_journal_match,mdb_valid_pos_sales,megamanagepro-20260820T172552Z-1-001.zip::megamanagepro/DbPos.mdb,No notebook record exists for this date; ManagementPro is used as a gap fill. ManagementPro note: ManagementPro-recorded sales only; not confirmed complete store revenue.
2021-06-17,158.00,managementpro,managementpro_nonoverlap_gap_fill,ready_managementpro_gap_fill,,,,,158.00,158.00,gross_valid_pos_sales_excluding_cancellations,verified_mdb_journal_match,mdb_valid_pos_sales,megamanagepro-20260820T172552Z-1-001.zip::megamanagepro/DbPos.mdb,No notebook record exists for this date; ManagementPro is used as a gap fill. ManagementPro note: ManagementPro-recorded sales only; not confirmed complete store revenue.
2021-06-18,407.50,managementpro,managementpro_nonoverlap_gap_fill,ready_managementpro_gap_fill,,,,,407.50,407.50,gross_valid_pos_sales_excluding_cancellations,verified_mdb_journal_match,mdb_valid_pos_sales,megamanagepro-20260820T172552Z-1-001.zip::megamanagepro/DbPos.mdb,No notebook record exists for this date; ManagementPro is used as a gap fill. ManagementPro note: ManagementPro-recorded sales only; not confirmed complete store revenue.
2021-06-19,168.00,managementpro,managementpro_nonoverlap_gap_fill,ready_managementpro_gap_fill,,,,,168.00,168.00,gross_valid_pos_sales_excluding_cancellations,verified_mdb_journal_match,mdb_valid_pos_sales,megamanagepro-20260820T172552Z-1-001.zip::megamanagepro/DbPos.mdb,No notebook record exists for this date; ManagementPro is used as a gap fill. ManagementPro note: ManagementPro-recorded sales only; not confirmed complete store revenue.
2021-06-21,301.50,managementpro,managementpro_nonoverlap_gap_fill,ready_managementpro_gap_fill,,,,,301.50,301.50,gross_valid_pos_sales_excluding_cancellations,verified_mdb_journal_match,mdb_valid_pos_sales,megamanagepro-20260820T172552Z-1-001.zip::megamanagepro/DbPos.mdb,No notebook record exists for this date; ManagementPro is used as a gap fill. ManagementPro note: ManagementPro-recorded sales only; not confirmed complete store revenue.
2021-06-22,517.00,managementpro,managementpro_nonoverlap_gap_fill,ready_managementpro_gap_fill,,,,,517.00,517.00,gross_valid_pos_sales_excluding_cancellations,verified_mdb_journal_match,mdb_valid_pos_sales,megamanagepro-20260820T172552Z-1-001.zip::megamanagepro/DbPos.mdb,No notebook record exists for this date; ManagementPro is used as a gap fill. ManagementPro note: ManagementPro-recorded sales only; not confirmed complete store revenue.
2021-06-23,427.50,managementpro,managementpro_nonoverlap_gap_fill,ready_managementpro_gap_fill,,,,,427.50,427.50,gross_valid_pos_sales_excluding_cancellations,verified_mdb_journal_match,mdb_valid_pos_sales,megamanagepro-20260820T172552Z-1-001.zip::megamanagepro/DbPos.mdb,No notebook record exists for this date; ManagementPro is used as a gap fill. ManagementPro note: ManagementPro-recorded sales only; not confirmed complete store revenue.
2021-06-24,225.50,managementpro,managementpro_nonoverlap_gap_fill,ready_managementpro_gap_fill,,,,,225.50,225.50,gross_valid_pos_sales_excluding_cancellations,verified_mdb_journal_match,mdb_valid_pos_sales,megamanagepro-20260820T172552Z-1-001.zip::megamanagepro/DbPos.mdb,No notebook record exists for this date; ManagementPro is used as a gap fill. ManagementPro note: ManagementPro-recorded sales only; not confirmed complete store revenue.
2021-06-26,206.00,managementpro,managementpro_nonoverlap_gap_fill,ready_managementpro_gap_fill,,,,,206.00,206.00,gross_valid_pos_sales_excluding_cancellations,verified_mdb_journal_match,mdb_valid_pos_sales,megamanagepro-20260820T172552Z-1-001.zip::megamanagepro/DbPos.mdb,No notebook record exists for this date; ManagementPro is used as a gap fill. ManagementPro note: ManagementPro-recorded sales only; not confirmed complete store revenue.
2021-06-28,205.00,managementpro,managementpro_nonoverlap_gap_fill,ready_managementpro_gap_fill,,,,,205.00,205.00,gross_valid_pos_sales_excluding_cancellations,verified_mdb_journal_match,mdb_valid_pos_sales,megamanagepro-20260820T172552Z-1-001.zip::megamanagepro/DbPos.mdb,No notebook record exists for this date; ManagementPro is used as a gap fill. ManagementPro note: ManagementPro-recorded sales only; not confirmed complete store revenue.
2021-06-29,81.50,managementpro,managementpro_nonoverlap_gap_fill,ready_managementpro_gap_fill,,,,,81.50,81.50,gross_valid_pos_sales_excluding_cancellations,verified_mdb_journal_match,mdb_valid_pos_sales,megamanagepro-20260820T172552Z-1-001.zip::megamanagepro/DbPos.mdb,No notebook record exists for this date; ManagementPro is used as a gap fill. ManagementPro note: ManagementPro-recorded sales only; not confirmed complete store revenue.
2021-06-30,287.00,managementpro,managementpro_nonoverlap_gap_fill,ready_managementpro_gap_fill,,,,,287.00,287.00,gross_valid_pos_sales_excluding_cancellations,verified_mdb_journal_match,mdb_valid_pos_sales,megamanagepro-20260820T172552Z-1-001.zip::megamanagepro/DbPos.mdb,No notebook record exists for this date; ManagementPro is used as a gap fill. ManagementPro note: ManagementPro-recorded sales only; not confirmed complete store revenue.
2021-07-01,88.00,managementpro,managementpro_nonoverlap_gap_fill,ready_managementpro_gap_fill,,,,,88.00,88.00,gross_valid_pos_sales_excluding_cancellations,verified_mdb_journal_match,mdb_valid_pos_sales,megamanagepro-20260820T172552Z-1-001.zip::megamanagepro/DbPos.mdb,No notebook record exists for this date; ManagementPro is used as a gap fill. ManagementPro note: ManagementPro-recorded sales only; not confirmed complete store revenue.
2021-07-02,166.50,managementpro,managementpro_nonoverlap_gap_fill,ready_managementpro_gap_fill,,,,,166.50,166.50,gross_valid_pos_sales_excluding_cancellations,verified_mdb_journal_match,mdb_valid_pos_sales,megamanagepro-20260820T172552Z-1-001.zip::megamanagepro/DbPos.mdb,No notebook record exists for this date; ManagementPro is used as a gap fill. ManagementPro note: ManagementPro-recorded sales only; not confirmed complete store revenue.
2021-07-03,119.50,managementpro,managementpro_nonoverlap_gap_fill,ready_managementpro_gap_fill,,,,,119.50,119.50,gross_valid_pos_sales_excluding_cancellations,verified_mdb_journal_match,mdb_valid_pos_sales,megamanagepro-20260820T172552Z-1-001.zip::megamanagepro/DbPos.mdb,No notebook record exists for this date; ManagementPro is used as a gap fill. ManagementPro note: ManagementPro-recorded sales only; not confirmed complete store revenue.
2021-07-05,294.50,managementpro,managementpro_nonoverlap_gap_fill,ready_managementpro_gap_fill,,,,,294.50,294.50,gross_valid_pos_sales_excluding_cancellations,verified_mdb_journal_match,mdb_valid_pos_sales,megamanagepro-20260820T172552Z-1-001.zip::megamanagepro/DbPos.mdb,No notebook record exists for this date; ManagementPro is used as a gap fill. ManagementPro note: ManagementPro-recorded sales only; not confirmed complete store revenue.
2021-07-06,100.00,managementpro,managementpro_nonoverlap_gap_fill,ready_managementpro_gap_fill,,,,,100.00,100.00,gross_valid_pos_sales_excluding_cancellations,verified_mdb_journal_match,mdb_valid_pos_sales,megamanagepro-20260820T172552Z-1-001.zip::megamanagepro/DbPos.mdb,No notebook record exists for this date; ManagementPro is used as a gap fill. ManagementPro note: ManagementPro-recorded sales only; not confirmed complete store revenue.
2021-07-07,105.00,managementpro,managementpro_nonoverlap_gap_fill,ready_managementpro_gap_fill,,,,,105.00,105.00,gross_valid_pos_sales_excluding_cancellations,verified_mdb_journal_match,mdb_valid_pos_sales,megamanagepro-20260820T172552Z-1-001.zip::megamanagepro/DbPos.mdb,No notebook record exists for this date; ManagementPro is used as a gap fill. ManagementPro note: ManagementPro-recorded sales only; not confirmed complete store revenue.
2021-07-08,49.00,managementpro,managementpro_nonoverlap_gap_fill,ready_managementpro_gap_fill,,,,,49.00,49.00,gross_valid_pos_sales_excluding_cancellations,verified_mdb_journal_match,mdb_valid_pos_sales,megamanagepro-20260820T172552Z-1-001.zip::megamanagepro/DbPos.mdb,No notebook record exists for this date; ManagementPro is used as a gap fill. ManagementPro note: ManagementPro-recorded sales only; not confirmed complete store revenue.
2021-07-09,162.00,managementpro,managementpro_nonoverlap_gap_fill,ready_managementpro_gap_fill,,,,,162.00,162.00,gross_valid_pos_sales_excluding_cancellations,verified_mdb_journal_match,mdb_valid_pos_sales,megamanagepro-20260820T172552Z-1-001.zip::megamanagepro/DbPos.mdb,No notebook record exists for this date; ManagementPro is used as a gap fill. ManagementPro note: ManagementPro-recorded sales only; not confirmed complete store revenue.
2021-07-10,163.00,managementpro,managementpro_nonoverlap_gap_fill,ready_managementpro_gap_fill,,,,,163.00,29.00,gross_valid_pos_sales_excluding_cancellations,review_mdb_journal_difference,mdb_valid_pos_sales,megamanagepro-20260820T172552Z-1-001.zip::megamanagepro/DbPos.mdb,No notebook record exists for this date; ManagementPro is used as a gap fill. ManagementPro note: ManagementPro-recorded sales only; not confirmed complete store revenue. Authoritative MDB differs from journal audit by 134.00 MXN.
2021-07-12,,managementpro,managementpro_nonoverlap_gap_fill,unresolved_managementpro_blank,,,,,,134.00,unresolved_journal_candidate,review_possible_date_shift_duplicate,journal_completed_sales,mpro-pos-20260820T172538Z-1-001.zip::mpro-pos/JOURNAL/00010120210712.jrn,"No notebook record exists for this date; ManagementPro is used as a gap fill. ManagementPro amount is unresolved and intentionally left blank, not zero. ManagementPro note: ManagementPro-recorded sales only; not confirmed complete store revenue. Candidate amount is preserved in journal_sales_mxn but intentionally excluded from amount_mxn pending date/duplicate review. No corresponding valid Venta rows in the canonical MDB; retained from the journal audit."
2021-07-13,129.00,managementpro,managementpro_nonoverlap_gap_fill,ready_managementpro_gap_fill,,,,,129.00,129.00,gross_valid_pos_sales_excluding_cancellations,verified_mdb_journal_match,mdb_valid_pos_sales,megamanagepro-20260820T172552Z-1-001.zip::megamanagepro/DbPos.mdb,No notebook record exists for this date; ManagementPro is used as a gap fill. ManagementPro note: ManagementPro-recorded sales only; not confirmed complete store revenue.
2021-07-14,391.00,managementpro,managementpro_nonoverlap_gap_fill,ready_managementpro_gap_fill,,,,,391.00,391.00,gross_valid_pos_sales_excluding_cancellations,verified_mdb_journal_match,mdb_valid_pos_sales,megamanagepro-20260820T172552Z-1-001.zip::megamanagepro/DbPos.mdb,No notebook record exists for this date; ManagementPro is used as a gap fill. ManagementPro note: ManagementPro-recorded sales only; not confirmed complete store revenue.
2021-07-15,216.50,managementpro,managementpro_nonoverlap_gap_fill,ready_managementpro_gap_fill,,,,,216.50,216.50,gross_valid_pos_sales_excluding_cancellations,verified_mdb_journal_match,mdb_valid_pos_sales,megamanagepro-20260820T172552Z-1-001.zip::megamanagepro/DbPos.mdb,No notebook record exists for this date; ManagementPro is used as a gap fill. ManagementPro note: ManagementPro-recorded sales only; not confirmed complete store revenue.
2021-07-16,211.00,managementpro,managementpro_nonoverlap_gap_fill,ready_managementpro_gap_fill,,,,,211.00,33.00,gross_valid_pos_sales_excluding_cancellations,review_mdb_journal_difference,mdb_valid_pos_sales,megamanagepro-20260820T172552Z-1-001.zip::megamanagepro/DbPos.mdb,No notebook record exists for this date; ManagementPro is used as a gap fill. ManagementPro note: ManagementPro-recorded sales only; not confirmed complete store revenue. Authoritative MDB differs from journal audit by 178.00 MXN.
2021-07-17,,managementpro,managementpro_nonoverlap_gap_fill,unresolved_managementpro_blank,,,,,,178.00,unresolved_journal_candidate,review_possible_date_shift_duplicate,journal_completed_sales,mpro-pos-20260820T172538Z-1-001.zip::mpro-pos/JOURNAL/00010120210717.jrn,"No notebook record exists for this date; ManagementPro is used as a gap fill. ManagementPro amount is unresolved and intentionally left blank, not zero. ManagementPro note: ManagementPro-recorded sales only; not confirmed complete store revenue. Candidate amount is preserved in journal_sales_mxn but intentionally excluded from amount_mxn pending date/duplicate review. No corresponding valid Venta rows in the canonical MDB; retained from the journal audit."
2021-07-19,412.00,managementpro,managementpro_nonoverlap_gap_fill,ready_managementpro_gap_fill,,,,,412.00,412.00,gross_valid_pos_sales_excluding_cancellations,verified_mdb_journal_match,mdb_valid_pos_sales,megamanagepro-20260820T172552Z-1-001.zip::megamanagepro/DbPos.mdb,No notebook record exists for this date; ManagementPro is used as a gap fill. ManagementPro note: ManagementPro-recorded sales only; not confirmed complete store revenue.
2021-07-20,200.00,managementpro,managementpro_nonoverlap_gap_fill,ready_managementpro_gap_fill,,,,,200.00,200.00,gross_valid_pos_sales_excluding_cancellations,verified_mdb_journal_match,mdb_valid_pos_sales,megamanagepro-20260820T172552Z-1-001.zip::megamanagepro/DbPos.mdb,No notebook record exists for this date; ManagementPro is used as a gap fill. ManagementPro note: ManagementPro-recorded sales only; not confirmed complete store revenue.
2021-07-21,107.00,managementpro,managementpro_nonoverlap_gap_fill,ready_managementpro_gap_fill,,,,,107.00,107.00,gross_valid_pos_sales_excluding_cancellations,verified_mdb_journal_match,mdb_valid_pos_sales,megamanagepro-20260820T172552Z-1-001.zip::megamanagepro/DbPos.mdb,No notebook record exists for this date; ManagementPro is used as a gap fill. ManagementPro note: ManagementPro-recorded sales only; not confirmed complete store revenue.
2021-07-22,73.00,managementpro,managementpro_nonoverlap_gap_fill,ready_managementpro_gap_fill,,,,,73.00,73.00,gross_valid_pos_sales_excluding_cancellations,verified_mdb_journal_match,mdb_valid_pos_sales,megamanagepro-20260820T172552Z-1-001.zip::megamanagepro/DbPos.mdb,No notebook record exists for this date; ManagementPro is used as a gap fill. ManagementPro note: ManagementPro-recorded sales only; not confirmed complete store revenue.
2021-07-23,149.50,managementpro,managementpro_nonoverlap_gap_fill,ready_managementpro_gap_fill,,,,,149.50,149.50,gross_valid_pos_sales_excluding_cancellations,verified_mdb_journal_match,mdb_valid_pos_sales,megamanagepro-20260820T172552Z-1-001.zip::megamanagepro/DbPos.mdb,No notebook record exists for this date; ManagementPro is used as a gap fill. ManagementPro note: ManagementPro-recorded sales only; not confirmed complete store revenue.
2021-07-24,119.00,managementpro,managementpro_nonoverlap_gap_fill,ready_managementpro_gap_fill,,,,,119.00,119.00,gross_valid_pos_sales_excluding_cancellations,verified_mdb_journal_match,mdb_valid_pos_sales,megamanagepro-20260820T172552Z-1-001.zip::megamanagepro/DbPos.mdb,No notebook record exists for this date; ManagementPro is used as a gap fill. ManagementPro note: ManagementPro-recorded sales only; not confirmed complete store revenue.
2021-07-26,110.00,managementpro,managementpro_nonoverlap_gap_fill,ready_managementpro_gap_fill,,,,,110.00,110.00,gross_valid_pos_sales_excluding_cancellations,verified_mdb_journal_match,mdb_valid_pos_sales,megamanagepro-20260820T172552Z-1-001.zip::megamanagepro/DbPos.mdb,No notebook record exists for this date; ManagementPro is used as a gap fill. ManagementPro note: ManagementPro-recorded sales only; not confirmed complete store revenue.
2021-07-28,254.00,managementpro,managementpro_nonoverlap_gap_fill,ready_managementpro_gap_fill,,,,,254.00,254.00,gross_valid_pos_sales_excluding_cancellations,verified_mdb_journal_match,mdb_valid_pos_sales,megamanagepro-20260820T172552Z-1-001.zip::megamanagepro/DbPos.mdb,No notebook record exists for this date; ManagementPro is used as a gap fill. ManagementPro note: ManagementPro-recorded sales only; not confirmed complete store revenue.
2021-07-29,270.00,managementpro,managementpro_nonoverlap_gap_fill,ready_managementpro_gap_fill,,,,,270.00,270.00,gross_valid_pos_sales_excluding_cancellations,verified_mdb_journal_match,mdb_valid_pos_sales,megamanagepro-20260820T172552Z-1-001.zip::megamanagepro/DbPos.mdb,No notebook record exists for this date; ManagementPro is used as a gap fill. ManagementPro note: ManagementPro-recorded sales only; not confirmed complete store revenue.
2021-07-30,331.50,managementpro,managementpro_nonoverlap_gap_fill,ready_managementpro_gap_fill,,,,,331.50,331.50,gross_valid_pos_sales_excluding_cancellations,verified_mdb_journal_match,mdb_valid_pos_sales,megamanagepro-20260820T172552Z-1-001.zip::megamanagepro/DbPos.mdb,No notebook record exists for this date; ManagementPro is used as a gap fill. ManagementPro note: ManagementPro-recorded sales only; not confirmed complete store revenue.
2021-07-31,72.00,managementpro,managementpro_nonoverlap_gap_fill,ready_managementpro_gap_fill,,,,,72.00,72.00,gross_valid_pos_sales_excluding_cancellations,verified_mdb_journal_match,mdb_valid_pos_sales,megamanagepro-20260820T172552Z-1-001.zip::megamanagepro/DbPos.mdb,No notebook record exists for this date; ManagementPro is used as a gap fill. ManagementPro note: ManagementPro-recorded sales only; not confirmed complete store revenue.
2021-08-02,115.00,managementpro,managementpro_nonoverlap_gap_fill,ready_managementpro_gap_fill,,,,,115.00,115.00,gross_valid_pos_sales_excluding_cancellations,verified_mdb_journal_match,mdb_valid_pos_sales,megamanagepro-20260820T172552Z-1-001.zip::megamanagepro/DbPos.mdb,No notebook record exists for this date; ManagementPro is used as a gap fill. ManagementPro note: ManagementPro-recorded sales only; not confirmed complete store revenue.
2021-08-03,220.00,managementpro,managementpro_nonoverlap_gap_fill,ready_managementpro_gap_fill,,,,,220.00,220.00,gross_valid_pos_sales_excluding_cancellations,verified_mdb_journal_match,mdb_valid_pos_sales,megamanagepro-20260820T172552Z-1-001.zip::megamanagepro/DbPos.mdb,No notebook record exists for this date; ManagementPro is used as a gap fill. ManagementPro note: ManagementPro-recorded sales only; not confirmed complete store revenue.
2021-08-04,165.00,managementpro,managementpro_nonoverlap_gap_fill,ready_managementpro_gap_fill,,,,,165.00,165.00,gross_valid_pos_sales_excluding_cancellations,verified_mdb_journal_match,mdb_valid_pos_sales,megamanagepro-20260820T172552Z-1-001.zip::megamanagepro/DbPos.mdb,No notebook record exists for this date; ManagementPro is used as a gap fill. ManagementPro note: ManagementPro-recorded sales only; not confirmed complete store revenue.
2021-08-05,191.00,managementpro,managementpro_nonoverlap_gap_fill,ready_managementpro_gap_fill,,,,,191.00,191.00,gross_valid_pos_sales_excluding_cancellations,verified_mdb_journal_match,mdb_valid_pos_sales,megamanagepro-20260820T172552Z-1-001.zip::megamanagepro/DbPos.mdb,No notebook record exists for this date; ManagementPro is used as a gap fill. ManagementPro note: ManagementPro-recorded sales only; not confirmed complete store revenue.
2021-08-06,259.00,managementpro,managementpro_nonoverlap_gap_fill,ready_managementpro_gap_fill,,,,,259.00,259.00,gross_valid_pos_sales_excluding_cancellations,verified_mdb_journal_match,mdb_valid_pos_sales,megamanagepro-20260820T172552Z-1-001.zip::megamanagepro/DbPos.mdb,No notebook record exists for this date; ManagementPro is used as a gap fill. ManagementPro note: ManagementPro-recorded sales only; not confirmed complete store revenue.
2021-08-07,234.50,managementpro,managementpro_nonoverlap_gap_fill,ready_managementpro_gap_fill,,,,,234.50,234.50,gross_valid_pos_sales_excluding_cancellations,verified_mdb_journal_match,mdb_valid_pos_sales,megamanagepro-20260820T172552Z-1-001.zip::megamanagepro/DbPos.mdb,No notebook record exists for this date; ManagementPro is used as a gap fill. ManagementPro note: ManagementPro-recorded sales only; not confirmed complete store revenue.
2021-08-09,39.00,managementpro,managementpro_nonoverlap_gap_fill,ready_managementpro_gap_fill,,,,,39.00,39.00,gross_valid_pos_sales_excluding_cancellations,verified_mdb_journal_match,mdb_valid_pos_sales,megamanagepro-20260820T172552Z-1-001.zip::megamanagepro/DbPos.mdb,No notebook record exists for this date; ManagementPro is used as a gap fill. ManagementPro note: ManagementPro-recorded sales only; not confirmed complete store revenue.
2021-08-10,270.50,managementpro,managementpro_nonoverlap_gap_fill,ready_managementpro_gap_fill,,,,,270.50,270.50,gross_valid_pos_sales_excluding_cancellations,verified_mdb_journal_match,mdb_valid_pos_sales,megamanagepro-20260820T172552Z-1-001.zip::megamanagepro/DbPos.mdb,No notebook record exists for this date; ManagementPro is used as a gap fill. ManagementPro note: ManagementPro-recorded sales only; not confirmed complete store revenue.
2021-08-11,342.00,managementpro,managementpro_nonoverlap_gap_fill,ready_managementpro_gap_fill,,,,,342.00,342.00,gross_valid_pos_sales_excluding_cancellations,verified_mdb_journal_match,mdb_valid_pos_sales,megamanagepro-20260820T172552Z-1-001.zip::megamanagepro/DbPos.mdb,No notebook record exists for this date; ManagementPro is used as a gap fill. ManagementPro note: ManagementPro-recorded sales only; not confirmed complete store revenue.
2021-08-12,400.00,managementpro,managementpro_nonoverlap_gap_fill,ready_managementpro_gap_fill,,,,,400.00,400.00,gross_valid_pos_sales_excluding_cancellations,verified_mdb_journal_match,mdb_valid_pos_sales,megamanagepro-20260820T172552Z-1-001.zip::megamanagepro/DbPos.mdb,No notebook record exists for this date; ManagementPro is used as a gap fill. ManagementPro note: ManagementPro-recorded sales only; not confirmed complete store revenue.
2021-08-13,179.50,managementpro,managementpro_nonoverlap_gap_fill,ready_managementpro_gap_fill,,,,,179.50,179.50,gross_valid_pos_sales_excluding_cancellations,verified_mdb_journal_match,mdb_valid_pos_sales,megamanagepro-20260820T172552Z-1-001.zip::megamanagepro/DbPos.mdb,No notebook record exists for this date; ManagementPro is used as a gap fill. ManagementPro note: ManagementPro-recorded sales only; not confirmed complete store revenue.
2021-08-14,246.50,managementpro,managementpro_nonoverlap_gap_fill,ready_managementpro_gap_fill,,,,,246.50,246.50,gross_valid_pos_sales_excluding_cancellations,verified_mdb_journal_match,mdb_valid_pos_sales,megamanagepro-20260820T172552Z-1-001.zip::megamanagepro/DbPos.mdb,No notebook record exists for this date; ManagementPro is used as a gap fill. ManagementPro note: ManagementPro-recorded sales only; not confirmed complete store revenue.
2021-08-16,615.50,managementpro,managementpro_nonoverlap_gap_fill,ready_managementpro_gap_fill,,,,,615.50,615.50,gross_valid_pos_sales_excluding_cancellations,verified_mdb_journal_match,mdb_valid_pos_sales,megamanagepro-20260820T172552Z-1-001.zip::megamanagepro/DbPos.mdb,No notebook record exists for this date; ManagementPro is used as a gap fill. ManagementPro note: ManagementPro-recorded sales only; not confirmed complete store revenue.
2021-08-17,241.50,managementpro,managementpro_nonoverlap_gap_fill,ready_managementpro_gap_fill,,,,,241.50,241.50,gross_valid_pos_sales_excluding_cancellations,verified_mdb_journal_match,mdb_valid_pos_sales,megamanagepro-20260820T172552Z-1-001.zip::megamanagepro/DbPos.mdb,No notebook record exists for this date; ManagementPro is used as a gap fill. ManagementPro note: ManagementPro-recorded sales only; not confirmed complete store revenue.
2021-08-18,352.00,managementpro,managementpro_nonoverlap_gap_fill,ready_managementpro_gap_fill,,,,,352.00,352.00,gross_valid_pos_sales_excluding_cancellations,verified_mdb_journal_match,mdb_valid_pos_sales,megamanagepro-20260820T172552Z-1-001.zip::megamanagepro/DbPos.mdb,No notebook record exists for this date; ManagementPro is used as a gap fill. ManagementPro note: ManagementPro-recorded sales only; not confirmed complete store revenue.
2021-08-19,61.00,managementpro,managementpro_nonoverlap_gap_fill,ready_managementpro_gap_fill,,,,,61.00,61.00,gross_valid_pos_sales_excluding_cancellations,verified_mdb_journal_match,mdb_valid_pos_sales,megamanagepro-20260820T172552Z-1-001.zip::megamanagepro/DbPos.mdb,No notebook record exists for this date; ManagementPro is used as a gap fill. ManagementPro note: ManagementPro-recorded sales only; not confirmed complete store revenue.
2021-08-20,336.00,managementpro,managementpro_nonoverlap_gap_fill,ready_managementpro_gap_fill,,,,,336.00,336.00,gross_valid_pos_sales_excluding_cancellations,verified_mdb_journal_match,mdb_valid_pos_sales,megamanagepro-20260820T172552Z-1-001.zip::megamanagepro/DbPos.mdb,No notebook record exists for this date; ManagementPro is used as a gap fill. ManagementPro note: ManagementPro-recorded sales only; not confirmed complete store revenue.
2021-08-21,134.00,managementpro,managementpro_nonoverlap_gap_fill,ready_managementpro_gap_fill,,,,,134.00,134.00,gross_valid_pos_sales_excluding_cancellations,verified_mdb_journal_match,mdb_valid_pos_sales,megamanagepro-20260820T172552Z-1-001.zip::megamanagepro/DbPos.mdb,No notebook record exists for this date; ManagementPro is used as a gap fill. ManagementPro note: ManagementPro-recorded sales only; not confirmed complete store revenue.
2021-08-23,123.00,managementpro,managementpro_nonoverlap_gap_fill,ready_managementpro_gap_fill,,,,,123.00,123.00,gross_valid_pos_sales_excluding_cancellations,verified_mdb_journal_match,mdb_valid_pos_sales,megamanagepro-20260820T172552Z-1-001.zip::megamanagepro/DbPos.mdb,No notebook record exists for this date; ManagementPro is used as a gap fill. ManagementPro note: ManagementPro-recorded sales only; not confirmed complete store revenue.
2021-08-24,287.00,managementpro,managementpro_nonoverlap_gap_fill,ready_managementpro_gap_fill,,,,,287.00,287.00,gross_valid_pos_sales_excluding_cancellations,verified_mdb_journal_match,mdb_valid_pos_sales,megamanagepro-20260820T172552Z-1-001.zip::megamanagepro/DbPos.mdb,No notebook record exists for this date; ManagementPro is used as a gap fill. ManagementPro note: ManagementPro-recorded sales only; not confirmed complete store revenue.
2021-08-25,211.00,managementpro,managementpro_nonoverlap_gap_fill,ready_managementpro_gap_fill,,,,,211.00,211.00,gross_valid_pos_sales_excluding_cancellations,verified_mdb_journal_match,mdb_valid_pos_sales,megamanagepro-20260820T172552Z-1-001.zip::megamanagepro/DbPos.mdb,No notebook record exists for this date; ManagementPro is used as a gap fill. ManagementPro note: ManagementPro-recorded sales only; not confirmed complete store revenue.
2021-08-26,500.00,managementpro,managementpro_nonoverlap_gap_fill,ready_managementpro_gap_fill,,,,,500.00,500.00,gross_valid_pos_sales_excluding_cancellations,verified_mdb_journal_match,mdb_valid_pos_sales,megamanagepro-20260820T172552Z-1-001.zip::megamanagepro/DbPos.mdb,No notebook record exists for this date; ManagementPro is used as a gap fill. ManagementPro note: ManagementPro-recorded sales only; not confirmed complete store revenue.
2021-08-27,287.00,managementpro,managementpro_nonoverlap_gap_fill,ready_managementpro_gap_fill,,,,,287.00,287.00,gross_valid_pos_sales_excluding_cancellations,verified_mdb_journal_match,mdb_valid_pos_sales,megamanagepro-20260820T172552Z-1-001.zip::megamanagepro/DbPos.mdb,No notebook record exists for this date; ManagementPro is used as a gap fill. ManagementPro note: ManagementPro-recorded sales only; not confirmed complete store revenue.
2021-08-28,308.00,managementpro,managementpro_nonoverlap_gap_fill,ready_managementpro_gap_fill,,,,,308.00,308.00,gross_valid_pos_sales_excluding_cancellations,verified_mdb_journal_match,mdb_valid_pos_sales,megamanagepro-20260820T172552Z-1-001.zip::megamanagepro/DbPos.mdb,No notebook record exists for this date; ManagementPro is used as a gap fill. ManagementPro note: ManagementPro-recorded sales only; not confirmed complete store revenue.
2021-08-30,697.00,managementpro,managementpro_nonoverlap_gap_fill,ready_managementpro_gap_fill,,,,,697.00,697.00,gross_valid_pos_sales_excluding_cancellations,verified_mdb_journal_match,mdb_valid_pos_sales,megamanagepro-20260820T172552Z-1-001.zip::megamanagepro/DbPos.mdb,No notebook record exists for this date; ManagementPro is used as a gap fill. ManagementPro note: ManagementPro-recorded sales only; not confirmed complete store revenue.
2021-08-31,1065.00,managementpro,managementpro_nonoverlap_gap_fill,ready_managementpro_gap_fill,,,,,1065.00,1065.00,gross_valid_pos_sales_excluding_cancellations,verified_mdb_journal_match,mdb_valid_pos_sales,megamanagepro-20260820T172552Z-1-001.zip::megamanagepro/DbPos.mdb,No notebook record exists for this date; ManagementPro is used as a gap fill. ManagementPro note: ManagementPro-recorded sales only; not confirmed complete store revenue.
2021-09-01,519.00,managementpro,managementpro_nonoverlap_gap_fill,ready_managementpro_gap_fill,,,,,519.00,519.00,gross_valid_pos_sales_excluding_cancellations,verified_mdb_journal_match,mdb_valid_pos_sales,megamanagepro-20260820T172552Z-1-001.zip::megamanagepro/DbPos.mdb,No notebook record exists for this date; ManagementPro is used as a gap fill. ManagementPro note: ManagementPro-recorded sales only; not confirmed complete store revenue.
2021-09-02,617.50,managementpro,managementpro_nonoverlap_gap_fill,ready_managementpro_gap_fill,,,,,617.50,617.50,gross_valid_pos_sales_excluding_cancellations,verified_mdb_journal_match,mdb_valid_pos_sales,megamanagepro-20260820T172552Z-1-001.zip::megamanagepro/DbPos.mdb,No notebook record exists for this date; ManagementPro is used as a gap fill. ManagementPro note: ManagementPro-recorded sales only; not confirmed complete store revenue.
2021-09-03,466.50,managementpro,managementpro_nonoverlap_gap_fill,ready_managementpro_gap_fill,,,,,466.50,466.50,gross_valid_pos_sales_excluding_cancellations,verified_mdb_journal_match,mdb_valid_pos_sales,megamanagepro-20260820T172552Z-1-001.zip::megamanagepro/DbPos.mdb,No notebook record exists for this date; ManagementPro is used as a gap fill. ManagementPro note: ManagementPro-recorded sales only; not confirmed complete store revenue.
2021-09-04,353.00,managementpro,managementpro_nonoverlap_gap_fill,ready_managementpro_gap_fill,,,,,353.00,353.00,gross_valid_pos_sales_excluding_cancellations,verified_mdb_journal_match,mdb_valid_pos_sales,megamanagepro-20260820T172552Z-1-001.zip::megamanagepro/DbPos.mdb,No notebook record exists for this date; ManagementPro is used as a gap fill. ManagementPro note: ManagementPro-recorded sales only; not confirmed complete store revenue.
2021-09-06,1084.50,managementpro,managementpro_nonoverlap_gap_fill,ready_managementpro_gap_fill,,,,,1084.50,1084.50,gross_valid_pos_sales_excluding_cancellations,verified_mdb_journal_match,mdb_valid_pos_sales,megamanagepro-20260820T172552Z-1-001.zip::megamanagepro/DbPos.mdb,No notebook record exists for this date; ManagementPro is used as a gap fill. ManagementPro note: ManagementPro-recorded sales only; not confirmed complete store revenue.
2021-09-07,677.50,managementpro,managementpro_nonoverlap_gap_fill,ready_managementpro_gap_fill,,,,,677.50,677.50,gross_valid_pos_sales_excluding_cancellations,verified_mdb_journal_match,mdb_valid_pos_sales,megamanagepro-20260820T172552Z-1-001.zip::megamanagepro/DbPos.mdb,No notebook record exists for this date; ManagementPro is used as a gap fill. ManagementPro note: ManagementPro-recorded sales only; not confirmed complete store revenue.
2021-09-08,532.00,managementpro,managementpro_nonoverlap_gap_fill,ready_managementpro_gap_fill,,,,,532.00,532.00,gross_valid_pos_sales_excluding_cancellations,verified_mdb_journal_match,mdb_valid_pos_sales,megamanagepro-20260820T172552Z-1-001.zip::megamanagepro/DbPos.mdb,No notebook record exists for this date; ManagementPro is used as a gap fill. ManagementPro note: ManagementPro-recorded sales only; not confirmed complete store revenue.
2021-09-09,546.00,managementpro,managementpro_nonoverlap_gap_fill,ready_managementpro_gap_fill,,,,,546.00,546.00,gross_valid_pos_sales_excluding_cancellations,verified_mdb_journal_match,mdb_valid_pos_sales,megamanagepro-20260820T172552Z-1-001.zip::megamanagepro/DbPos.mdb,No notebook record exists for this date; ManagementPro is used as a gap fill. ManagementPro note: ManagementPro-recorded sales only; not confirmed complete store revenue.
2021-09-10,475.50,managementpro,managementpro_nonoverlap_gap_fill,ready_managementpro_gap_fill,,,,,475.50,475.50,gross_valid_pos_sales_excluding_cancellations,verified_mdb_journal_match,mdb_valid_pos_sales,megamanagepro-20260820T172552Z-1-001.zip::megamanagepro/DbPos.mdb,No notebook record exists for this date; ManagementPro is used as a gap fill. ManagementPro note: ManagementPro-recorded sales only; not confirmed complete store revenue.
2021-09-11,515.00,managementpro,managementpro_nonoverlap_gap_fill,ready_managementpro_gap_fill,,,,,515.00,515.00,gross_valid_pos_sales_excluding_cancellations,verified_mdb_journal_match,mdb_valid_pos_sales,megamanagepro-20260820T172552Z-1-001.zip::megamanagepro/DbPos.mdb,No notebook record exists for this date; ManagementPro is used as a gap fill. ManagementPro note: ManagementPro-recorded sales only; not confirmed complete store revenue.
2021-09-13,850.00,managementpro,managementpro_nonoverlap_gap_fill,ready_managementpro_gap_fill,,,,,850.00,850.00,gross_valid_pos_sales_excluding_cancellations,verified_mdb_journal_match,mdb_valid_pos_sales,megamanagepro-20260820T172552Z-1-001.zip::megamanagepro/DbPos.mdb,No notebook record exists for this date; ManagementPro is used as a gap fill. ManagementPro note: ManagementPro-recorded sales only; not confirmed complete store revenue.
2021-09-14,686.00,managementpro,managementpro_nonoverlap_gap_fill,ready_managementpro_gap_fill,,,,,686.00,686.00,gross_valid_pos_sales_excluding_cancellations,verified_mdb_journal_match,mdb_valid_pos_sales,megamanagepro-20260820T172552Z-1-001.zip::megamanagepro/DbPos.mdb,No notebook record exists for this date; ManagementPro is used as a gap fill. ManagementPro note: ManagementPro-recorded sales only; not confirmed complete store revenue.
2021-09-15,198.50,managementpro,managementpro_nonoverlap_gap_fill,ready_managementpro_gap_fill,,,,,198.50,198.50,gross_valid_pos_sales_excluding_cancellations,verified_mdb_journal_match,mdb_valid_pos_sales,megamanagepro-20260820T172552Z-1-001.zip::megamanagepro/DbPos.mdb,No notebook record exists for this date; ManagementPro is used as a gap fill. ManagementPro note: ManagementPro-recorded sales only; not confirmed complete store revenue.
2021-09-16,107.00,managementpro,managementpro_nonoverlap_gap_fill,ready_managementpro_gap_fill,,,,,107.00,107.00,gross_valid_pos_sales_excluding_cancellations,verified_mdb_journal_match,mdb_valid_pos_sales,megamanagepro-20260820T172552Z-1-001.zip::megamanagepro/DbPos.mdb,No notebook record exists for this date; ManagementPro is used as a gap fill. ManagementPro note: ManagementPro-recorded sales only; not confirmed complete store revenue.
2021-09-17,562.50,managementpro,managementpro_nonoverlap_gap_fill,ready_managementpro_gap_fill,,,,,562.50,562.50,gross_valid_pos_sales_excluding_cancellations,verified_mdb_journal_match,mdb_valid_pos_sales,megamanagepro-20260820T172552Z-1-001.zip::megamanagepro/DbPos.mdb,No notebook record exists for this date; ManagementPro is used as a gap fill. ManagementPro note: ManagementPro-recorded sales only; not confirmed complete store revenue.
2021-09-18,9.00,managementpro,managementpro_nonoverlap_gap_fill,ready_managementpro_gap_fill,,,,,9.00,9.00,gross_valid_pos_sales_excluding_cancellations,verified_mdb_journal_match,mdb_valid_pos_sales,megamanagepro-20260820T172552Z-1-001.zip::megamanagepro/DbPos.mdb,No notebook record exists for this date; ManagementPro is used as a gap fill. ManagementPro note: ManagementPro-recorded sales only; not confirmed complete store revenue.
2021-09-20,797.50,managementpro,managementpro_nonoverlap_gap_fill,ready_managementpro_gap_fill,,,,,797.50,797.50,gross_valid_pos_sales_excluding_cancellations,verified_mdb_journal_match,mdb_valid_pos_sales,megamanagepro-20260820T172552Z-1-001.zip::megamanagepro/DbPos.mdb,No notebook record exists for this date; ManagementPro is used as a gap fill. ManagementPro note: ManagementPro-recorded sales only; not confirmed complete store revenue.
2021-09-21,283.00,managementpro,managementpro_nonoverlap_gap_fill,ready_managementpro_gap_fill,,,,,283.00,283.00,gross_valid_pos_sales_excluding_cancellations,verified_mdb_journal_match,mdb_valid_pos_sales,megamanagepro-20260820T172552Z-1-001.zip::megamanagepro/DbPos.mdb,No notebook record exists for this date; ManagementPro is used as a gap fill. ManagementPro note: ManagementPro-recorded sales only; not confirmed complete store revenue.
2021-09-22,1162.00,managementpro,managementpro_nonoverlap_gap_fill,ready_managementpro_gap_fill,,,,,1162.00,1162.00,gross_valid_pos_sales_excluding_cancellations,verified_mdb_journal_match,mdb_valid_pos_sales,megamanagepro-20260820T172552Z-1-001.zip::megamanagepro/DbPos.mdb,No notebook record exists for this date; ManagementPro is used as a gap fill. ManagementPro note: ManagementPro-recorded sales only; not confirmed complete store revenue.
2021-09-23,390.00,managementpro,managementpro_nonoverlap_gap_fill,ready_managementpro_gap_fill,,,,,390.00,390.00,gross_valid_pos_sales_excluding_cancellations,verified_mdb_journal_match,mdb_valid_pos_sales,megamanagepro-20260820T172552Z-1-001.zip::megamanagepro/DbPos.mdb,No notebook record exists for this date; ManagementPro is used as a gap fill. ManagementPro note: ManagementPro-recorded sales only; not confirmed complete store revenue.
2021-09-28,487.00,managementpro,managementpro_nonoverlap_gap_fill,ready_managementpro_gap_fill,,,,,487.00,487.00,gross_valid_pos_sales_excluding_cancellations,verified_mdb_journal_match,mdb_valid_pos_sales,megamanagepro-20260820T172552Z-1-001.zip::megamanagepro/DbPos.mdb,No notebook record exists for this date; ManagementPro is used as a gap fill. ManagementPro note: ManagementPro-recorded sales only; not confirmed complete store revenue.
2021-09-29,439.00,managementpro,managementpro_nonoverlap_gap_fill,ready_managementpro_gap_fill,,,,,439.00,439.00,gross_valid_pos_sales_excluding_cancellations,verified_mdb_journal_match,mdb_valid_pos_sales,megamanagepro-20260820T172552Z-1-001.zip::megamanagepro/DbPos.mdb,No notebook record exists for this date; ManagementPro is used as a gap fill. ManagementPro note: ManagementPro-recorded sales only; not confirmed complete store revenue.
2021-09-30,419.50,managementpro,managementpro_nonoverlap_gap_fill,ready_managementpro_gap_fill,,,,,419.50,419.50,gross_valid_pos_sales_excluding_cancellations,verified_mdb_journal_match,mdb_valid_pos_sales,megamanagepro-20260820T172552Z-1-001.zip::megamanagepro/DbPos.mdb,No notebook record exists for this date; ManagementPro is used as a gap fill. ManagementPro note: ManagementPro-recorded sales only; not confirmed complete store revenue.
2021-10-01,217.50,managementpro,managementpro_nonoverlap_gap_fill,ready_managementpro_gap_fill,,,,,217.50,217.50,gross_valid_pos_sales_excluding_cancellations,verified_mdb_journal_match,mdb_valid_pos_sales,megamanagepro-20260820T172552Z-1-001.zip::megamanagepro/DbPos.mdb,No notebook record exists for this date; ManagementPro is used as a gap fill. ManagementPro note: ManagementPro-recorded sales only; not confirmed complete store revenue.
2021-10-02,223.00,managementpro,managementpro_nonoverlap_gap_fill,ready_managementpro_gap_fill,,,,,223.00,223.00,gross_valid_pos_sales_excluding_cancellations,verified_mdb_journal_match,mdb_valid_pos_sales,megamanagepro-20260820T172552Z-1-001.zip::megamanagepro/DbPos.mdb,No notebook record exists for this date; ManagementPro is used as a gap fill. ManagementPro note: ManagementPro-recorded sales only; not confirmed complete store revenue.
2021-10-04,233.50,managementpro,managementpro_nonoverlap_gap_fill,ready_managementpro_gap_fill,,,,,233.50,233.50,gross_valid_pos_sales_excluding_cancellations,verified_mdb_journal_match,mdb_valid_pos_sales,megamanagepro-20260820T172552Z-1-001.zip::megamanagepro/DbPos.mdb,No notebook record exists for this date; ManagementPro is used as a gap fill. ManagementPro note: ManagementPro-recorded sales only; not confirmed complete store revenue.
2021-10-05,434.00,managementpro,managementpro_nonoverlap_gap_fill,ready_managementpro_gap_fill,,,,,434.00,434.00,gross_valid_pos_sales_excluding_cancellations,verified_mdb_journal_match,mdb_valid_pos_sales,megamanagepro-20260820T172552Z-1-001.zip::megamanagepro/DbPos.mdb,No notebook record exists for this date; ManagementPro is used as a gap fill. ManagementPro note: ManagementPro-recorded sales only; not confirmed complete store revenue.
2021-10-06,210.50,managementpro,managementpro_nonoverlap_gap_fill,ready_managementpro_gap_fill,,,,,210.50,210.50,gross_valid_pos_sales_excluding_cancellations,verified_mdb_journal_match,mdb_valid_pos_sales,megamanagepro-20260820T172552Z-1-001.zip::megamanagepro/DbPos.mdb,No notebook record exists for this date; ManagementPro is used as a gap fill. ManagementPro note: ManagementPro-recorded sales only; not confirmed complete store revenue.
2021-10-07,375.00,managementpro,managementpro_nonoverlap_gap_fill,ready_managementpro_gap_fill,,,,,375.00,375.00,gross_valid_pos_sales_excluding_cancellations,verified_mdb_journal_match,mdb_valid_pos_sales,megamanagepro-20260820T172552Z-1-001.zip::megamanagepro/DbPos.mdb,No notebook record exists for this date; ManagementPro is used as a gap fill. ManagementPro note: ManagementPro-recorded sales only; not confirmed complete store revenue.
2021-10-08,282.00,managementpro,managementpro_nonoverlap_gap_fill,ready_managementpro_gap_fill,,,,,282.00,282.00,gross_valid_pos_sales_excluding_cancellations,verified_mdb_journal_match,mdb_valid_pos_sales,megamanagepro-20260820T172552Z-1-001.zip::megamanagepro/DbPos.mdb,No notebook record exists for this date; ManagementPro is used as a gap fill. ManagementPro note: ManagementPro-recorded sales only; not confirmed complete store revenue.
2021-10-09,117.00,managementpro,managementpro_nonoverlap_gap_fill,ready_managementpro_gap_fill,,,,,117.00,117.00,gross_valid_pos_sales_excluding_cancellations,verified_mdb_journal_match,mdb_valid_pos_sales,megamanagepro-20260820T172552Z-1-001.zip::megamanagepro/DbPos.mdb,No notebook record exists for this date; ManagementPro is used as a gap fill. ManagementPro note: ManagementPro-recorded sales only; not confirmed complete store revenue.
2021-10-11,334.50,managementpro,managementpro_nonoverlap_gap_fill,ready_managementpro_gap_fill,,,,,334.50,334.50,gross_valid_pos_sales_excluding_cancellations,verified_mdb_journal_match,mdb_valid_pos_sales,megamanagepro-20260820T172552Z-1-001.zip::megamanagepro/DbPos.mdb,No notebook record exists for this date; ManagementPro is used as a gap fill. ManagementPro note: ManagementPro-recorded sales only; not confirmed complete store revenue.
2021-10-12,244.50,managementpro,managementpro_nonoverlap_gap_fill,ready_managementpro_gap_fill,,,,,244.50,244.50,gross_valid_pos_sales_excluding_cancellations,verified_mdb_journal_match,mdb_valid_pos_sales,megamanagepro-20260820T172552Z-1-001.zip::megamanagepro/DbPos.mdb,No notebook record exists for this date; ManagementPro is used as a gap fill. ManagementPro note: ManagementPro-recorded sales only; not confirmed complete store revenue.
2021-10-13,741.00,managementpro,managementpro_nonoverlap_gap_fill,ready_managementpro_gap_fill,,,,,741.00,741.00,gross_valid_pos_sales_excluding_cancellations,verified_mdb_journal_match,mdb_valid_pos_sales,megamanagepro-20260820T172552Z-1-001.zip::megamanagepro/DbPos.mdb,No notebook record exists for this date; ManagementPro is used as a gap fill. ManagementPro note: ManagementPro-recorded sales only; not confirmed complete store revenue.
2021-10-14,254.00,managementpro,managementpro_nonoverlap_gap_fill,ready_managementpro_gap_fill,,,,,254.00,254.00,gross_valid_pos_sales_excluding_cancellations,verified_mdb_journal_match,mdb_valid_pos_sales,megamanagepro-20260820T172552Z-1-001.zip::megamanagepro/DbPos.mdb,No notebook record exists for this date; ManagementPro is used as a gap fill. ManagementPro note: ManagementPro-recorded sales only; not confirmed complete store revenue.
2021-10-15,173.00,managementpro,managementpro_nonoverlap_gap_fill,ready_managementpro_gap_fill,,,,,173.00,173.00,gross_valid_pos_sales_excluding_cancellations,verified_mdb_journal_match,mdb_valid_pos_sales,megamanagepro-20260820T172552Z-1-001.zip::megamanagepro/DbPos.mdb,No notebook record exists for this date; ManagementPro is used as a gap fill. ManagementPro note: ManagementPro-recorded sales only; not confirmed complete store revenue.
2021-10-16,192.00,managementpro,managementpro_nonoverlap_gap_fill,ready_managementpro_gap_fill,,,,,192.00,192.00,gross_valid_pos_sales_excluding_cancellations,verified_mdb_journal_match,mdb_valid_pos_sales,megamanagepro-20260820T172552Z-1-001.zip::megamanagepro/DbPos.mdb,No notebook record exists for this date; ManagementPro is used as a gap fill. ManagementPro note: ManagementPro-recorded sales only; not confirmed complete store revenue.
2021-10-18,486.00,managementpro,managementpro_nonoverlap_gap_fill,ready_managementpro_gap_fill,,,,,486.00,486.00,gross_valid_pos_sales_excluding_cancellations,verified_mdb_journal_match,mdb_valid_pos_sales,megamanagepro-20260820T172552Z-1-001.zip::megamanagepro/DbPos.mdb,No notebook record exists for this date; ManagementPro is used as a gap fill. ManagementPro note: ManagementPro-recorded sales only; not confirmed complete store revenue.
2021-10-19,250.00,managementpro,managementpro_nonoverlap_gap_fill,ready_managementpro_gap_fill,,,,,250.00,250.00,gross_valid_pos_sales_excluding_cancellations,verified_mdb_journal_match,mdb_valid_pos_sales,megamanagepro-20260820T172552Z-1-001.zip::megamanagepro/DbPos.mdb,No notebook record exists for this date; ManagementPro is used as a gap fill. ManagementPro note: ManagementPro-recorded sales only; not confirmed complete store revenue.
2021-10-20,492.50,managementpro,managementpro_nonoverlap_gap_fill,ready_managementpro_gap_fill,,,,,492.50,492.50,gross_valid_pos_sales_excluding_cancellations,verified_mdb_journal_match,mdb_valid_pos_sales,megamanagepro-20260820T172552Z-1-001.zip::megamanagepro/DbPos.mdb,No notebook record exists for this date; ManagementPro is used as a gap fill. ManagementPro note: ManagementPro-recorded sales only; not confirmed complete store revenue.
2021-10-21,362.50,managementpro,managementpro_nonoverlap_gap_fill,ready_managementpro_gap_fill,,,,,362.50,362.50,gross_valid_pos_sales_excluding_cancellations,verified_mdb_journal_match,mdb_valid_pos_sales,megamanagepro-20260820T172552Z-1-001.zip::megamanagepro/DbPos.mdb,No notebook record exists for this date; ManagementPro is used as a gap fill. ManagementPro note: ManagementPro-recorded sales only; not confirmed complete store revenue.
2021-10-22,207.00,managementpro,managementpro_nonoverlap_gap_fill,ready_managementpro_gap_fill,,,,,207.00,207.00,gross_valid_pos_sales_excluding_cancellations,verified_mdb_journal_match,mdb_valid_pos_sales,megamanagepro-20260820T172552Z-1-001.zip::megamanagepro/DbPos.mdb,No notebook record exists for this date; ManagementPro is used as a gap fill. ManagementPro note: ManagementPro-recorded sales only; not confirmed complete store revenue.
2021-10-25,487.00,managementpro,managementpro_nonoverlap_gap_fill,ready_managementpro_gap_fill,,,,,487.00,487.00,gross_valid_pos_sales_excluding_cancellations,verified_mdb_journal_match,mdb_valid_pos_sales,megamanagepro-20260820T172552Z-1-001.zip::megamanagepro/DbPos.mdb,No notebook record exists for this date; ManagementPro is used as a gap fill. ManagementPro note: ManagementPro-recorded sales only; not confirmed complete store revenue.
2021-10-26,389.00,managementpro,managementpro_nonoverlap_gap_fill,ready_managementpro_gap_fill,,,,,389.00,389.00,gross_valid_pos_sales_excluding_cancellations,verified_mdb_journal_match,mdb_valid_pos_sales,megamanagepro-20260820T172552Z-1-001.zip::megamanagepro/DbPos.mdb,No notebook record exists for this date; ManagementPro is used as a gap fill. ManagementPro note: ManagementPro-recorded sales only; not confirmed complete store revenue.
2021-10-27,603.50,managementpro,managementpro_nonoverlap_gap_fill,ready_managementpro_gap_fill,,,,,603.50,603.50,gross_valid_pos_sales_excluding_cancellations,verified_mdb_journal_match,mdb_valid_pos_sales,megamanagepro-20260820T172552Z-1-001.zip::megamanagepro/DbPos.mdb,No notebook record exists for this date; ManagementPro is used as a gap fill. ManagementPro note: ManagementPro-recorded sales only; not confirmed complete store revenue.
2021-10-28,222.50,managementpro,managementpro_nonoverlap_gap_fill,ready_managementpro_gap_fill,,,,,222.50,222.50,gross_valid_pos_sales_excluding_cancellations,verified_mdb_journal_match,mdb_valid_pos_sales,megamanagepro-20260820T172552Z-1-001.zip::megamanagepro/DbPos.mdb,No notebook record exists for this date; ManagementPro is used as a gap fill. ManagementPro note: ManagementPro-recorded sales only; not confirmed complete store revenue.
2021-10-29,346.00,managementpro,managementpro_nonoverlap_gap_fill,ready_managementpro_gap_fill,,,,,346.00,346.00,gross_valid_pos_sales_excluding_cancellations,verified_mdb_journal_match,mdb_valid_pos_sales,megamanagepro-20260820T172552Z-1-001.zip::megamanagepro/DbPos.mdb,No notebook record exists for this date; ManagementPro is used as a gap fill. ManagementPro note: ManagementPro-recorded sales only; not confirmed complete store revenue.
2021-10-30,370.00,managementpro,managementpro_nonoverlap_gap_fill,ready_managementpro_gap_fill,,,,,370.00,370.00,gross_valid_pos_sales_excluding_cancellations,verified_mdb_journal_match,mdb_valid_pos_sales,megamanagepro-20260820T172552Z-1-001.zip::megamanagepro/DbPos.mdb,No notebook record exists for this date; ManagementPro is used as a gap fill. ManagementPro note: ManagementPro-recorded sales only; not confirmed complete store revenue.
2021-11-01,381.00,managementpro,managementpro_nonoverlap_gap_fill,ready_managementpro_gap_fill,,,,,381.00,381.00,gross_valid_pos_sales_excluding_cancellations,verified_mdb_journal_match,mdb_valid_pos_sales,megamanagepro-20260820T172552Z-1-001.zip::megamanagepro/DbPos.mdb,No notebook record exists for this date; ManagementPro is used as a gap fill. ManagementPro note: ManagementPro-recorded sales only; not confirmed complete store revenue.
2021-11-02,610.50,managementpro,managementpro_nonoverlap_gap_fill,ready_managementpro_gap_fill,,,,,610.50,610.50,gross_valid_pos_sales_excluding_cancellations,verified_mdb_journal_match,mdb_valid_pos_sales,megamanagepro-20260820T172552Z-1-001.zip::megamanagepro/DbPos.mdb,No notebook record exists for this date; ManagementPro is used as a gap fill. ManagementPro note: ManagementPro-recorded sales only; not confirmed complete store revenue.
2021-11-03,344.00,managementpro,managementpro_nonoverlap_gap_fill,ready_managementpro_gap_fill,,,,,344.00,344.00,gross_valid_pos_sales_excluding_cancellations,verified_mdb_journal_match,mdb_valid_pos_sales,megamanagepro-20260820T172552Z-1-001.zip::megamanagepro/DbPos.mdb,No notebook record exists for this date; ManagementPro is used as a gap fill. ManagementPro note: ManagementPro-recorded sales only; not confirmed complete store revenue.
2021-11-04,333.50,managementpro,managementpro_nonoverlap_gap_fill,ready_managementpro_gap_fill,,,,,333.50,333.50,gross_valid_pos_sales_excluding_cancellations,verified_mdb_journal_match,mdb_valid_pos_sales,megamanagepro-20260820T172552Z-1-001.zip::megamanagepro/DbPos.mdb,No notebook record exists for this date; ManagementPro is used as a gap fill. ManagementPro note: ManagementPro-recorded sales only; not confirmed complete store revenue.
2021-11-05,411.00,managementpro,managementpro_nonoverlap_gap_fill,ready_managementpro_gap_fill,,,,,411.00,411.00,gross_valid_pos_sales_excluding_cancellations,verified_mdb_journal_match,mdb_valid_pos_sales,megamanagepro-20260820T172552Z-1-001.zip::megamanagepro/DbPos.mdb,No notebook record exists for this date; ManagementPro is used as a gap fill. ManagementPro note: ManagementPro-recorded sales only; not confirmed complete store revenue.
2021-11-06,134.00,managementpro,managementpro_nonoverlap_gap_fill,ready_managementpro_gap_fill,,,,,134.00,134.00,gross_valid_pos_sales_excluding_cancellations,verified_mdb_journal_match,mdb_valid_pos_sales,megamanagepro-20260820T172552Z-1-001.zip::megamanagepro/DbPos.mdb,No notebook record exists for this date; ManagementPro is used as a gap fill. ManagementPro note: ManagementPro-recorded sales only; not confirmed complete store revenue.
2021-11-08,384.50,managementpro,managementpro_nonoverlap_gap_fill,ready_managementpro_gap_fill,,,,,384.50,384.50,gross_valid_pos_sales_excluding_cancellations,verified_mdb_journal_match,mdb_valid_pos_sales,megamanagepro-20260820T172552Z-1-001.zip::megamanagepro/DbPos.mdb,No notebook record exists for this date; ManagementPro is used as a gap fill. ManagementPro note: ManagementPro-recorded sales only; not confirmed complete store revenue.
2021-11-09,398.50,managementpro,managementpro_nonoverlap_gap_fill,ready_managementpro_gap_fill,,,,,398.50,398.50,gross_valid_pos_sales_excluding_cancellations,verified_mdb_journal_match,mdb_valid_pos_sales,megamanagepro-20260820T172552Z-1-001.zip::megamanagepro/DbPos.mdb,No notebook record exists for this date; ManagementPro is used as a gap fill. ManagementPro note: ManagementPro-recorded sales only; not confirmed complete store revenue.
2021-11-10,355.00,managementpro,managementpro_nonoverlap_gap_fill,ready_managementpro_gap_fill,,,,,355.00,355.00,gross_valid_pos_sales_excluding_cancellations,verified_mdb_journal_match,mdb_valid_pos_sales,megamanagepro-20260820T172552Z-1-001.zip::megamanagepro/DbPos.mdb,No notebook record exists for this date; ManagementPro is used as a gap fill. ManagementPro note: ManagementPro-recorded sales only; not confirmed complete store revenue.
2021-11-11,415.50,managementpro,managementpro_nonoverlap_gap_fill,ready_managementpro_gap_fill,,,,,415.50,415.50,gross_valid_pos_sales_excluding_cancellations,verified_mdb_journal_match,mdb_valid_pos_sales,megamanagepro-20260820T172552Z-1-001.zip::megamanagepro/DbPos.mdb,No notebook record exists for this date; ManagementPro is used as a gap fill. ManagementPro note: ManagementPro-recorded sales only; not confirmed complete store revenue.
2021-11-12,294.50,managementpro,managementpro_nonoverlap_gap_fill,ready_managementpro_gap_fill,,,,,294.50,294.50,gross_valid_pos_sales_excluding_cancellations,verified_mdb_journal_match,mdb_valid_pos_sales,megamanagepro-20260820T172552Z-1-001.zip::megamanagepro/DbPos.mdb,No notebook record exists for this date; ManagementPro is used as a gap fill. ManagementPro note: ManagementPro-recorded sales only; not confirmed complete store revenue.
2021-11-16,231.50,managementpro,managementpro_nonoverlap_gap_fill,ready_managementpro_gap_fill,,,,,231.50,231.50,gross_valid_pos_sales_excluding_cancellations,verified_mdb_journal_match,mdb_valid_pos_sales,megamanagepro-20260820T172552Z-1-001.zip::megamanagepro/DbPos.mdb,No notebook record exists for this date; ManagementPro is used as a gap fill. ManagementPro note: ManagementPro-recorded sales only; not confirmed complete store revenue.
2021-11-17,210.50,managementpro,managementpro_nonoverlap_gap_fill,ready_managementpro_gap_fill,,,,,210.50,210.50,gross_valid_pos_sales_excluding_cancellations,verified_mdb_journal_match,mdb_valid_pos_sales,megamanagepro-20260820T172552Z-1-001.zip::megamanagepro/DbPos.mdb,No notebook record exists for this date; ManagementPro is used as a gap fill. ManagementPro note: ManagementPro-recorded sales only; not confirmed complete store revenue.
2021-11-18,212.00,managementpro,managementpro_nonoverlap_gap_fill,ready_managementpro_gap_fill,,,,,212.00,212.00,gross_valid_pos_sales_excluding_cancellations,verified_mdb_journal_match,mdb_valid_pos_sales,megamanagepro-20260820T172552Z-1-001.zip::megamanagepro/DbPos.mdb,No notebook record exists for this date; ManagementPro is used as a gap fill. ManagementPro note: ManagementPro-recorded sales only; not confirmed complete store revenue.
2021-11-19,423.00,managementpro,managementpro_nonoverlap_gap_fill,ready_managementpro_gap_fill,,,,,423.00,423.00,gross_valid_pos_sales_excluding_cancellations,verified_mdb_journal_match,mdb_valid_pos_sales,megamanagepro-20260820T172552Z-1-001.zip::megamanagepro/DbPos.mdb,No notebook record exists for this date; ManagementPro is used as a gap fill. ManagementPro note: ManagementPro-recorded sales only; not confirmed complete store revenue.
2021-11-20,324.50,managementpro,managementpro_nonoverlap_gap_fill,ready_managementpro_gap_fill,,,,,324.50,324.50,gross_valid_pos_sales_excluding_cancellations,verified_mdb_journal_match,mdb_valid_pos_sales,megamanagepro-20260820T172552Z-1-001.zip::megamanagepro/DbPos.mdb,No notebook record exists for this date; ManagementPro is used as a gap fill. ManagementPro note: ManagementPro-recorded sales only; not confirmed complete store revenue.
2021-11-22,587.50,managementpro,managementpro_nonoverlap_gap_fill,ready_managementpro_gap_fill,,,,,587.50,587.50,gross_valid_pos_sales_excluding_cancellations,verified_mdb_journal_match,mdb_valid_pos_sales,megamanagepro-20260820T172552Z-1-001.zip::megamanagepro/DbPos.mdb,No notebook record exists for this date; ManagementPro is used as a gap fill. ManagementPro note: ManagementPro-recorded sales only; not confirmed complete store revenue.
2021-11-23,253.50,managementpro,managementpro_nonoverlap_gap_fill,ready_managementpro_gap_fill,,,,,253.50,253.50,gross_valid_pos_sales_excluding_cancellations,verified_mdb_journal_match,mdb_valid_pos_sales,megamanagepro-20260820T172552Z-1-001.zip::megamanagepro/DbPos.mdb,No notebook record exists for this date; ManagementPro is used as a gap fill. ManagementPro note: ManagementPro-recorded sales only; not confirmed complete store revenue.
2021-11-24,492.50,managementpro,managementpro_nonoverlap_gap_fill,ready_managementpro_gap_fill,,,,,492.50,492.50,gross_valid_pos_sales_excluding_cancellations,verified_mdb_journal_match,mdb_valid_pos_sales,megamanagepro-20260820T172552Z-1-001.zip::megamanagepro/DbPos.mdb,No notebook record exists for this date; ManagementPro is used as a gap fill. ManagementPro note: ManagementPro-recorded sales only; not confirmed complete store revenue.
2021-11-25,292.50,managementpro,managementpro_nonoverlap_gap_fill,ready_managementpro_gap_fill,,,,,292.50,292.50,gross_valid_pos_sales_excluding_cancellations,verified_mdb_journal_match,mdb_valid_pos_sales,megamanagepro-20260820T172552Z-1-001.zip::megamanagepro/DbPos.mdb,No notebook record exists for this date; ManagementPro is used as a gap fill. ManagementPro note: ManagementPro-recorded sales only; not confirmed complete store revenue.
2021-11-26,552.00,managementpro,managementpro_nonoverlap_gap_fill,ready_managementpro_gap_fill,,,,,552.00,336.00,gross_valid_pos_sales_excluding_cancellations,review_mdb_journal_difference,mdb_valid_pos_sales,megamanagepro-20260820T172552Z-1-001.zip::megamanagepro/DbPos.mdb,No notebook record exists for this date; ManagementPro is used as a gap fill. ManagementPro note: ManagementPro-recorded sales only; not confirmed complete store revenue. Authoritative MDB differs from journal audit by 216.00 MXN.
2021-11-27,216.00,managementpro,managementpro_nonoverlap_gap_fill,ready_managementpro_gap_fill,,,,,216.00,216.00,completed_journal_sales_cut_reconciled,adjudicated_journal_only_cut_match,journal_completed_sales,mpro-pos-20260820T172538Z-1-001.zip::mpro-pos/JOURNAL/00010120211127.jrn,No notebook record exists for this date; ManagementPro is used as a gap fill. ManagementPro note: ManagementPro-recorded sales only; not confirmed complete store revenue. No corresponding valid Venta rows in the canonical MDB; retained from the journal audit.
2021-11-29,763.00,managementpro,managementpro_nonoverlap_gap_fill,ready_managementpro_gap_fill,,,,,763.00,763.00,gross_valid_pos_sales_excluding_cancellations,verified_mdb_journal_match,mdb_valid_pos_sales,megamanagepro-20260820T172552Z-1-001.zip::megamanagepro/DbPos.mdb,No notebook record exists for this date; ManagementPro is used as a gap fill. ManagementPro note: ManagementPro-recorded sales only; not confirmed complete store revenue.
2021-11-30,377.50,managementpro,managementpro_nonoverlap_gap_fill,ready_managementpro_gap_fill,,,,,377.50,377.50,gross_valid_pos_sales_excluding_cancellations,verified_mdb_journal_match,mdb_valid_pos_sales,megamanagepro-20260820T172552Z-1-001.zip::megamanagepro/DbPos.mdb,No notebook record exists for this date; ManagementPro is used as a gap fill. ManagementPro note: ManagementPro-recorded sales only; not confirmed complete store revenue.
2021-12-01,423.00,managementpro,managementpro_nonoverlap_gap_fill,ready_managementpro_gap_fill,,,,,423.00,423.00,gross_valid_pos_sales_excluding_cancellations,verified_mdb_journal_match,mdb_valid_pos_sales,megamanagepro-20260820T172552Z-1-001.zip::megamanagepro/DbPos.mdb,No notebook record exists for this date; ManagementPro is used as a gap fill. ManagementPro note: ManagementPro-recorded sales only; not confirmed complete store revenue.
2021-12-02,611.00,managementpro,managementpro_nonoverlap_gap_fill,ready_managementpro_gap_fill,,,,,611.00,611.00,gross_valid_pos_sales_excluding_cancellations,verified_mdb_journal_match,mdb_valid_pos_sales,megamanagepro-20260820T172552Z-1-001.zip::megamanagepro/DbPos.mdb,No notebook record exists for this date; ManagementPro is used as a gap fill. ManagementPro note: ManagementPro-recorded sales only; not confirmed complete store revenue.
2021-12-03,360.00,managementpro,managementpro_nonoverlap_gap_fill,ready_managementpro_gap_fill,,,,,360.00,360.00,gross_valid_pos_sales_excluding_cancellations,verified_mdb_journal_match,mdb_valid_pos_sales,megamanagepro-20260820T172552Z-1-001.zip::megamanagepro/DbPos.mdb,No notebook record exists for this date; ManagementPro is used as a gap fill. ManagementPro note: ManagementPro-recorded sales only; not confirmed complete store revenue.
2021-12-04,201.00,managementpro,managementpro_nonoverlap_gap_fill,ready_managementpro_gap_fill,,,,,201.00,201.00,gross_valid_pos_sales_excluding_cancellations,verified_mdb_journal_match,mdb_valid_pos_sales,megamanagepro-20260820T172552Z-1-001.zip::megamanagepro/DbPos.mdb,No notebook record exists for this date; ManagementPro is used as a gap fill. ManagementPro note: ManagementPro-recorded sales only; not confirmed complete store revenue.
2021-12-06,121.00,managementpro,managementpro_nonoverlap_gap_fill,ready_managementpro_gap_fill,,,,,121.00,121.00,gross_valid_pos_sales_excluding_cancellations,verified_mdb_journal_match,mdb_valid_pos_sales,megamanagepro-20260820T172552Z-1-001.zip::megamanagepro/DbPos.mdb,No notebook record exists for this date; ManagementPro is used as a gap fill. ManagementPro note: ManagementPro-recorded sales only; not confirmed complete store revenue.
2021-12-07,662.50,managementpro,managementpro_nonoverlap_gap_fill,ready_managementpro_gap_fill,,,,,662.50,662.50,gross_valid_pos_sales_excluding_cancellations,verified_mdb_journal_match,mdb_valid_pos_sales,megamanagepro-20260820T172552Z-1-001.zip::megamanagepro/DbPos.mdb,No notebook record exists for this date; ManagementPro is used as a gap fill. ManagementPro note: ManagementPro-recorded sales only; not confirmed complete store revenue.
2021-12-08,350.50,managementpro,managementpro_nonoverlap_gap_fill,ready_managementpro_gap_fill,,,,,350.50,350.50,gross_valid_pos_sales_excluding_cancellations,verified_mdb_journal_match,mdb_valid_pos_sales,megamanagepro-20260820T172552Z-1-001.zip::megamanagepro/DbPos.mdb,No notebook record exists for this date; ManagementPro is used as a gap fill. ManagementPro note: ManagementPro-recorded sales only; not confirmed complete store revenue.
2021-12-09,550.50,managementpro,managementpro_nonoverlap_gap_fill,ready_managementpro_gap_fill,,,,,550.50,550.50,gross_valid_pos_sales_excluding_cancellations,verified_mdb_journal_match,mdb_valid_pos_sales,megamanagepro-20260820T172552Z-1-001.zip::megamanagepro/DbPos.mdb,No notebook record exists for this date; ManagementPro is used as a gap fill. ManagementPro note: ManagementPro-recorded sales only; not confirmed complete store revenue.
2021-12-10,652.00,managementpro,managementpro_nonoverlap_gap_fill,ready_managementpro_gap_fill,,,,,652.00,652.00,gross_valid_pos_sales_excluding_cancellations,verified_mdb_journal_match,mdb_valid_pos_sales,megamanagepro-20260820T172552Z-1-001.zip::megamanagepro/DbPos.mdb,No notebook record exists for this date; ManagementPro is used as a gap fill. ManagementPro note: ManagementPro-recorded sales only; not confirmed complete store revenue.
2021-12-11,261.00,managementpro,managementpro_nonoverlap_gap_fill,ready_managementpro_gap_fill,,,,,261.00,186.00,gross_valid_pos_sales_excluding_cancellations,review_mdb_journal_difference,mdb_valid_pos_sales,megamanagepro-20260820T172552Z-1-001.zip::megamanagepro/DbPos.mdb,No notebook record exists for this date; ManagementPro is used as a gap fill. ManagementPro note: ManagementPro-recorded sales only; not confirmed complete store revenue. Authoritative MDB differs from journal audit by 75.00 MXN.
2021-12-13,516.00,managementpro,managementpro_nonoverlap_gap_fill,ready_managementpro_gap_fill,,,,,516.00,516.00,gross_valid_pos_sales_excluding_cancellations,verified_mdb_journal_match,mdb_valid_pos_sales,megamanagepro-20260820T172552Z-1-001.zip::megamanagepro/DbPos.mdb,No notebook record exists for this date; ManagementPro is used as a gap fill. ManagementPro note: ManagementPro-recorded sales only; not confirmed complete store revenue.
2021-12-14,444.50,managementpro,managementpro_nonoverlap_gap_fill,ready_managementpro_gap_fill,,,,,444.50,444.50,gross_valid_pos_sales_excluding_cancellations,verified_mdb_journal_match,mdb_valid_pos_sales,megamanagepro-20260820T172552Z-1-001.zip::megamanagepro/DbPos.mdb,No notebook record exists for this date; ManagementPro is used as a gap fill. ManagementPro note: ManagementPro-recorded sales only; not confirmed complete store revenue.
2021-12-15,141.00,managementpro,managementpro_nonoverlap_gap_fill,ready_managementpro_gap_fill,,,,,141.00,141.00,gross_valid_pos_sales_excluding_cancellations,verified_mdb_journal_match,mdb_valid_pos_sales,megamanagepro-20260820T172552Z-1-001.zip::megamanagepro/DbPos.mdb,No notebook record exists for this date; ManagementPro is used as a gap fill. ManagementPro note: ManagementPro-recorded sales only; not confirmed complete store revenue.
2021-12-16,379.00,managementpro,managementpro_nonoverlap_gap_fill,ready_managementpro_gap_fill,,,,,379.00,379.00,gross_valid_pos_sales_excluding_cancellations,verified_mdb_journal_match,mdb_valid_pos_sales,megamanagepro-20260820T172552Z-1-001.zip::megamanagepro/DbPos.mdb,No notebook record exists for this date; ManagementPro is used as a gap fill. ManagementPro note: ManagementPro-recorded sales only; not confirmed complete store revenue.
2021-12-17,175.00,managementpro,managementpro_nonoverlap_gap_fill,ready_managementpro_gap_fill,,,,,175.00,175.00,gross_valid_pos_sales_excluding_cancellations,verified_mdb_journal_match,mdb_valid_pos_sales,megamanagepro-20260820T172552Z-1-001.zip::megamanagepro/DbPos.mdb,No notebook record exists for this date; ManagementPro is used as a gap fill. ManagementPro note: ManagementPro-recorded sales only; not confirmed complete store revenue.
2021-12-18,202.00,managementpro,managementpro_nonoverlap_gap_fill,ready_managementpro_gap_fill,,,,,202.00,202.00,gross_valid_pos_sales_excluding_cancellations,verified_mdb_journal_match,mdb_valid_pos_sales,megamanagepro-20260820T172552Z-1-001.zip::megamanagepro/DbPos.mdb,No notebook record exists for this date; ManagementPro is used as a gap fill. ManagementPro note: ManagementPro-recorded sales only; not confirmed complete store revenue.
2021-12-20,326.50,managementpro,managementpro_nonoverlap_gap_fill,ready_managementpro_gap_fill,,,,,326.50,326.50,gross_valid_pos_sales_excluding_cancellations,verified_mdb_journal_match,mdb_valid_pos_sales,megamanagepro-20260820T172552Z-1-001.zip::megamanagepro/DbPos.mdb,No notebook record exists for this date; ManagementPro is used as a gap fill. ManagementPro note: ManagementPro-recorded sales only; not confirmed complete store revenue.
2021-12-21,583.00,managementpro,managementpro_nonoverlap_gap_fill,ready_managementpro_gap_fill,,,,,583.00,583.00,gross_valid_pos_sales_excluding_cancellations,verified_mdb_journal_match,mdb_valid_pos_sales,megamanagepro-20260820T172552Z-1-001.zip::megamanagepro/DbPos.mdb,No notebook record exists for this date; ManagementPro is used as a gap fill. ManagementPro note: ManagementPro-recorded sales only; not confirmed complete store revenue.
2021-12-22,489.50,managementpro,managementpro_nonoverlap_gap_fill,ready_managementpro_gap_fill,,,,,489.50,489.50,gross_valid_pos_sales_excluding_cancellations,verified_mdb_journal_match,mdb_valid_pos_sales,megamanagepro-20260820T172552Z-1-001.zip::megamanagepro/DbPos.mdb,No notebook record exists for this date; ManagementPro is used as a gap fill. ManagementPro note: ManagementPro-recorded sales only; not confirmed complete store revenue.
2021-12-23,605.00,managementpro,managementpro_nonoverlap_gap_fill,ready_managementpro_gap_fill,,,,,605.00,605.00,gross_valid_pos_sales_excluding_cancellations,verified_mdb_journal_match,mdb_valid_pos_sales,megamanagepro-20260820T172552Z-1-001.zip::megamanagepro/DbPos.mdb,No notebook record exists for this date; ManagementPro is used as a gap fill. ManagementPro note: ManagementPro-recorded sales only; not confirmed complete store revenue.
2021-12-24,266.00,managementpro,managementpro_nonoverlap_gap_fill,ready_managementpro_gap_fill,,,,,266.00,266.00,gross_valid_pos_sales_excluding_cancellations,verified_mdb_journal_match,mdb_valid_pos_sales,megamanagepro-20260820T172552Z-1-001.zip::megamanagepro/DbPos.mdb,No notebook record exists for this date; ManagementPro is used as a gap fill. ManagementPro note: ManagementPro-recorded sales only; not confirmed complete store revenue.
2021-12-27,168.00,managementpro,managementpro_nonoverlap_gap_fill,ready_managementpro_gap_fill,,,,,168.00,168.00,gross_valid_pos_sales_excluding_cancellations,verified_mdb_journal_match,mdb_valid_pos_sales,megamanagepro-20260820T172552Z-1-001.zip::megamanagepro/DbPos.mdb,No notebook record exists for this date; ManagementPro is used as a gap fill. ManagementPro note: ManagementPro-recorded sales only; not confirmed complete store revenue.
2021-12-28,143.00,managementpro,managementpro_nonoverlap_gap_fill,ready_managementpro_gap_fill,,,,,143.00,143.00,gross_valid_pos_sales_excluding_cancellations,verified_mdb_journal_match,mdb_valid_pos_sales,megamanagepro-20260820T172552Z-1-001.zip::megamanagepro/DbPos.mdb,No notebook record exists for this date; ManagementPro is used as a gap fill. ManagementPro note: ManagementPro-recorded sales only; not confirmed complete store revenue.
2021-12-29,198.00,managementpro,managementpro_nonoverlap_gap_fill,ready_managementpro_gap_fill,,,,,198.00,198.00,gross_valid_pos_sales_excluding_cancellations,verified_mdb_journal_match,mdb_valid_pos_sales,megamanagepro-20260820T172552Z-1-001.zip::megamanagepro/DbPos.mdb,No notebook record exists for this date; ManagementPro is used as a gap fill. ManagementPro note: ManagementPro-recorded sales only; not confirmed complete store revenue.
2021-12-30,137.00,managementpro,managementpro_nonoverlap_gap_fill,ready_managementpro_gap_fill,,,,,137.00,137.00,gross_valid_pos_sales_excluding_cancellations,verified_mdb_journal_match,mdb_valid_pos_sales,megamanagepro-20260820T172552Z-1-001.zip::megamanagepro/DbPos.mdb,No notebook record exists for this date; ManagementPro is used as a gap fill. ManagementPro note: ManagementPro-recorded sales only; not confirmed complete store revenue.
2022-01-03,265.50,managementpro,managementpro_nonoverlap_gap_fill,ready_managementpro_gap_fill,,,,,265.50,265.50,gross_valid_pos_sales_excluding_cancellations,verified_mdb_journal_match,mdb_valid_pos_sales,megamanagepro-20260820T172552Z-1-001.zip::megamanagepro/DbPos.mdb,No notebook record exists for this date; ManagementPro is used as a gap fill. ManagementPro note: ManagementPro-recorded sales only; not confirmed complete store revenue.
2022-01-04,444.50,managementpro,managementpro_nonoverlap_gap_fill,ready_managementpro_gap_fill,,,,,444.50,444.50,gross_valid_pos_sales_excluding_cancellations,verified_mdb_journal_match,mdb_valid_pos_sales,megamanagepro-20260820T172552Z-1-001.zip::megamanagepro/DbPos.mdb,No notebook record exists for this date; ManagementPro is used as a gap fill. ManagementPro note: ManagementPro-recorded sales only; not confirmed complete store revenue.
2022-01-05,515.00,managementpro,managementpro_nonoverlap_gap_fill,ready_managementpro_gap_fill,,,,,515.00,515.00,gross_valid_pos_sales_excluding_cancellations,verified_mdb_journal_match,mdb_valid_pos_sales,megamanagepro-20260820T172552Z-1-001.zip::megamanagepro/DbPos.mdb,No notebook record exists for this date; ManagementPro is used as a gap fill. ManagementPro note: ManagementPro-recorded sales only; not confirmed complete store revenue.
2022-01-07,104.00,managementpro,managementpro_nonoverlap_gap_fill,ready_managementpro_gap_fill,,,,,104.00,104.00,gross_valid_pos_sales_excluding_cancellations,verified_mdb_journal_match,mdb_valid_pos_sales,megamanagepro-20260820T172552Z-1-001.zip::megamanagepro/DbPos.mdb,No notebook record exists for this date; ManagementPro is used as a gap fill. ManagementPro note: ManagementPro-recorded sales only; not confirmed complete store revenue.
2022-01-08,112.00,managementpro,managementpro_nonoverlap_gap_fill,ready_managementpro_gap_fill,,,,,112.00,112.00,gross_valid_pos_sales_excluding_cancellations,verified_mdb_journal_match,mdb_valid_pos_sales,megamanagepro-20260820T172552Z-1-001.zip::megamanagepro/DbPos.mdb,No notebook record exists for this date; ManagementPro is used as a gap fill. ManagementPro note: ManagementPro-recorded sales only; not confirmed complete store revenue.
2022-01-10,261.00,managementpro,managementpro_nonoverlap_gap_fill,ready_managementpro_gap_fill,,,,,261.00,261.00,gross_valid_pos_sales_excluding_cancellations,verified_mdb_journal_match,mdb_valid_pos_sales,megamanagepro-20260820T172552Z-1-001.zip::megamanagepro/DbPos.mdb,No notebook record exists for this date; ManagementPro is used as a gap fill. ManagementPro note: ManagementPro-recorded sales only; not confirmed complete store revenue.
2022-01-11,366.00,managementpro,managementpro_nonoverlap_gap_fill,ready_managementpro_gap_fill,,,,,366.00,366.00,gross_valid_pos_sales_excluding_cancellations,verified_mdb_journal_match,mdb_valid_pos_sales,megamanagepro-20260820T172552Z-1-001.zip::megamanagepro/DbPos.mdb,No notebook record exists for this date; ManagementPro is used as a gap fill. ManagementPro note: ManagementPro-recorded sales only; not confirmed complete store revenue.
2022-01-12,500.00,managementpro,managementpro_nonoverlap_gap_fill,ready_managementpro_gap_fill,,,,,500.00,500.00,gross_valid_pos_sales_excluding_cancellations,verified_mdb_journal_match,mdb_valid_pos_sales,megamanagepro-20260820T172552Z-1-001.zip::megamanagepro/DbPos.mdb,No notebook record exists for this date; ManagementPro is used as a gap fill. ManagementPro note: ManagementPro-recorded sales only; not confirmed complete store revenue.
2022-01-13,502.50,managementpro,managementpro_nonoverlap_gap_fill,ready_managementpro_gap_fill,,,,,502.50,502.50,gross_valid_pos_sales_excluding_cancellations,verified_mdb_journal_match,mdb_valid_pos_sales,megamanagepro-20260820T172552Z-1-001.zip::megamanagepro/DbPos.mdb,No notebook record exists for this date; ManagementPro is used as a gap fill. ManagementPro note: ManagementPro-recorded sales only; not confirmed complete store revenue.
2022-01-14,479.00,managementpro,managementpro_nonoverlap_gap_fill,ready_managementpro_gap_fill,,,,,479.00,479.00,gross_valid_pos_sales_excluding_cancellations,verified_mdb_journal_match,mdb_valid_pos_sales,megamanagepro-20260820T172552Z-1-001.zip::megamanagepro/DbPos.mdb,No notebook record exists for this date; ManagementPro is used as a gap fill. ManagementPro note: ManagementPro-recorded sales only; not confirmed complete store revenue.
2022-01-15,75.00,managementpro,managementpro_nonoverlap_gap_fill,ready_managementpro_gap_fill,,,,,75.00,75.00,gross_valid_pos_sales_excluding_cancellations,verified_mdb_journal_match,mdb_valid_pos_sales,megamanagepro-20260820T172552Z-1-001.zip::megamanagepro/DbPos.mdb,No notebook record exists for this date; ManagementPro is used as a gap fill. ManagementPro note: ManagementPro-recorded sales only; not confirmed complete store revenue.
2022-01-17,362.50,managementpro,managementpro_nonoverlap_gap_fill,ready_managementpro_gap_fill,,,,,362.50,362.50,gross_valid_pos_sales_excluding_cancellations,verified_mdb_journal_match,mdb_valid_pos_sales,megamanagepro-20260820T172552Z-1-001.zip::megamanagepro/DbPos.mdb,No notebook record exists for this date; ManagementPro is used as a gap fill. ManagementPro note: ManagementPro-recorded sales only; not confirmed complete store revenue.
2022-01-18,658.50,managementpro,managementpro_nonoverlap_gap_fill,ready_managementpro_gap_fill,,,,,658.50,658.50,gross_valid_pos_sales_excluding_cancellations,verified_mdb_journal_match,mdb_valid_pos_sales,megamanagepro-20260820T172552Z-1-001.zip::megamanagepro/DbPos.mdb,No notebook record exists for this date; ManagementPro is used as a gap fill. ManagementPro note: ManagementPro-recorded sales only; not confirmed complete store revenue.
2022-01-19,305.00,managementpro,managementpro_nonoverlap_gap_fill,ready_managementpro_gap_fill,,,,,305.00,305.00,gross_valid_pos_sales_excluding_cancellations,verified_mdb_journal_match,mdb_valid_pos_sales,megamanagepro-20260820T172552Z-1-001.zip::megamanagepro/DbPos.mdb,No notebook record exists for this date; ManagementPro is used as a gap fill. ManagementPro note: ManagementPro-recorded sales only; not confirmed complete store revenue.
2022-01-20,274.50,managementpro,managementpro_nonoverlap_gap_fill,ready_managementpro_gap_fill,,,,,274.50,274.50,gross_valid_pos_sales_excluding_cancellations,verified_mdb_journal_match,mdb_valid_pos_sales,megamanagepro-20260820T172552Z-1-001.zip::megamanagepro/DbPos.mdb,No notebook record exists for this date; ManagementPro is used as a gap fill. ManagementPro note: ManagementPro-recorded sales only; not confirmed complete store revenue.
2022-01-21,318.00,managementpro,managementpro_nonoverlap_gap_fill,ready_managementpro_gap_fill,,,,,318.00,318.00,gross_valid_pos_sales_excluding_cancellations,verified_mdb_journal_match,mdb_valid_pos_sales,megamanagepro-20260820T172552Z-1-001.zip::megamanagepro/DbPos.mdb,No notebook record exists for this date; ManagementPro is used as a gap fill. ManagementPro note: ManagementPro-recorded sales only; not confirmed complete store revenue.
2022-01-22,37.00,managementpro,managementpro_nonoverlap_gap_fill,ready_managementpro_gap_fill,,,,,37.00,37.00,gross_valid_pos_sales_excluding_cancellations,verified_mdb_journal_match,mdb_valid_pos_sales,megamanagepro-20260820T172552Z-1-001.zip::megamanagepro/DbPos.mdb,No notebook record exists for this date; ManagementPro is used as a gap fill. ManagementPro note: ManagementPro-recorded sales only; not confirmed complete store revenue.
2022-01-24,610.00,managementpro,managementpro_nonoverlap_gap_fill,ready_managementpro_gap_fill,,,,,610.00,610.00,gross_valid_pos_sales_excluding_cancellations,verified_mdb_journal_match,mdb_valid_pos_sales,megamanagepro-20260820T172552Z-1-001.zip::megamanagepro/DbPos.mdb,No notebook record exists for this date; ManagementPro is used as a gap fill. ManagementPro note: ManagementPro-recorded sales only; not confirmed complete store revenue.
2022-01-25,645.50,managementpro,managementpro_nonoverlap_gap_fill,ready_managementpro_gap_fill,,,,,645.50,645.50,gross_valid_pos_sales_excluding_cancellations,verified_mdb_journal_match,mdb_valid_pos_sales,megamanagepro-20260820T172552Z-1-001.zip::megamanagepro/DbPos.mdb,No notebook record exists for this date; ManagementPro is used as a gap fill. ManagementPro note: ManagementPro-recorded sales only; not confirmed complete store revenue.
2022-01-26,534.00,managementpro,managementpro_nonoverlap_gap_fill,ready_managementpro_gap_fill,,,,,534.00,534.00,gross_valid_pos_sales_excluding_cancellations,verified_mdb_journal_match,mdb_valid_pos_sales,megamanagepro-20260820T172552Z-1-001.zip::megamanagepro/DbPos.mdb,No notebook record exists for this date; ManagementPro is used as a gap fill. ManagementPro note: ManagementPro-recorded sales only; not confirmed complete store revenue.
2022-01-27,394.00,managementpro,managementpro_nonoverlap_gap_fill,ready_managementpro_gap_fill,,,,,394.00,394.00,gross_valid_pos_sales_excluding_cancellations,verified_mdb_journal_match,mdb_valid_pos_sales,megamanagepro-20260820T172552Z-1-001.zip::megamanagepro/DbPos.mdb,No notebook record exists for this date; ManagementPro is used as a gap fill. ManagementPro note: ManagementPro-recorded sales only; not confirmed complete store revenue.
2022-01-31,527.50,managementpro,managementpro_nonoverlap_gap_fill,ready_managementpro_gap_fill,,,,,527.50,527.50,gross_valid_pos_sales_excluding_cancellations,verified_mdb_journal_match,mdb_valid_pos_sales,megamanagepro-20260820T172552Z-1-001.zip::megamanagepro/DbPos.mdb,No notebook record exists for this date; ManagementPro is used as a gap fill. ManagementPro note: ManagementPro-recorded sales only; not confirmed complete store revenue.
2022-02-01,307.50,managementpro,managementpro_nonoverlap_gap_fill,ready_managementpro_gap_fill,,,,,307.50,307.50,gross_valid_pos_sales_excluding_cancellations,verified_mdb_journal_match,mdb_valid_pos_sales,megamanagepro-20260820T172552Z-1-001.zip::megamanagepro/DbPos.mdb,No notebook record exists for this date; ManagementPro is used as a gap fill. ManagementPro note: ManagementPro-recorded sales only; not confirmed complete store revenue.
2022-02-02,504.50,managementpro,managementpro_nonoverlap_gap_fill,ready_managementpro_gap_fill,,,,,504.50,504.50,gross_valid_pos_sales_excluding_cancellations,verified_mdb_journal_match,mdb_valid_pos_sales,megamanagepro-20260820T172552Z-1-001.zip::megamanagepro/DbPos.mdb,No notebook record exists for this date; ManagementPro is used as a gap fill. ManagementPro note: ManagementPro-recorded sales only; not confirmed complete store revenue.
2022-02-03,345.50,managementpro,managementpro_nonoverlap_gap_fill,ready_managementpro_gap_fill,,,,,345.50,345.50,gross_valid_pos_sales_excluding_cancellations,verified_mdb_journal_match,mdb_valid_pos_sales,megamanagepro-20260820T172552Z-1-001.zip::megamanagepro/DbPos.mdb,No notebook record exists for this date; ManagementPro is used as a gap fill. ManagementPro note: ManagementPro-recorded sales only; not confirmed complete store revenue.
2022-02-04,285.00,managementpro,managementpro_nonoverlap_gap_fill,ready_managementpro_gap_fill,,,,,285.00,285.00,gross_valid_pos_sales_excluding_cancellations,verified_mdb_journal_match,mdb_valid_pos_sales,megamanagepro-20260820T172552Z-1-001.zip::megamanagepro/DbPos.mdb,No notebook record exists for this date; ManagementPro is used as a gap fill. ManagementPro note: ManagementPro-recorded sales only; not confirmed complete store revenue.
2022-02-05,195.00,managementpro,managementpro_nonoverlap_gap_fill,ready_managementpro_gap_fill,,,,,195.00,195.00,gross_valid_pos_sales_excluding_cancellations,verified_mdb_journal_match,mdb_valid_pos_sales,megamanagepro-20260820T172552Z-1-001.zip::megamanagepro/DbPos.mdb,No notebook record exists for this date; ManagementPro is used as a gap fill. ManagementPro note: ManagementPro-recorded sales only; not confirmed complete store revenue.
2022-02-08,539.00,managementpro,managementpro_nonoverlap_gap_fill,ready_managementpro_gap_fill,,,,,539.00,539.00,gross_valid_pos_sales_excluding_cancellations,verified_mdb_journal_match,mdb_valid_pos_sales,megamanagepro-20260820T172552Z-1-001.zip::megamanagepro/DbPos.mdb,No notebook record exists for this date; ManagementPro is used as a gap fill. ManagementPro note: ManagementPro-recorded sales only; not confirmed complete store revenue.
2022-02-09,284.00,managementpro,managementpro_nonoverlap_gap_fill,ready_managementpro_gap_fill,,,,,284.00,284.00,gross_valid_pos_sales_excluding_cancellations,verified_mdb_journal_match,mdb_valid_pos_sales,megamanagepro-20260820T172552Z-1-001.zip::megamanagepro/DbPos.mdb,No notebook record exists for this date; ManagementPro is used as a gap fill. ManagementPro note: ManagementPro-recorded sales only; not confirmed complete store revenue.
2022-02-10,490.00,managementpro,managementpro_nonoverlap_gap_fill,ready_managementpro_gap_fill,,,,,490.00,490.00,gross_valid_pos_sales_excluding_cancellations,verified_mdb_journal_match,mdb_valid_pos_sales,megamanagepro-20260820T172552Z-1-001.zip::megamanagepro/DbPos.mdb,No notebook record exists for this date; ManagementPro is used as a gap fill. ManagementPro note: ManagementPro-recorded sales only; not confirmed complete store revenue.
2022-02-11,445.00,managementpro,managementpro_nonoverlap_gap_fill,ready_managementpro_gap_fill,,,,,445.00,445.00,gross_valid_pos_sales_excluding_cancellations,verified_mdb_journal_match,mdb_valid_pos_sales,megamanagepro-20260820T172552Z-1-001.zip::megamanagepro/DbPos.mdb,No notebook record exists for this date; ManagementPro is used as a gap fill. ManagementPro note: ManagementPro-recorded sales only; not confirmed complete store revenue.
2022-02-12,239.00,managementpro,managementpro_nonoverlap_gap_fill,ready_managementpro_gap_fill,,,,,239.00,239.00,gross_valid_pos_sales_excluding_cancellations,verified_mdb_journal_match,mdb_valid_pos_sales,megamanagepro-20260820T172552Z-1-001.zip::megamanagepro/DbPos.mdb,No notebook record exists for this date; ManagementPro is used as a gap fill. ManagementPro note: ManagementPro-recorded sales only; not confirmed complete store revenue.
2022-02-14,900.00,managementpro,managementpro_nonoverlap_gap_fill,ready_managementpro_gap_fill,,,,,900.00,900.00,gross_valid_pos_sales_excluding_cancellations,verified_mdb_journal_match,mdb_valid_pos_sales,megamanagepro-20260820T172552Z-1-001.zip::megamanagepro/DbPos.mdb,No notebook record exists for this date; ManagementPro is used as a gap fill. ManagementPro note: ManagementPro-recorded sales only; not confirmed complete store revenue.
2022-02-15,246.50,managementpro,managementpro_nonoverlap_gap_fill,ready_managementpro_gap_fill,,,,,246.50,246.50,gross_valid_pos_sales_excluding_cancellations,verified_mdb_journal_match,mdb_valid_pos_sales,megamanagepro-20260820T172552Z-1-001.zip::megamanagepro/DbPos.mdb,No notebook record exists for this date; ManagementPro is used as a gap fill. ManagementPro note: ManagementPro-recorded sales only; not confirmed complete store revenue.
2022-02-16,460.00,managementpro,managementpro_nonoverlap_gap_fill,ready_managementpro_gap_fill,,,,,460.00,460.00,gross_valid_pos_sales_excluding_cancellations,verified_mdb_journal_match,mdb_valid_pos_sales,megamanagepro-20260820T172552Z-1-001.zip::megamanagepro/DbPos.mdb,No notebook record exists for this date; ManagementPro is used as a gap fill. ManagementPro note: ManagementPro-recorded sales only; not confirmed complete store revenue.
2022-02-17,221.50,managementpro,managementpro_nonoverlap_gap_fill,ready_managementpro_gap_fill,,,,,221.50,221.50,gross_valid_pos_sales_excluding_cancellations,verified_mdb_journal_match,mdb_valid_pos_sales,megamanagepro-20260820T172552Z-1-001.zip::megamanagepro/DbPos.mdb,No notebook record exists for this date; ManagementPro is used as a gap fill. ManagementPro note: ManagementPro-recorded sales only; not confirmed complete store revenue.
2022-02-18,366.50,managementpro,managementpro_nonoverlap_gap_fill,ready_managementpro_gap_fill,,,,,366.50,366.50,gross_valid_pos_sales_excluding_cancellations,verified_mdb_journal_match,mdb_valid_pos_sales,megamanagepro-20260820T172552Z-1-001.zip::megamanagepro/DbPos.mdb,No notebook record exists for this date; ManagementPro is used as a gap fill. ManagementPro note: ManagementPro-recorded sales only; not confirmed complete store revenue.
2022-02-19,57.00,managementpro,managementpro_nonoverlap_gap_fill,ready_managementpro_gap_fill,,,,,57.00,57.00,gross_valid_pos_sales_excluding_cancellations,verified_mdb_journal_match,mdb_valid_pos_sales,megamanagepro-20260820T172552Z-1-001.zip::megamanagepro/DbPos.mdb,No notebook record exists for this date; ManagementPro is used as a gap fill. ManagementPro note: ManagementPro-recorded sales only; not confirmed complete store revenue.
2022-02-21,622.50,managementpro,managementpro_nonoverlap_gap_fill,ready_managementpro_gap_fill,,,,,622.50,622.50,gross_valid_pos_sales_excluding_cancellations,verified_mdb_journal_match,mdb_valid_pos_sales,megamanagepro-20260820T172552Z-1-001.zip::megamanagepro/DbPos.mdb,No notebook record exists for this date; ManagementPro is used as a gap fill. ManagementPro note: ManagementPro-recorded sales only; not confirmed complete store revenue.
2022-02-22,672.00,managementpro,managementpro_nonoverlap_gap_fill,ready_managementpro_gap_fill,,,,,672.00,672.00,gross_valid_pos_sales_excluding_cancellations,verified_mdb_journal_match,mdb_valid_pos_sales,megamanagepro-20260820T172552Z-1-001.zip::megamanagepro/DbPos.mdb,No notebook record exists for this date; ManagementPro is used as a gap fill. ManagementPro note: ManagementPro-recorded sales only; not confirmed complete store revenue.
2022-02-23,314.50,managementpro,managementpro_nonoverlap_gap_fill,ready_managementpro_gap_fill,,,,,314.50,314.50,gross_valid_pos_sales_excluding_cancellations,verified_mdb_journal_match,mdb_valid_pos_sales,megamanagepro-20260820T172552Z-1-001.zip::megamanagepro/DbPos.mdb,No notebook record exists for this date; ManagementPro is used as a gap fill. ManagementPro note: ManagementPro-recorded sales only; not confirmed complete store revenue.
2022-02-24,352.00,managementpro,managementpro_nonoverlap_gap_fill,ready_managementpro_gap_fill,,,,,352.00,352.00,gross_valid_pos_sales_excluding_cancellations,verified_mdb_journal_match,mdb_valid_pos_sales,megamanagepro-20260820T172552Z-1-001.zip::megamanagepro/DbPos.mdb,No notebook record exists for this date; ManagementPro is used as a gap fill. ManagementPro note: ManagementPro-recorded sales only; not confirmed complete store revenue.
2022-02-25,156.50,managementpro,managementpro_nonoverlap_gap_fill,ready_managementpro_gap_fill,,,,,156.50,156.50,gross_valid_pos_sales_excluding_cancellations,verified_mdb_journal_match,mdb_valid_pos_sales,megamanagepro-20260820T172552Z-1-001.zip::megamanagepro/DbPos.mdb,No notebook record exists for this date; ManagementPro is used as a gap fill. ManagementPro note: ManagementPro-recorded sales only; not confirmed complete store revenue.
2022-02-26,348.50,managementpro,managementpro_nonoverlap_gap_fill,ready_managementpro_gap_fill,,,,,348.50,196.00,gross_valid_pos_sales_excluding_cancellations,review_mdb_journal_difference,mdb_valid_pos_sales,megamanagepro-20260820T172552Z-1-001.zip::megamanagepro/DbPos.mdb,No notebook record exists for this date; ManagementPro is used as a gap fill. ManagementPro note: ManagementPro-recorded sales only; not confirmed complete store revenue. Authoritative MDB differs from journal audit by 152.50 MXN.
2022-02-28,462.00,managementpro,managementpro_nonoverlap_gap_fill,ready_managementpro_gap_fill,,,,,462.00,614.50,gross_valid_pos_sales_excluding_cancellations,review_mdb_journal_difference,mdb_valid_pos_sales,megamanagepro-20260820T172552Z-1-001.zip::megamanagepro/DbPos.mdb,No notebook record exists for this date; ManagementPro is used as a gap fill. ManagementPro note: ManagementPro-recorded sales only; not confirmed complete store revenue. Authoritative MDB differs from journal audit by -152.50 MXN.
2022-03-01,594.50,managementpro,managementpro_nonoverlap_gap_fill,ready_managementpro_gap_fill,,,,,594.50,594.50,gross_valid_pos_sales_excluding_cancellations,verified_mdb_journal_match,mdb_valid_pos_sales,megamanagepro-20260820T172552Z-1-001.zip::megamanagepro/DbPos.mdb,No notebook record exists for this date; ManagementPro is used as a gap fill. ManagementPro note: ManagementPro-recorded sales only; not confirmed complete store revenue.
2022-03-02,658.50,managementpro,managementpro_nonoverlap_gap_fill,ready_managementpro_gap_fill,,,,,658.50,658.50,gross_valid_pos_sales_excluding_cancellations,verified_mdb_journal_match,mdb_valid_pos_sales,megamanagepro-20260820T172552Z-1-001.zip::megamanagepro/DbPos.mdb,No notebook record exists for this date; ManagementPro is used as a gap fill. ManagementPro note: ManagementPro-recorded sales only; not confirmed complete store revenue.
2022-03-03,787.00,managementpro,managementpro_nonoverlap_gap_fill,ready_managementpro_gap_fill,,,,,787.00,787.00,gross_valid_pos_sales_excluding_cancellations,verified_mdb_journal_match,mdb_valid_pos_sales,megamanagepro-20260820T172552Z-1-001.zip::megamanagepro/DbPos.mdb,No notebook record exists for this date; ManagementPro is used as a gap fill. ManagementPro note: ManagementPro-recorded sales only; not confirmed complete store revenue.
2022-03-04,283.50,managementpro,managementpro_nonoverlap_gap_fill,ready_managementpro_gap_fill,,,,,283.50,283.50,gross_valid_pos_sales_excluding_cancellations,verified_mdb_journal_match,mdb_valid_pos_sales,megamanagepro-20260820T172552Z-1-001.zip::megamanagepro/DbPos.mdb,No notebook record exists for this date; ManagementPro is used as a gap fill. ManagementPro note: ManagementPro-recorded sales only; not confirmed complete store revenue.
2022-03-05,327.00,managementpro,managementpro_nonoverlap_gap_fill,ready_managementpro_gap_fill,,,,,327.00,327.00,gross_valid_pos_sales_excluding_cancellations,verified_mdb_journal_match,mdb_valid_pos_sales,megamanagepro-20260820T172552Z-1-001.zip::megamanagepro/DbPos.mdb,No notebook record exists for this date; ManagementPro is used as a gap fill. ManagementPro note: ManagementPro-recorded sales only; not confirmed complete store revenue.
2022-03-07,551.50,managementpro,managementpro_nonoverlap_gap_fill,ready_managementpro_gap_fill,,,,,551.50,551.50,gross_valid_pos_sales_excluding_cancellations,verified_mdb_journal_match,mdb_valid_pos_sales,megamanagepro-20260820T172552Z-1-001.zip::megamanagepro/DbPos.mdb,No notebook record exists for this date; ManagementPro is used as a gap fill. ManagementPro note: ManagementPro-recorded sales only; not confirmed complete store revenue.
2022-03-08,280.00,managementpro,managementpro_nonoverlap_gap_fill,ready_managementpro_gap_fill,,,,,280.00,280.00,gross_valid_pos_sales_excluding_cancellations,verified_mdb_journal_match,mdb_valid_pos_sales,megamanagepro-20260820T172552Z-1-001.zip::megamanagepro/DbPos.mdb,No notebook record exists for this date; ManagementPro is used as a gap fill. ManagementPro note: ManagementPro-recorded sales only; not confirmed complete store revenue.
2022-03-09,340.50,managementpro,managementpro_nonoverlap_gap_fill,ready_managementpro_gap_fill,,,,,340.50,340.50,gross_valid_pos_sales_excluding_cancellations,verified_mdb_journal_match,mdb_valid_pos_sales,megamanagepro-20260820T172552Z-1-001.zip::megamanagepro/DbPos.mdb,No notebook record exists for this date; ManagementPro is used as a gap fill. ManagementPro note: ManagementPro-recorded sales only; not confirmed complete store revenue.
2022-03-10,473.50,managementpro,managementpro_nonoverlap_gap_fill,ready_managementpro_gap_fill,,,,,473.50,473.50,gross_valid_pos_sales_excluding_cancellations,verified_mdb_journal_match,mdb_valid_pos_sales,megamanagepro-20260820T172552Z-1-001.zip::megamanagepro/DbPos.mdb,No notebook record exists for this date; ManagementPro is used as a gap fill. ManagementPro note: ManagementPro-recorded sales only; not confirmed complete store revenue.
2022-03-11,549.50,managementpro,managementpro_nonoverlap_gap_fill,ready_managementpro_gap_fill,,,,,549.50,549.50,gross_valid_pos_sales_excluding_cancellations,verified_mdb_journal_match,mdb_valid_pos_sales,megamanagepro-20260820T172552Z-1-001.zip::megamanagepro/DbPos.mdb,No notebook record exists for this date; ManagementPro is used as a gap fill. ManagementPro note: ManagementPro-recorded sales only; not confirmed complete store revenue.
2022-03-12,357.00,managementpro,managementpro_nonoverlap_gap_fill,ready_managementpro_gap_fill,,,,,357.00,357.00,gross_valid_pos_sales_excluding_cancellations,verified_mdb_journal_match,mdb_valid_pos_sales,megamanagepro-20260820T172552Z-1-001.zip::megamanagepro/DbPos.mdb,No notebook record exists for this date; ManagementPro is used as a gap fill. ManagementPro note: ManagementPro-recorded sales only; not confirmed complete store revenue.
2022-03-14,360.50,managementpro,managementpro_nonoverlap_gap_fill,ready_managementpro_gap_fill,,,,,360.50,360.50,gross_valid_pos_sales_excluding_cancellations,verified_mdb_journal_match,mdb_valid_pos_sales,megamanagepro-20260820T172552Z-1-001.zip::megamanagepro/DbPos.mdb,No notebook record exists for this date; ManagementPro is used as a gap fill. ManagementPro note: ManagementPro-recorded sales only; not confirmed complete store revenue.
2022-03-15,475.00,managementpro,managementpro_nonoverlap_gap_fill,ready_managementpro_gap_fill,,,,,475.00,475.00,gross_valid_pos_sales_excluding_cancellations,verified_mdb_journal_match,mdb_valid_pos_sales,megamanagepro-20260820T172552Z-1-001.zip::megamanagepro/DbPos.mdb,No notebook record exists for this date; ManagementPro is used as a gap fill. ManagementPro note: ManagementPro-recorded sales only; not confirmed complete store revenue.
2022-03-16,740.50,managementpro,managementpro_nonoverlap_gap_fill,ready_managementpro_gap_fill,,,,,740.50,740.50,gross_valid_pos_sales_excluding_cancellations,verified_mdb_journal_match,mdb_valid_pos_sales,megamanagepro-20260820T172552Z-1-001.zip::megamanagepro/DbPos.mdb,No notebook record exists for this date; ManagementPro is used as a gap fill. ManagementPro note: ManagementPro-recorded sales only; not confirmed complete store revenue.
2022-03-17,346.50,managementpro,managementpro_nonoverlap_gap_fill,ready_managementpro_gap_fill,,,,,346.50,346.50,gross_valid_pos_sales_excluding_cancellations,verified_mdb_journal_match,mdb_valid_pos_sales,megamanagepro-20260820T172552Z-1-001.zip::megamanagepro/DbPos.mdb,No notebook record exists for this date; ManagementPro is used as a gap fill. ManagementPro note: ManagementPro-recorded sales only; not confirmed complete store revenue.
2022-03-18,125.50,managementpro,managementpro_nonoverlap_gap_fill,ready_managementpro_gap_fill,,,,,125.50,125.50,gross_valid_pos_sales_excluding_cancellations,verified_mdb_journal_match,mdb_valid_pos_sales,megamanagepro-20260820T172552Z-1-001.zip::megamanagepro/DbPos.mdb,No notebook record exists for this date; ManagementPro is used as a gap fill. ManagementPro note: ManagementPro-recorded sales only; not confirmed complete store revenue.
2022-03-19,378.00,managementpro,managementpro_nonoverlap_gap_fill,ready_managementpro_gap_fill,,,,,378.00,378.00,gross_valid_pos_sales_excluding_cancellations,verified_mdb_journal_match,mdb_valid_pos_sales,megamanagepro-20260820T172552Z-1-001.zip::megamanagepro/DbPos.mdb,No notebook record exists for this date; ManagementPro is used as a gap fill. ManagementPro note: ManagementPro-recorded sales only; not confirmed complete store revenue.
2022-03-22,531.50,managementpro,managementpro_nonoverlap_gap_fill,ready_managementpro_gap_fill,,,,,531.50,531.50,gross_valid_pos_sales_excluding_cancellations,verified_mdb_journal_match,mdb_valid_pos_sales,megamanagepro-20260820T172552Z-1-001.zip::megamanagepro/DbPos.mdb,No notebook record exists for this date; ManagementPro is used as a gap fill. ManagementPro note: ManagementPro-recorded sales only; not confirmed complete store revenue.
2022-03-23,563.00,managementpro,managementpro_nonoverlap_gap_fill,ready_managementpro_gap_fill,,,,,563.00,563.00,gross_valid_pos_sales_excluding_cancellations,verified_mdb_journal_match,mdb_valid_pos_sales,megamanagepro-20260820T172552Z-1-001.zip::megamanagepro/DbPos.mdb,No notebook record exists for this date; ManagementPro is used as a gap fill. ManagementPro note: ManagementPro-recorded sales only; not confirmed complete store revenue.
2022-03-24,264.00,managementpro,managementpro_nonoverlap_gap_fill,ready_managementpro_gap_fill,,,,,264.00,264.00,gross_valid_pos_sales_excluding_cancellations,verified_mdb_journal_match,mdb_valid_pos_sales,megamanagepro-20260820T172552Z-1-001.zip::megamanagepro/DbPos.mdb,No notebook record exists for this date; ManagementPro is used as a gap fill. ManagementPro note: ManagementPro-recorded sales only; not confirmed complete store revenue.
2022-03-25,388.50,managementpro,managementpro_nonoverlap_gap_fill,ready_managementpro_gap_fill,,,,,388.50,388.50,gross_valid_pos_sales_excluding_cancellations,verified_mdb_journal_match,mdb_valid_pos_sales,megamanagepro-20260820T172552Z-1-001.zip::megamanagepro/DbPos.mdb,No notebook record exists for this date; ManagementPro is used as a gap fill. ManagementPro note: ManagementPro-recorded sales only; not confirmed complete store revenue.
2022-03-26,436.00,managementpro,managementpro_nonoverlap_gap_fill,ready_managementpro_gap_fill,,,,,436.00,436.00,gross_valid_pos_sales_excluding_cancellations,verified_mdb_journal_match,mdb_valid_pos_sales,megamanagepro-20260820T172552Z-1-001.zip::megamanagepro/DbPos.mdb,No notebook record exists for this date; ManagementPro is used as a gap fill. ManagementPro note: ManagementPro-recorded sales only; not confirmed complete store revenue.
2022-03-28,297.50,managementpro,managementpro_nonoverlap_gap_fill,ready_managementpro_gap_fill,,,,,297.50,297.50,gross_valid_pos_sales_excluding_cancellations,verified_mdb_journal_match,mdb_valid_pos_sales,megamanagepro-20260820T172552Z-1-001.zip::megamanagepro/DbPos.mdb,No notebook record exists for this date; ManagementPro is used as a gap fill. ManagementPro note: ManagementPro-recorded sales only; not confirmed complete store revenue.
2022-03-29,495.00,managementpro,managementpro_nonoverlap_gap_fill,ready_managementpro_gap_fill,,,,,495.00,495.00,gross_valid_pos_sales_excluding_cancellations,verified_mdb_journal_match,mdb_valid_pos_sales,megamanagepro-20260820T172552Z-1-001.zip::megamanagepro/DbPos.mdb,No notebook record exists for this date; ManagementPro is used as a gap fill. ManagementPro note: ManagementPro-recorded sales only; not confirmed complete store revenue.
2022-03-30,336.00,managementpro,managementpro_nonoverlap_gap_fill,ready_managementpro_gap_fill,,,,,336.00,336.00,gross_valid_pos_sales_excluding_cancellations,verified_mdb_journal_match,mdb_valid_pos_sales,megamanagepro-20260820T172552Z-1-001.zip::megamanagepro/DbPos.mdb,No notebook record exists for this date; ManagementPro is used as a gap fill. ManagementPro note: ManagementPro-recorded sales only; not confirmed complete store revenue.
2022-03-31,233.00,managementpro,managementpro_nonoverlap_gap_fill,ready_managementpro_gap_fill,,,,,233.00,233.00,gross_valid_pos_sales_excluding_cancellations,verified_mdb_journal_match,mdb_valid_pos_sales,megamanagepro-20260820T172552Z-1-001.zip::megamanagepro/DbPos.mdb,No notebook record exists for this date; ManagementPro is used as a gap fill. ManagementPro note: ManagementPro-recorded sales only; not confirmed complete store revenue.
2022-04-01,294.00,managementpro,managementpro_nonoverlap_gap_fill,ready_managementpro_gap_fill,,,,,294.00,294.00,gross_valid_pos_sales_excluding_cancellations,verified_mdb_journal_match,mdb_valid_pos_sales,megamanagepro-20260820T172552Z-1-001.zip::megamanagepro/DbPos.mdb,No notebook record exists for this date; ManagementPro is used as a gap fill. ManagementPro note: ManagementPro-recorded sales only; not confirmed complete store revenue.
2022-04-02,433.50,managementpro,managementpro_nonoverlap_gap_fill,ready_managementpro_gap_fill,,,,,433.50,433.50,gross_valid_pos_sales_excluding_cancellations,verified_mdb_journal_match,mdb_valid_pos_sales,megamanagepro-20260820T172552Z-1-001.zip::megamanagepro/DbPos.mdb,No notebook record exists for this date; ManagementPro is used as a gap fill. ManagementPro note: ManagementPro-recorded sales only; not confirmed complete store revenue.
2022-04-04,512.00,managementpro,managementpro_nonoverlap_gap_fill,ready_managementpro_gap_fill,,,,,512.00,512.00,gross_valid_pos_sales_excluding_cancellations,verified_mdb_journal_match,mdb_valid_pos_sales,megamanagepro-20260820T172552Z-1-001.zip::megamanagepro/DbPos.mdb,No notebook record exists for this date; ManagementPro is used as a gap fill. ManagementPro note: ManagementPro-recorded sales only; not confirmed complete store revenue.
2022-04-05,428.00,managementpro,managementpro_nonoverlap_gap_fill,ready_managementpro_gap_fill,,,,,428.00,428.00,gross_valid_pos_sales_excluding_cancellations,verified_mdb_journal_match,mdb_valid_pos_sales,megamanagepro-20260820T172552Z-1-001.zip::megamanagepro/DbPos.mdb,No notebook record exists for this date; ManagementPro is used as a gap fill. ManagementPro note: ManagementPro-recorded sales only; not confirmed complete store revenue.
2022-04-06,225.50,managementpro,managementpro_nonoverlap_gap_fill,ready_managementpro_gap_fill,,,,,225.50,225.50,gross_valid_pos_sales_excluding_cancellations,verified_mdb_journal_match,mdb_valid_pos_sales,megamanagepro-20260820T172552Z-1-001.zip::megamanagepro/DbPos.mdb,No notebook record exists for this date; ManagementPro is used as a gap fill. ManagementPro note: ManagementPro-recorded sales only; not confirmed complete store revenue.
2022-04-07,412.00,managementpro,managementpro_nonoverlap_gap_fill,ready_managementpro_gap_fill,,,,,412.00,412.00,gross_valid_pos_sales_excluding_cancellations,verified_mdb_journal_match,mdb_valid_pos_sales,megamanagepro-20260820T172552Z-1-001.zip::megamanagepro/DbPos.mdb,No notebook record exists for this date; ManagementPro is used as a gap fill. ManagementPro note: ManagementPro-recorded sales only; not confirmed complete store revenue.
2022-04-08,554.50,managementpro,managementpro_nonoverlap_gap_fill,ready_managementpro_gap_fill,,,,,554.50,554.50,gross_valid_pos_sales_excluding_cancellations,verified_mdb_journal_match,mdb_valid_pos_sales,megamanagepro-20260820T172552Z-1-001.zip::megamanagepro/DbPos.mdb,No notebook record exists for this date; ManagementPro is used as a gap fill. ManagementPro note: ManagementPro-recorded sales only; not confirmed complete store revenue.
2022-04-09,131.50,managementpro,managementpro_nonoverlap_gap_fill,ready_managementpro_gap_fill,,,,,131.50,131.50,gross_valid_pos_sales_excluding_cancellations,verified_mdb_journal_match,mdb_valid_pos_sales,megamanagepro-20260820T172552Z-1-001.zip::megamanagepro/DbPos.mdb,No notebook record exists for this date; ManagementPro is used as a gap fill. ManagementPro note: ManagementPro-recorded sales only; not confirmed complete store revenue.
2022-04-11,170.00,managementpro,managementpro_nonoverlap_gap_fill,ready_managementpro_gap_fill,,,,,170.00,170.00,gross_valid_pos_sales_excluding_cancellations,verified_mdb_journal_match,mdb_valid_pos_sales,megamanagepro-20260820T172552Z-1-001.zip::megamanagepro/DbPos.mdb,No notebook record exists for this date; ManagementPro is used as a gap fill. ManagementPro note: ManagementPro-recorded sales only; not confirmed complete store revenue.
2022-04-12,197.50,managementpro,managementpro_nonoverlap_gap_fill,ready_managementpro_gap_fill,,,,,197.50,197.50,gross_valid_pos_sales_excluding_cancellations,verified_mdb_journal_match,mdb_valid_pos_sales,megamanagepro-20260820T172552Z-1-001.zip::megamanagepro/DbPos.mdb,No notebook record exists for this date; ManagementPro is used as a gap fill. ManagementPro note: ManagementPro-recorded sales only; not confirmed complete store revenue.
2022-04-13,365.50,managementpro,managementpro_nonoverlap_gap_fill,ready_managementpro_gap_fill,,,,,365.50,365.50,gross_valid_pos_sales_excluding_cancellations,verified_mdb_journal_match,mdb_valid_pos_sales,megamanagepro-20260820T172552Z-1-001.zip::megamanagepro/DbPos.mdb,No notebook record exists for this date; ManagementPro is used as a gap fill. ManagementPro note: ManagementPro-recorded sales only; not confirmed complete store revenue.
2022-04-18,228.50,managementpro,managementpro_nonoverlap_gap_fill,ready_managementpro_gap_fill,,,,,228.50,228.50,gross_valid_pos_sales_excluding_cancellations,verified_mdb_journal_match,mdb_valid_pos_sales,megamanagepro-20260820T172552Z-1-001.zip::megamanagepro/DbPos.mdb,No notebook record exists for this date; ManagementPro is used as a gap fill. ManagementPro note: ManagementPro-recorded sales only; not confirmed complete store revenue.
2022-04-19,374.50,managementpro,managementpro_nonoverlap_gap_fill,ready_managementpro_gap_fill,,,,,374.50,374.50,gross_valid_pos_sales_excluding_cancellations,verified_mdb_journal_match,mdb_valid_pos_sales,megamanagepro-20260820T172552Z-1-001.zip::megamanagepro/DbPos.mdb,No notebook record exists for this date; ManagementPro is used as a gap fill. ManagementPro note: ManagementPro-recorded sales only; not confirmed complete store revenue.
2022-04-20,197.00,managementpro,managementpro_nonoverlap_gap_fill,ready_managementpro_gap_fill,,,,,197.00,197.00,gross_valid_pos_sales_excluding_cancellations,verified_mdb_journal_match,mdb_valid_pos_sales,megamanagepro-20260820T172552Z-1-001.zip::megamanagepro/DbPos.mdb,No notebook record exists for this date; ManagementPro is used as a gap fill. ManagementPro note: ManagementPro-recorded sales only; not confirmed complete store revenue.
2022-04-21,262.50,managementpro,managementpro_nonoverlap_gap_fill,ready_managementpro_gap_fill,,,,,262.50,262.50,gross_valid_pos_sales_excluding_cancellations,verified_mdb_journal_match,mdb_valid_pos_sales,megamanagepro-20260820T172552Z-1-001.zip::megamanagepro/DbPos.mdb,No notebook record exists for this date; ManagementPro is used as a gap fill. ManagementPro note: ManagementPro-recorded sales only; not confirmed complete store revenue.
2022-04-22,227.00,managementpro,managementpro_nonoverlap_gap_fill,ready_managementpro_gap_fill,,,,,227.00,227.00,gross_valid_pos_sales_excluding_cancellations,verified_mdb_journal_match,mdb_valid_pos_sales,megamanagepro-20260820T172552Z-1-001.zip::megamanagepro/DbPos.mdb,No notebook record exists for this date; ManagementPro is used as a gap fill. ManagementPro note: ManagementPro-recorded sales only; not confirmed complete store revenue.
2022-04-23,172.00,managementpro,managementpro_nonoverlap_gap_fill,ready_managementpro_gap_fill,,,,,172.00,172.00,gross_valid_pos_sales_excluding_cancellations,verified_mdb_journal_match,mdb_valid_pos_sales,megamanagepro-20260820T172552Z-1-001.zip::megamanagepro/DbPos.mdb,No notebook record exists for this date; ManagementPro is used as a gap fill. ManagementPro note: ManagementPro-recorded sales only; not confirmed complete store revenue.
2022-04-25,570.00,managementpro,managementpro_nonoverlap_gap_fill,ready_managementpro_gap_fill,,,,,570.00,570.00,gross_valid_pos_sales_excluding_cancellations,verified_mdb_journal_match,mdb_valid_pos_sales,megamanagepro-20260820T172552Z-1-001.zip::megamanagepro/DbPos.mdb,No notebook record exists for this date; ManagementPro is used as a gap fill. ManagementPro note: ManagementPro-recorded sales only; not confirmed complete store revenue.
2022-04-26,497.00,managementpro,managementpro_nonoverlap_gap_fill,ready_managementpro_gap_fill,,,,,497.00,497.00,gross_valid_pos_sales_excluding_cancellations,verified_mdb_journal_match,mdb_valid_pos_sales,megamanagepro-20260820T172552Z-1-001.zip::megamanagepro/DbPos.mdb,No notebook record exists for this date; ManagementPro is used as a gap fill. ManagementPro note: ManagementPro-recorded sales only; not confirmed complete store revenue.
2022-04-27,658.50,managementpro,managementpro_nonoverlap_gap_fill,ready_managementpro_gap_fill,,,,,658.50,658.50,gross_valid_pos_sales_excluding_cancellations,verified_mdb_journal_match,mdb_valid_pos_sales,megamanagepro-20260820T172552Z-1-001.zip::megamanagepro/DbPos.mdb,No notebook record exists for this date; ManagementPro is used as a gap fill. ManagementPro note: ManagementPro-recorded sales only; not confirmed complete store revenue.
2022-04-28,113.00,managementpro,managementpro_nonoverlap_gap_fill,ready_managementpro_gap_fill,,,,,113.00,113.00,gross_valid_pos_sales_excluding_cancellations,verified_mdb_journal_match,mdb_valid_pos_sales,megamanagepro-20260820T172552Z-1-001.zip::megamanagepro/DbPos.mdb,No notebook record exists for this date; ManagementPro is used as a gap fill. ManagementPro note: ManagementPro-recorded sales only; not confirmed complete store revenue.
2022-04-29,262.00,managementpro,managementpro_nonoverlap_gap_fill,ready_managementpro_gap_fill,,,,,262.00,262.00,gross_valid_pos_sales_excluding_cancellations,verified_mdb_journal_match,mdb_valid_pos_sales,megamanagepro-20260820T172552Z-1-001.zip::megamanagepro/DbPos.mdb,No notebook record exists for this date; ManagementPro is used as a gap fill. ManagementPro note: ManagementPro-recorded sales only; not confirmed complete store revenue.
2022-05-02,555.00,managementpro,managementpro_nonoverlap_gap_fill,ready_managementpro_gap_fill,,,,,555.00,509.00,gross_valid_pos_sales_excluding_cancellations,review_mdb_journal_difference,mdb_valid_pos_sales,megamanagepro-20260820T172552Z-1-001.zip::megamanagepro/DbPos.mdb,No notebook record exists for this date; ManagementPro is used as a gap fill. ManagementPro note: ManagementPro-recorded sales only; not confirmed complete store revenue. Authoritative MDB differs from journal audit by 46.00 MXN.
2022-05-03,663.00,managementpro,managementpro_nonoverlap_gap_fill,ready_managementpro_gap_fill,,,,,663.00,663.00,gross_valid_pos_sales_excluding_cancellations,verified_mdb_journal_match,mdb_valid_pos_sales,megamanagepro-20260820T172552Z-1-001.zip::megamanagepro/DbPos.mdb,No notebook record exists for this date; ManagementPro is used as a gap fill. ManagementPro note: ManagementPro-recorded sales only; not confirmed complete store revenue.
2022-05-04,353.00,managementpro,managementpro_nonoverlap_gap_fill,ready_managementpro_gap_fill,,,,,353.00,353.00,gross_valid_pos_sales_excluding_cancellations,verified_mdb_journal_match,mdb_valid_pos_sales,megamanagepro-20260820T172552Z-1-001.zip::megamanagepro/DbPos.mdb,No notebook record exists for this date; ManagementPro is used as a gap fill. ManagementPro note: ManagementPro-recorded sales only; not confirmed complete store revenue.
2022-05-05,773.50,managementpro,managementpro_nonoverlap_gap_fill,ready_managementpro_gap_fill,,,,,773.50,773.50,gross_valid_pos_sales_excluding_cancellations,verified_mdb_journal_match,mdb_valid_pos_sales,megamanagepro-20260820T172552Z-1-001.zip::megamanagepro/DbPos.mdb,No notebook record exists for this date; ManagementPro is used as a gap fill. ManagementPro note: ManagementPro-recorded sales only; not confirmed complete store revenue.
2022-05-06,337.00,managementpro,managementpro_nonoverlap_gap_fill,ready_managementpro_gap_fill,,,,,337.00,337.00,gross_valid_pos_sales_excluding_cancellations,verified_mdb_journal_match,mdb_valid_pos_sales,megamanagepro-20260820T172552Z-1-001.zip::megamanagepro/DbPos.mdb,No notebook record exists for this date; ManagementPro is used as a gap fill. ManagementPro note: ManagementPro-recorded sales only; not confirmed complete store revenue.
2022-05-07,513.00,managementpro,managementpro_nonoverlap_gap_fill,ready_managementpro_gap_fill,,,,,513.00,51.50,gross_valid_pos_sales_excluding_cancellations,review_mdb_journal_difference,mdb_valid_pos_sales,megamanagepro-20260820T172552Z-1-001.zip::megamanagepro/DbPos.mdb,No notebook record exists for this date; ManagementPro is used as a gap fill. ManagementPro note: ManagementPro-recorded sales only; not confirmed complete store revenue. Authoritative MDB differs from journal audit by 461.50 MXN.
2022-05-09,,managementpro,managementpro_nonoverlap_gap_fill,unresolved_managementpro_blank,,,,,,461.50,unresolved_journal_candidate,review_possible_date_shift_duplicate,journal_completed_sales,mpro-pos-20260820T172538Z-1-001.zip::mpro-pos/JOURNAL/00010120220509.jrn,"No notebook record exists for this date; ManagementPro is used as a gap fill. ManagementPro amount is unresolved and intentionally left blank, not zero. ManagementPro note: ManagementPro-recorded sales only; not confirmed complete store revenue. Candidate amount is preserved in journal_sales_mxn but intentionally excluded from amount_mxn pending date/duplicate review. No corresponding valid Venta rows in the canonical MDB; retained from the journal audit."
2022-05-10,92.00,managementpro,managementpro_nonoverlap_gap_fill,ready_managementpro_gap_fill,,,,,92.00,92.00,gross_valid_pos_sales_excluding_cancellations,verified_mdb_journal_match,mdb_valid_pos_sales,megamanagepro-20260820T172552Z-1-001.zip::megamanagepro/DbPos.mdb,No notebook record exists for this date; ManagementPro is used as a gap fill. ManagementPro note: ManagementPro-recorded sales only; not confirmed complete store revenue.
2022-05-11,418.00,managementpro,managementpro_nonoverlap_gap_fill,ready_managementpro_gap_fill,,,,,418.00,418.00,gross_valid_pos_sales_excluding_cancellations,verified_mdb_journal_match,mdb_valid_pos_sales,megamanagepro-20260820T172552Z-1-001.zip::megamanagepro/DbPos.mdb,No notebook record exists for this date; ManagementPro is used as a gap fill. ManagementPro note: ManagementPro-recorded sales only; not confirmed complete store revenue.
2022-05-12,293.50,managementpro,managementpro_nonoverlap_gap_fill,ready_managementpro_gap_fill,,,,,293.50,293.50,gross_valid_pos_sales_excluding_cancellations,verified_mdb_journal_match,mdb_valid_pos_sales,megamanagepro-20260820T172552Z-1-001.zip::megamanagepro/DbPos.mdb,No notebook record exists for this date; ManagementPro is used as a gap fill. ManagementPro note: ManagementPro-recorded sales only; not confirmed complete store revenue.
2022-05-13,420.00,managementpro,managementpro_nonoverlap_gap_fill,ready_managementpro_gap_fill,,,,,420.00,420.00,gross_valid_pos_sales_excluding_cancellations,verified_mdb_journal_match,mdb_valid_pos_sales,megamanagepro-20260820T172552Z-1-001.zip::megamanagepro/DbPos.mdb,No notebook record exists for this date; ManagementPro is used as a gap fill. ManagementPro note: ManagementPro-recorded sales only; not confirmed complete store revenue.
2022-05-14,310.00,managementpro,managementpro_nonoverlap_gap_fill,ready_managementpro_gap_fill,,,,,310.00,310.00,gross_valid_pos_sales_excluding_cancellations,verified_mdb_journal_match,mdb_valid_pos_sales,megamanagepro-20260820T172552Z-1-001.zip::megamanagepro/DbPos.mdb,No notebook record exists for this date; ManagementPro is used as a gap fill. ManagementPro note: ManagementPro-recorded sales only; not confirmed complete store revenue.
2022-05-16,1004.00,managementpro,managementpro_nonoverlap_gap_fill,ready_managementpro_gap_fill,,,,,1004.00,1004.00,gross_valid_pos_sales_excluding_cancellations,verified_mdb_journal_match,mdb_valid_pos_sales,megamanagepro-20260820T172552Z-1-001.zip::megamanagepro/DbPos.mdb,No notebook record exists for this date; ManagementPro is used as a gap fill. ManagementPro note: ManagementPro-recorded sales only; not confirmed complete store revenue.
2022-05-17,838.00,managementpro,managementpro_nonoverlap_gap_fill,ready_managementpro_gap_fill,,,,,838.00,838.00,gross_valid_pos_sales_excluding_cancellations,verified_mdb_journal_match,mdb_valid_pos_sales,megamanagepro-20260820T172552Z-1-001.zip::megamanagepro/DbPos.mdb,No notebook record exists for this date; ManagementPro is used as a gap fill. ManagementPro note: ManagementPro-recorded sales only; not confirmed complete store revenue.
2022-05-18,234.50,managementpro,managementpro_nonoverlap_gap_fill,ready_managementpro_gap_fill,,,,,234.50,234.50,gross_valid_pos_sales_excluding_cancellations,verified_mdb_journal_match,mdb_valid_pos_sales,megamanagepro-20260820T172552Z-1-001.zip::megamanagepro/DbPos.mdb,No notebook record exists for this date; ManagementPro is used as a gap fill. ManagementPro note: ManagementPro-recorded sales only; not confirmed complete store revenue.
2022-05-19,271.50,managementpro,managementpro_nonoverlap_gap_fill,ready_managementpro_gap_fill,,,,,271.50,271.50,gross_valid_pos_sales_excluding_cancellations,verified_mdb_journal_match,mdb_valid_pos_sales,megamanagepro-20260820T172552Z-1-001.zip::megamanagepro/DbPos.mdb,No notebook record exists for this date; ManagementPro is used as a gap fill. ManagementPro note: ManagementPro-recorded sales only; not confirmed complete store revenue.
2022-05-20,428.50,managementpro,managementpro_nonoverlap_gap_fill,ready_managementpro_gap_fill,,,,,428.50,428.50,gross_valid_pos_sales_excluding_cancellations,verified_mdb_journal_match,mdb_valid_pos_sales,megamanagepro-20260820T172552Z-1-001.zip::megamanagepro/DbPos.mdb,No notebook record exists for this date; ManagementPro is used as a gap fill. ManagementPro note: ManagementPro-recorded sales only; not confirmed complete store revenue.
2022-05-21,134.50,managementpro,managementpro_nonoverlap_gap_fill,ready_managementpro_gap_fill,,,,,134.50,134.50,gross_valid_pos_sales_excluding_cancellations,verified_mdb_journal_match,mdb_valid_pos_sales,megamanagepro-20260820T172552Z-1-001.zip::megamanagepro/DbPos.mdb,No notebook record exists for this date; ManagementPro is used as a gap fill. ManagementPro note: ManagementPro-recorded sales only; not confirmed complete store revenue.
2022-05-23,570.00,managementpro,managementpro_nonoverlap_gap_fill,ready_managementpro_gap_fill,,,,,570.00,570.00,gross_valid_pos_sales_excluding_cancellations,verified_mdb_journal_match,mdb_valid_pos_sales,megamanagepro-20260820T172552Z-1-001.zip::megamanagepro/DbPos.mdb,No notebook record exists for this date; ManagementPro is used as a gap fill. ManagementPro note: ManagementPro-recorded sales only; not confirmed complete store revenue.
2022-05-24,344.00,managementpro,managementpro_nonoverlap_gap_fill,ready_managementpro_gap_fill,,,,,344.00,344.00,gross_valid_pos_sales_excluding_cancellations,verified_mdb_journal_match,mdb_valid_pos_sales,megamanagepro-20260820T172552Z-1-001.zip::megamanagepro/DbPos.mdb,No notebook record exists for this date; ManagementPro is used as a gap fill. ManagementPro note: ManagementPro-recorded sales only; not confirmed complete store revenue.
2022-05-25,328.50,managementpro,managementpro_nonoverlap_gap_fill,ready_managementpro_gap_fill,,,,,328.50,328.50,gross_valid_pos_sales_excluding_cancellations,verified_mdb_journal_match,mdb_valid_pos_sales,megamanagepro-20260820T172552Z-1-001.zip::megamanagepro/DbPos.mdb,No notebook record exists for this date; ManagementPro is used as a gap fill. ManagementPro note: ManagementPro-recorded sales only; not confirmed complete store revenue.
2022-05-26,512.50,managementpro,managementpro_nonoverlap_gap_fill,ready_managementpro_gap_fill,,,,,512.50,512.50,gross_valid_pos_sales_excluding_cancellations,verified_mdb_journal_match,mdb_valid_pos_sales,megamanagepro-20260820T172552Z-1-001.zip::megamanagepro/DbPos.mdb,No notebook record exists for this date; ManagementPro is used as a gap fill. ManagementPro note: ManagementPro-recorded sales only; not confirmed complete store revenue.
2022-05-27,691.00,managementpro,managementpro_nonoverlap_gap_fill,ready_managementpro_gap_fill,,,,,691.00,691.00,gross_valid_pos_sales_excluding_cancellations,verified_mdb_journal_match,mdb_valid_pos_sales,megamanagepro-20260820T172552Z-1-001.zip::megamanagepro/DbPos.mdb,No notebook record exists for this date; ManagementPro is used as a gap fill. ManagementPro note: ManagementPro-recorded sales only; not confirmed complete store revenue.
2022-05-28,126.50,managementpro,managementpro_nonoverlap_gap_fill,ready_managementpro_gap_fill,,,,,126.50,126.50,gross_valid_pos_sales_excluding_cancellations,verified_mdb_journal_match,mdb_valid_pos_sales,megamanagepro-20260820T172552Z-1-001.zip::megamanagepro/DbPos.mdb,No notebook record exists for this date; ManagementPro is used as a gap fill. ManagementPro note: ManagementPro-recorded sales only; not confirmed complete store revenue.
2022-05-30,257.50,managementpro,managementpro_nonoverlap_gap_fill,ready_managementpro_gap_fill,,,,,257.50,257.50,gross_valid_pos_sales_excluding_cancellations,verified_mdb_journal_match,mdb_valid_pos_sales,megamanagepro-20260820T172552Z-1-001.zip::megamanagepro/DbPos.mdb,No notebook record exists for this date; ManagementPro is used as a gap fill. ManagementPro note: ManagementPro-recorded sales only; not confirmed complete store revenue.
2022-05-31,482.50,managementpro,managementpro_nonoverlap_gap_fill,ready_managementpro_gap_fill,,,,,482.50,482.50,gross_valid_pos_sales_excluding_cancellations,verified_mdb_journal_match,mdb_valid_pos_sales,megamanagepro-20260820T172552Z-1-001.zip::megamanagepro/DbPos.mdb,No notebook record exists for this date; ManagementPro is used as a gap fill. ManagementPro note: ManagementPro-recorded sales only; not confirmed complete store revenue.
2022-06-01,241.00,managementpro,managementpro_nonoverlap_gap_fill,ready_managementpro_gap_fill,,,,,241.00,241.00,gross_valid_pos_sales_excluding_cancellations,verified_mdb_journal_match,mdb_valid_pos_sales,megamanagepro-20260820T172552Z-1-001.zip::megamanagepro/DbPos.mdb,No notebook record exists for this date; ManagementPro is used as a gap fill. ManagementPro note: ManagementPro-recorded sales only; not confirmed complete store revenue.
2022-06-02,279.00,managementpro,managementpro_nonoverlap_gap_fill,ready_managementpro_gap_fill,,,,,279.00,279.00,gross_valid_pos_sales_excluding_cancellations,verified_mdb_journal_match,mdb_valid_pos_sales,megamanagepro-20260820T172552Z-1-001.zip::megamanagepro/DbPos.mdb,No notebook record exists for this date; ManagementPro is used as a gap fill. ManagementPro note: ManagementPro-recorded sales only; not confirmed complete store revenue.
2022-06-03,218.50,managementpro,managementpro_nonoverlap_gap_fill,ready_managementpro_gap_fill,,,,,218.50,218.50,gross_valid_pos_sales_excluding_cancellations,verified_mdb_journal_match,mdb_valid_pos_sales,megamanagepro-20260820T172552Z-1-001.zip::megamanagepro/DbPos.mdb,No notebook record exists for this date; ManagementPro is used as a gap fill. ManagementPro note: ManagementPro-recorded sales only; not confirmed complete store revenue.
2022-06-06,155.00,managementpro,managementpro_nonoverlap_gap_fill,ready_managementpro_gap_fill,,,,,155.00,155.00,gross_valid_pos_sales_excluding_cancellations,verified_mdb_journal_match,mdb_valid_pos_sales,megamanagepro-20260820T172552Z-1-001.zip::megamanagepro/DbPos.mdb,No notebook record exists for this date; ManagementPro is used as a gap fill. ManagementPro note: ManagementPro-recorded sales only; not confirmed complete store revenue.
2022-06-07,306.00,managementpro,managementpro_nonoverlap_gap_fill,ready_managementpro_gap_fill,,,,,306.00,306.00,gross_valid_pos_sales_excluding_cancellations,verified_mdb_journal_match,mdb_valid_pos_sales,megamanagepro-20260820T172552Z-1-001.zip::megamanagepro/DbPos.mdb,No notebook record exists for this date; ManagementPro is used as a gap fill. ManagementPro note: ManagementPro-recorded sales only; not confirmed complete store revenue.
2022-06-08,264.50,managementpro,managementpro_nonoverlap_gap_fill,ready_managementpro_gap_fill,,,,,264.50,264.50,gross_valid_pos_sales_excluding_cancellations,verified_mdb_journal_match,mdb_valid_pos_sales,megamanagepro-20260820T172552Z-1-001.zip::megamanagepro/DbPos.mdb,No notebook record exists for this date; ManagementPro is used as a gap fill. ManagementPro note: ManagementPro-recorded sales only; not confirmed complete store revenue.
2022-06-09,207.00,managementpro,managementpro_nonoverlap_gap_fill,ready_managementpro_gap_fill,,,,,207.00,207.00,gross_valid_pos_sales_excluding_cancellations,verified_mdb_journal_match,mdb_valid_pos_sales,megamanagepro-20260820T172552Z-1-001.zip::megamanagepro/DbPos.mdb,No notebook record exists for this date; ManagementPro is used as a gap fill. ManagementPro note: ManagementPro-recorded sales only; not confirmed complete store revenue.
2022-06-10,341.50,managementpro,managementpro_nonoverlap_gap_fill,ready_managementpro_gap_fill,,,,,341.50,341.50,gross_valid_pos_sales_excluding_cancellations,verified_mdb_journal_match,mdb_valid_pos_sales,megamanagepro-20260820T172552Z-1-001.zip::megamanagepro/DbPos.mdb,No notebook record exists for this date; ManagementPro is used as a gap fill. ManagementPro note: ManagementPro-recorded sales only; not confirmed complete store revenue.
2022-06-11,76.00,managementpro,managementpro_nonoverlap_gap_fill,ready_managementpro_gap_fill,,,,,76.00,76.00,gross_valid_pos_sales_excluding_cancellations,verified_mdb_journal_match,mdb_valid_pos_sales,megamanagepro-20260820T172552Z-1-001.zip::megamanagepro/DbPos.mdb,No notebook record exists for this date; ManagementPro is used as a gap fill. ManagementPro note: ManagementPro-recorded sales only; not confirmed complete store revenue.
2022-06-13,435.50,managementpro,managementpro_nonoverlap_gap_fill,ready_managementpro_gap_fill,,,,,435.50,435.50,gross_valid_pos_sales_excluding_cancellations,verified_mdb_journal_match,mdb_valid_pos_sales,megamanagepro-20260820T172552Z-1-001.zip::megamanagepro/DbPos.mdb,No notebook record exists for this date; ManagementPro is used as a gap fill. ManagementPro note: ManagementPro-recorded sales only; not confirmed complete store revenue.
2022-06-14,319.50,managementpro,managementpro_nonoverlap_gap_fill,ready_managementpro_gap_fill,,,,,319.50,319.50,gross_valid_pos_sales_excluding_cancellations,verified_mdb_journal_match,mdb_valid_pos_sales,megamanagepro-20260820T172552Z-1-001.zip::megamanagepro/DbPos.mdb,No notebook record exists for this date; ManagementPro is used as a gap fill. ManagementPro note: ManagementPro-recorded sales only; not confirmed complete store revenue.
2022-06-15,632.50,managementpro,managementpro_nonoverlap_gap_fill,ready_managementpro_gap_fill,,,,,632.50,632.50,gross_valid_pos_sales_excluding_cancellations,verified_mdb_journal_match,mdb_valid_pos_sales,megamanagepro-20260820T172552Z-1-001.zip::megamanagepro/DbPos.mdb,No notebook record exists for this date; ManagementPro is used as a gap fill. ManagementPro note: ManagementPro-recorded sales only; not confirmed complete store revenue.
2022-06-16,334.00,managementpro,managementpro_nonoverlap_gap_fill,ready_managementpro_gap_fill,,,,,334.00,334.00,gross_valid_pos_sales_excluding_cancellations,verified_mdb_journal_match,mdb_valid_pos_sales,megamanagepro-20260820T172552Z-1-001.zip::megamanagepro/DbPos.mdb,No notebook record exists for this date; ManagementPro is used as a gap fill. ManagementPro note: ManagementPro-recorded sales only; not confirmed complete store revenue.
2022-06-17,237.50,managementpro,managementpro_nonoverlap_gap_fill,ready_managementpro_gap_fill,,,,,237.50,237.50,gross_valid_pos_sales_excluding_cancellations,verified_mdb_journal_match,mdb_valid_pos_sales,megamanagepro-20260820T172552Z-1-001.zip::megamanagepro/DbPos.mdb,No notebook record exists for this date; ManagementPro is used as a gap fill. ManagementPro note: ManagementPro-recorded sales only; not confirmed complete store revenue.
2022-06-18,333.00,managementpro,managementpro_nonoverlap_gap_fill,ready_managementpro_gap_fill,,,,,333.00,333.00,gross_valid_pos_sales_excluding_cancellations,verified_mdb_journal_match,mdb_valid_pos_sales,megamanagepro-20260820T172552Z-1-001.zip::megamanagepro/DbPos.mdb,No notebook record exists for this date; ManagementPro is used as a gap fill. ManagementPro note: ManagementPro-recorded sales only; not confirmed complete store revenue.
2022-06-20,685.50,managementpro,managementpro_nonoverlap_gap_fill,ready_managementpro_gap_fill,,,,,685.50,685.50,gross_valid_pos_sales_excluding_cancellations,verified_mdb_journal_match,mdb_valid_pos_sales,megamanagepro-20260820T172552Z-1-001.zip::megamanagepro/DbPos.mdb,No notebook record exists for this date; ManagementPro is used as a gap fill. ManagementPro note: ManagementPro-recorded sales only; not confirmed complete store revenue.
2022-06-21,351.50,managementpro,managementpro_nonoverlap_gap_fill,ready_managementpro_gap_fill,,,,,351.50,351.50,gross_valid_pos_sales_excluding_cancellations,verified_mdb_journal_match,mdb_valid_pos_sales,megamanagepro-20260820T172552Z-1-001.zip::megamanagepro/DbPos.mdb,No notebook record exists for this date; ManagementPro is used as a gap fill. ManagementPro note: ManagementPro-recorded sales only; not confirmed complete store revenue.
2022-06-22,453.50,managementpro,managementpro_nonoverlap_gap_fill,ready_managementpro_gap_fill,,,,,453.50,453.50,gross_valid_pos_sales_excluding_cancellations,verified_mdb_journal_match,mdb_valid_pos_sales,megamanagepro-20260820T172552Z-1-001.zip::megamanagepro/DbPos.mdb,No notebook record exists for this date; ManagementPro is used as a gap fill. ManagementPro note: ManagementPro-recorded sales only; not confirmed complete store revenue.
2022-06-23,228.50,managementpro,managementpro_nonoverlap_gap_fill,ready_managementpro_gap_fill,,,,,228.50,228.50,gross_valid_pos_sales_excluding_cancellations,verified_mdb_journal_match,mdb_valid_pos_sales,megamanagepro-20260820T172552Z-1-001.zip::megamanagepro/DbPos.mdb,No notebook record exists for this date; ManagementPro is used as a gap fill. ManagementPro note: ManagementPro-recorded sales only; not confirmed complete store revenue.
2022-06-24,21.00,managementpro,managementpro_nonoverlap_gap_fill,ready_managementpro_gap_fill,,,,,21.00,21.00,gross_valid_pos_sales_excluding_cancellations,verified_mdb_journal_match,mdb_valid_pos_sales,megamanagepro-20260820T172552Z-1-001.zip::megamanagepro/DbPos.mdb,No notebook record exists for this date; ManagementPro is used as a gap fill. ManagementPro note: ManagementPro-recorded sales only; not confirmed complete store revenue.
2022-06-27,390.00,managementpro,managementpro_nonoverlap_gap_fill,ready_managementpro_gap_fill,,,,,390.00,390.00,gross_valid_pos_sales_excluding_cancellations,verified_mdb_journal_match,mdb_valid_pos_sales,megamanagepro-20260820T172552Z-1-001.zip::megamanagepro/DbPos.mdb,No notebook record exists for this date; ManagementPro is used as a gap fill. ManagementPro note: ManagementPro-recorded sales only; not confirmed complete store revenue.
2022-06-28,381.00,managementpro,managementpro_nonoverlap_gap_fill,ready_managementpro_gap_fill,,,,,381.00,381.00,gross_valid_pos_sales_excluding_cancellations,verified_mdb_journal_match,mdb_valid_pos_sales,megamanagepro-20260820T172552Z-1-001.zip::megamanagepro/DbPos.mdb,No notebook record exists for this date; ManagementPro is used as a gap fill. ManagementPro note: ManagementPro-recorded sales only; not confirmed complete store revenue.
2022-06-29,332.00,managementpro,managementpro_nonoverlap_gap_fill,ready_managementpro_gap_fill,,,,,332.00,332.00,gross_valid_pos_sales_excluding_cancellations,verified_mdb_journal_match,mdb_valid_pos_sales,megamanagepro-20260820T172552Z-1-001.zip::megamanagepro/DbPos.mdb,No notebook record exists for this date; ManagementPro is used as a gap fill. ManagementPro note: ManagementPro-recorded sales only; not confirmed complete store revenue.
2022-06-30,578.50,managementpro,managementpro_nonoverlap_gap_fill,ready_managementpro_gap_fill,,,,,578.50,578.50,gross_valid_pos_sales_excluding_cancellations,verified_mdb_journal_match,mdb_valid_pos_sales,megamanagepro-20260820T172552Z-1-001.zip::megamanagepro/DbPos.mdb,No notebook record exists for this date; ManagementPro is used as a gap fill. ManagementPro note: ManagementPro-recorded sales only; not confirmed complete store revenue.
2022-07-01,545.00,managementpro,managementpro_nonoverlap_gap_fill,ready_managementpro_gap_fill,,,,,545.00,545.00,gross_valid_pos_sales_excluding_cancellations,verified_mdb_journal_match,mdb_valid_pos_sales,megamanagepro-20260820T172552Z-1-001.zip::megamanagepro/DbPos.mdb,No notebook record exists for this date; ManagementPro is used as a gap fill. ManagementPro note: ManagementPro-recorded sales only; not confirmed complete store revenue.
2022-07-02,43.00,managementpro,managementpro_nonoverlap_gap_fill,ready_managementpro_gap_fill,,,,,43.00,43.00,gross_valid_pos_sales_excluding_cancellations,verified_mdb_journal_match,mdb_valid_pos_sales,megamanagepro-20260820T172552Z-1-001.zip::megamanagepro/DbPos.mdb,No notebook record exists for this date; ManagementPro is used as a gap fill. ManagementPro note: ManagementPro-recorded sales only; not confirmed complete store revenue.
2022-07-04,204.50,managementpro,managementpro_nonoverlap_gap_fill,ready_managementpro_gap_fill,,,,,204.50,204.50,gross_valid_pos_sales_excluding_cancellations,verified_mdb_journal_match,mdb_valid_pos_sales,megamanagepro-20260820T172552Z-1-001.zip::megamanagepro/DbPos.mdb,No notebook record exists for this date; ManagementPro is used as a gap fill. ManagementPro note: ManagementPro-recorded sales only; not confirmed complete store revenue.
2022-07-05,100.50,managementpro,managementpro_nonoverlap_gap_fill,ready_managementpro_gap_fill,,,,,100.50,100.50,gross_valid_pos_sales_excluding_cancellations,verified_mdb_journal_match,mdb_valid_pos_sales,megamanagepro-20260820T172552Z-1-001.zip::megamanagepro/DbPos.mdb,No notebook record exists for this date; ManagementPro is used as a gap fill. ManagementPro note: ManagementPro-recorded sales only; not confirmed complete store revenue.
2022-07-06,478.50,managementpro,managementpro_nonoverlap_gap_fill,ready_managementpro_gap_fill,,,,,478.50,478.50,gross_valid_pos_sales_excluding_cancellations,verified_mdb_journal_match,mdb_valid_pos_sales,megamanagepro-20260820T172552Z-1-001.zip::megamanagepro/DbPos.mdb,No notebook record exists for this date; ManagementPro is used as a gap fill. ManagementPro note: ManagementPro-recorded sales only; not confirmed complete store revenue.
2022-07-07,697.50,managementpro,managementpro_nonoverlap_gap_fill,ready_managementpro_gap_fill,,,,,697.50,697.50,gross_valid_pos_sales_excluding_cancellations,verified_mdb_journal_match,mdb_valid_pos_sales,megamanagepro-20260820T172552Z-1-001.zip::megamanagepro/DbPos.mdb,No notebook record exists for this date; ManagementPro is used as a gap fill. ManagementPro note: ManagementPro-recorded sales only; not confirmed complete store revenue.
2022-07-08,290.50,managementpro,managementpro_nonoverlap_gap_fill,ready_managementpro_gap_fill,,,,,290.50,290.50,gross_valid_pos_sales_excluding_cancellations,verified_mdb_journal_match,mdb_valid_pos_sales,megamanagepro-20260820T172552Z-1-001.zip::megamanagepro/DbPos.mdb,No notebook record exists for this date; ManagementPro is used as a gap fill. ManagementPro note: ManagementPro-recorded sales only; not confirmed complete store revenue.
2022-07-09,78.00,managementpro,managementpro_nonoverlap_gap_fill,ready_managementpro_gap_fill,,,,,78.00,78.00,gross_valid_pos_sales_excluding_cancellations,verified_mdb_journal_match,mdb_valid_pos_sales,megamanagepro-20260820T172552Z-1-001.zip::megamanagepro/DbPos.mdb,No notebook record exists for this date; ManagementPro is used as a gap fill. ManagementPro note: ManagementPro-recorded sales only; not confirmed complete store revenue.
2022-07-11,326.00,managementpro,managementpro_nonoverlap_gap_fill,ready_managementpro_gap_fill,,,,,326.00,326.00,gross_valid_pos_sales_excluding_cancellations,verified_mdb_journal_match,mdb_valid_pos_sales,megamanagepro-20260820T172552Z-1-001.zip::megamanagepro/DbPos.mdb,No notebook record exists for this date; ManagementPro is used as a gap fill. ManagementPro note: ManagementPro-recorded sales only; not confirmed complete store revenue.
2022-07-12,328.00,managementpro,managementpro_nonoverlap_gap_fill,ready_managementpro_gap_fill,,,,,328.00,328.00,gross_valid_pos_sales_excluding_cancellations,verified_mdb_journal_match,mdb_valid_pos_sales,megamanagepro-20260820T172552Z-1-001.zip::megamanagepro/DbPos.mdb,No notebook record exists for this date; ManagementPro is used as a gap fill. ManagementPro note: ManagementPro-recorded sales only; not confirmed complete store revenue.
2022-07-13,321.00,managementpro,managementpro_nonoverlap_gap_fill,ready_managementpro_gap_fill,,,,,321.00,321.00,gross_valid_pos_sales_excluding_cancellations,verified_mdb_journal_match,mdb_valid_pos_sales,megamanagepro-20260820T172552Z-1-001.zip::megamanagepro/DbPos.mdb,No notebook record exists for this date; ManagementPro is used as a gap fill. ManagementPro note: ManagementPro-recorded sales only; not confirmed complete store revenue.
2022-07-14,290.00,managementpro,managementpro_nonoverlap_gap_fill,ready_managementpro_gap_fill,,,,,290.00,290.00,gross_valid_pos_sales_excluding_cancellations,verified_mdb_journal_match,mdb_valid_pos_sales,megamanagepro-20260820T172552Z-1-001.zip::megamanagepro/DbPos.mdb,No notebook record exists for this date; ManagementPro is used as a gap fill. ManagementPro note: ManagementPro-recorded sales only; not confirmed complete store revenue.
2022-07-15,636.00,managementpro,managementpro_nonoverlap_gap_fill,ready_managementpro_gap_fill,,,,,636.00,636.00,gross_valid_pos_sales_excluding_cancellations,verified_mdb_journal_match,mdb_valid_pos_sales,megamanagepro-20260820T172552Z-1-001.zip::megamanagepro/DbPos.mdb,No notebook record exists for this date; ManagementPro is used as a gap fill. ManagementPro note: ManagementPro-recorded sales only; not confirmed complete store revenue.
2022-07-18,529.50,managementpro,managementpro_nonoverlap_gap_fill,ready_managementpro_gap_fill,,,,,529.50,529.50,gross_valid_pos_sales_excluding_cancellations,verified_mdb_journal_match,mdb_valid_pos_sales,megamanagepro-20260820T172552Z-1-001.zip::megamanagepro/DbPos.mdb,No notebook record exists for this date; ManagementPro is used as a gap fill. ManagementPro note: ManagementPro-recorded sales only; not confirmed complete store revenue.
2022-07-19,76.00,managementpro,managementpro_nonoverlap_gap_fill,ready_managementpro_gap_fill,,,,,76.00,76.00,gross_valid_pos_sales_excluding_cancellations,verified_mdb_journal_match,mdb_valid_pos_sales,megamanagepro-20260820T172552Z-1-001.zip::megamanagepro/DbPos.mdb,No notebook record exists for this date; ManagementPro is used as a gap fill. ManagementPro note: ManagementPro-recorded sales only; not confirmed complete store revenue.
2022-07-20,300.00,managementpro,managementpro_nonoverlap_gap_fill,ready_managementpro_gap_fill,,,,,300.00,300.00,gross_valid_pos_sales_excluding_cancellations,verified_mdb_journal_match,mdb_valid_pos_sales,megamanagepro-20260820T172552Z-1-001.zip::megamanagepro/DbPos.mdb,No notebook record exists for this date; ManagementPro is used as a gap fill. ManagementPro note: ManagementPro-recorded sales only; not confirmed complete store revenue.
2022-07-21,200.50,managementpro,managementpro_nonoverlap_gap_fill,ready_managementpro_gap_fill,,,,,200.50,200.50,gross_valid_pos_sales_excluding_cancellations,verified_mdb_journal_match,mdb_valid_pos_sales,megamanagepro-20260820T172552Z-1-001.zip::megamanagepro/DbPos.mdb,No notebook record exists for this date; ManagementPro is used as a gap fill. ManagementPro note: ManagementPro-recorded sales only; not confirmed complete store revenue.
2022-07-22,207.00,managementpro,managementpro_nonoverlap_gap_fill,ready_managementpro_gap_fill,,,,,207.00,207.00,gross_valid_pos_sales_excluding_cancellations,verified_mdb_journal_match,mdb_valid_pos_sales,megamanagepro-20260820T172552Z-1-001.zip::megamanagepro/DbPos.mdb,No notebook record exists for this date; ManagementPro is used as a gap fill. ManagementPro note: ManagementPro-recorded sales only; not confirmed complete store revenue.
2022-07-25,306.00,managementpro,managementpro_nonoverlap_gap_fill,ready_managementpro_gap_fill,,,,,306.00,306.00,gross_valid_pos_sales_excluding_cancellations,verified_mdb_journal_match,mdb_valid_pos_sales,megamanagepro-20260820T172552Z-1-001.zip::megamanagepro/DbPos.mdb,No notebook record exists for this date; ManagementPro is used as a gap fill. ManagementPro note: ManagementPro-recorded sales only; not confirmed complete store revenue.
2022-07-26,181.50,managementpro,managementpro_nonoverlap_gap_fill,ready_managementpro_gap_fill,,,,,181.50,181.50,gross_valid_pos_sales_excluding_cancellations,verified_mdb_journal_match,mdb_valid_pos_sales,megamanagepro-20260820T172552Z-1-001.zip::megamanagepro/DbPos.mdb,No notebook record exists for this date; ManagementPro is used as a gap fill. ManagementPro note: ManagementPro-recorded sales only; not confirmed complete store revenue.
2022-07-27,89.00,managementpro,managementpro_nonoverlap_gap_fill,ready_managementpro_gap_fill,,,,,89.00,89.00,gross_valid_pos_sales_excluding_cancellations,verified_mdb_journal_match,mdb_valid_pos_sales,megamanagepro-20260820T172552Z-1-001.zip::megamanagepro/DbPos.mdb,No notebook record exists for this date; ManagementPro is used as a gap fill. ManagementPro note: ManagementPro-recorded sales only; not confirmed complete store revenue.
2022-07-28,481.00,managementpro,managementpro_nonoverlap_gap_fill,ready_managementpro_gap_fill,,,,,481.00,481.00,gross_valid_pos_sales_excluding_cancellations,verified_mdb_journal_match,mdb_valid_pos_sales,megamanagepro-20260820T172552Z-1-001.zip::megamanagepro/DbPos.mdb,No notebook record exists for this date; ManagementPro is used as a gap fill. ManagementPro note: ManagementPro-recorded sales only; not confirmed complete store revenue.
2022-07-29,397.50,managementpro,managementpro_nonoverlap_gap_fill,ready_managementpro_gap_fill,,,,,397.50,397.50,gross_valid_pos_sales_excluding_cancellations,verified_mdb_journal_match,mdb_valid_pos_sales,megamanagepro-20260820T172552Z-1-001.zip::megamanagepro/DbPos.mdb,No notebook record exists for this date; ManagementPro is used as a gap fill. ManagementPro note: ManagementPro-recorded sales only; not confirmed complete store revenue.
2022-08-01,241.50,managementpro,managementpro_nonoverlap_gap_fill,ready_managementpro_gap_fill,,,,,241.50,241.50,gross_valid_pos_sales_excluding_cancellations,verified_mdb_journal_match,mdb_valid_pos_sales,megamanagepro-20260820T172552Z-1-001.zip::megamanagepro/DbPos.mdb,No notebook record exists for this date; ManagementPro is used as a gap fill. ManagementPro note: ManagementPro-recorded sales only; not confirmed complete store revenue.
2022-08-02,250.50,managementpro,managementpro_nonoverlap_gap_fill,ready_managementpro_gap_fill,,,,,250.50,250.50,gross_valid_pos_sales_excluding_cancellations,verified_mdb_journal_match,mdb_valid_pos_sales,megamanagepro-20260820T172552Z-1-001.zip::megamanagepro/DbPos.mdb,No notebook record exists for this date; ManagementPro is used as a gap fill. ManagementPro note: ManagementPro-recorded sales only; not confirmed complete store revenue.
2022-08-03,174.00,managementpro,managementpro_nonoverlap_gap_fill,ready_managementpro_gap_fill,,,,,174.00,174.00,gross_valid_pos_sales_excluding_cancellations,verified_mdb_journal_match,mdb_valid_pos_sales,megamanagepro-20260820T172552Z-1-001.zip::megamanagepro/DbPos.mdb,No notebook record exists for this date; ManagementPro is used as a gap fill. ManagementPro note: ManagementPro-recorded sales only; not confirmed complete store revenue.
2022-08-04,68.00,managementpro,managementpro_nonoverlap_gap_fill,ready_managementpro_gap_fill,,,,,68.00,68.00,gross_valid_pos_sales_excluding_cancellations,verified_mdb_journal_match,mdb_valid_pos_sales,megamanagepro-20260820T172552Z-1-001.zip::megamanagepro/DbPos.mdb,No notebook record exists for this date; ManagementPro is used as a gap fill. ManagementPro note: ManagementPro-recorded sales only; not confirmed complete store revenue.
2022-08-05,150.50,managementpro,managementpro_nonoverlap_gap_fill,ready_managementpro_gap_fill,,,,,150.50,150.50,gross_valid_pos_sales_excluding_cancellations,verified_mdb_journal_match,mdb_valid_pos_sales,megamanagepro-20260820T172552Z-1-001.zip::megamanagepro/DbPos.mdb,No notebook record exists for this date; ManagementPro is used as a gap fill. ManagementPro note: ManagementPro-recorded sales only; not confirmed complete store revenue.
2022-08-08,395.00,managementpro,managementpro_nonoverlap_gap_fill,ready_managementpro_gap_fill,,,,,395.00,395.00,gross_valid_pos_sales_excluding_cancellations,verified_mdb_journal_match,mdb_valid_pos_sales,megamanagepro-20260820T172552Z-1-001.zip::megamanagepro/DbPos.mdb,No notebook record exists for this date; ManagementPro is used as a gap fill. ManagementPro note: ManagementPro-recorded sales only; not confirmed complete store revenue.
2022-08-09,142.00,managementpro,managementpro_nonoverlap_gap_fill,ready_managementpro_gap_fill,,,,,142.00,142.00,gross_valid_pos_sales_excluding_cancellations,verified_mdb_journal_match,mdb_valid_pos_sales,megamanagepro-20260820T172552Z-1-001.zip::megamanagepro/DbPos.mdb,No notebook record exists for this date; ManagementPro is used as a gap fill. ManagementPro note: ManagementPro-recorded sales only; not confirmed complete store revenue.
2022-08-10,312.50,managementpro,managementpro_nonoverlap_gap_fill,ready_managementpro_gap_fill,,,,,312.50,312.50,gross_valid_pos_sales_excluding_cancellations,verified_mdb_journal_match,mdb_valid_pos_sales,megamanagepro-20260820T172552Z-1-001.zip::megamanagepro/DbPos.mdb,No notebook record exists for this date; ManagementPro is used as a gap fill. ManagementPro note: ManagementPro-recorded sales only; not confirmed complete store revenue.
2022-08-11,164.00,managementpro,managementpro_nonoverlap_gap_fill,ready_managementpro_gap_fill,,,,,164.00,164.00,gross_valid_pos_sales_excluding_cancellations,verified_mdb_journal_match,mdb_valid_pos_sales,megamanagepro-20260820T172552Z-1-001.zip::megamanagepro/DbPos.mdb,No notebook record exists for this date; ManagementPro is used as a gap fill. ManagementPro note: ManagementPro-recorded sales only; not confirmed complete store revenue.
2022-08-12,524.00,managementpro,managementpro_nonoverlap_gap_fill,ready_managementpro_gap_fill,,,,,524.00,524.00,gross_valid_pos_sales_excluding_cancellations,verified_mdb_journal_match,mdb_valid_pos_sales,megamanagepro-20260820T172552Z-1-001.zip::megamanagepro/DbPos.mdb,No notebook record exists for this date; ManagementPro is used as a gap fill. ManagementPro note: ManagementPro-recorded sales only; not confirmed complete store revenue.
2022-08-15,287.00,managementpro,managementpro_nonoverlap_gap_fill,ready_managementpro_gap_fill,,,,,287.00,287.00,gross_valid_pos_sales_excluding_cancellations,verified_mdb_journal_match,mdb_valid_pos_sales,megamanagepro-20260820T172552Z-1-001.zip::megamanagepro/DbPos.mdb,No notebook record exists for this date; ManagementPro is used as a gap fill. ManagementPro note: ManagementPro-recorded sales only; not confirmed complete store revenue.
2022-08-16,540.00,managementpro,managementpro_nonoverlap_gap_fill,ready_managementpro_gap_fill,,,,,540.00,540.00,gross_valid_pos_sales_excluding_cancellations,verified_mdb_journal_match,mdb_valid_pos_sales,megamanagepro-20260820T172552Z-1-001.zip::megamanagepro/DbPos.mdb,No notebook record exists for this date; ManagementPro is used as a gap fill. ManagementPro note: ManagementPro-recorded sales only; not confirmed complete store revenue.
2022-08-17,600.00,managementpro,managementpro_nonoverlap_gap_fill,ready_managementpro_gap_fill,,,,,600.00,600.00,gross_valid_pos_sales_excluding_cancellations,verified_mdb_journal_match,mdb_valid_pos_sales,megamanagepro-20260820T172552Z-1-001.zip::megamanagepro/DbPos.mdb,No notebook record exists for this date; ManagementPro is used as a gap fill. ManagementPro note: ManagementPro-recorded sales only; not confirmed complete store revenue.
2022-08-18,352.50,managementpro,managementpro_nonoverlap_gap_fill,ready_managementpro_gap_fill,,,,,352.50,352.50,gross_valid_pos_sales_excluding_cancellations,verified_mdb_journal_match,mdb_valid_pos_sales,megamanagepro-20260820T172552Z-1-001.zip::megamanagepro/DbPos.mdb,No notebook record exists for this date; ManagementPro is used as a gap fill. ManagementPro note: ManagementPro-recorded sales only; not confirmed complete store revenue.
2022-08-19,129.50,managementpro,managementpro_nonoverlap_gap_fill,ready_managementpro_gap_fill,,,,,129.50,129.50,gross_valid_pos_sales_excluding_cancellations,verified_mdb_journal_match,mdb_valid_pos_sales,megamanagepro-20260820T172552Z-1-001.zip::megamanagepro/DbPos.mdb,No notebook record exists for this date; ManagementPro is used as a gap fill. ManagementPro note: ManagementPro-recorded sales only; not confirmed complete store revenue.
2022-08-22,252.00,managementpro,managementpro_nonoverlap_gap_fill,ready_managementpro_gap_fill,,,,,252.00,252.00,gross_valid_pos_sales_excluding_cancellations,verified_mdb_journal_match,mdb_valid_pos_sales,megamanagepro-20260820T172552Z-1-001.zip::megamanagepro/DbPos.mdb,No notebook record exists for this date; ManagementPro is used as a gap fill. ManagementPro note: ManagementPro-recorded sales only; not confirmed complete store revenue.
2022-08-23,837.50,managementpro,managementpro_nonoverlap_gap_fill,ready_managementpro_gap_fill,,,,,837.50,837.50,gross_valid_pos_sales_excluding_cancellations,verified_mdb_journal_match,mdb_valid_pos_sales,megamanagepro-20260820T172552Z-1-001.zip::megamanagepro/DbPos.mdb,No notebook record exists for this date; ManagementPro is used as a gap fill. ManagementPro note: ManagementPro-recorded sales only; not confirmed complete store revenue.
2022-08-24,318.50,managementpro,managementpro_nonoverlap_gap_fill,ready_managementpro_gap_fill,,,,,318.50,318.50,gross_valid_pos_sales_excluding_cancellations,verified_mdb_journal_match,mdb_valid_pos_sales,megamanagepro-20260820T172552Z-1-001.zip::megamanagepro/DbPos.mdb,No notebook record exists for this date; ManagementPro is used as a gap fill. ManagementPro note: ManagementPro-recorded sales only; not confirmed complete store revenue.
2022-08-25,513.00,managementpro,managementpro_nonoverlap_gap_fill,ready_managementpro_gap_fill,,,,,513.00,513.00,gross_valid_pos_sales_excluding_cancellations,verified_mdb_journal_match,mdb_valid_pos_sales,megamanagepro-20260820T172552Z-1-001.zip::megamanagepro/DbPos.mdb,No notebook record exists for this date; ManagementPro is used as a gap fill. ManagementPro note: ManagementPro-recorded sales only; not confirmed complete store revenue.
2022-08-26,666.00,managementpro,managementpro_nonoverlap_gap_fill,ready_managementpro_gap_fill,,,,,666.00,666.00,gross_valid_pos_sales_excluding_cancellations,verified_mdb_journal_match,mdb_valid_pos_sales,megamanagepro-20260820T172552Z-1-001.zip::megamanagepro/DbPos.mdb,No notebook record exists for this date; ManagementPro is used as a gap fill. ManagementPro note: ManagementPro-recorded sales only; not confirmed complete store revenue.
2022-08-27,286.00,managementpro,managementpro_nonoverlap_gap_fill,ready_managementpro_gap_fill,,,,,286.00,286.00,gross_valid_pos_sales_excluding_cancellations,verified_mdb_journal_match,mdb_valid_pos_sales,megamanagepro-20260820T172552Z-1-001.zip::megamanagepro/DbPos.mdb,No notebook record exists for this date; ManagementPro is used as a gap fill. ManagementPro note: ManagementPro-recorded sales only; not confirmed complete store revenue.
2022-08-29,609.00,managementpro,managementpro_nonoverlap_gap_fill,ready_managementpro_gap_fill,,,,,609.00,445.00,gross_valid_pos_sales_excluding_cancellations,review_mdb_journal_difference,mdb_valid_pos_sales,megamanagepro-20260820T172552Z-1-001.zip::megamanagepro/DbPos.mdb,No notebook record exists for this date; ManagementPro is used as a gap fill. ManagementPro note: ManagementPro-recorded sales only; not confirmed complete store revenue. Authoritative MDB differs from journal audit by 164.00 MXN.
2022-08-30,,managementpro,managementpro_nonoverlap_gap_fill,unresolved_managementpro_blank,,,,,,164.00,unresolved_journal_candidate,review_possible_date_shift_duplicate,journal_completed_sales,mpro-pos-20260820T172538Z-1-001.zip::mpro-pos/JOURNAL/00010120220830.jrn,"No notebook record exists for this date; ManagementPro is used as a gap fill. ManagementPro amount is unresolved and intentionally left blank, not zero. ManagementPro note: ManagementPro-recorded sales only; not confirmed complete store revenue. Candidate amount is preserved in journal_sales_mxn but intentionally excluded from amount_mxn pending date/duplicate review. No corresponding valid Venta rows in the canonical MDB; retained from the journal audit."
2022-08-31,178.50,managementpro,managementpro_nonoverlap_gap_fill,ready_managementpro_gap_fill,,,,,178.50,178.50,gross_valid_pos_sales_excluding_cancellations,verified_mdb_journal_match,mdb_valid_pos_sales,megamanagepro-20260820T172552Z-1-001.zip::megamanagepro/DbPos.mdb,No notebook record exists for this date; ManagementPro is used as a gap fill. ManagementPro note: ManagementPro-recorded sales only; not confirmed complete store revenue.
2022-09-01,601.50,managementpro,managementpro_nonoverlap_gap_fill,ready_managementpro_gap_fill,,,,,601.50,601.50,gross_valid_pos_sales_excluding_cancellations,verified_mdb_journal_match,mdb_valid_pos_sales,megamanagepro-20260820T172552Z-1-001.zip::megamanagepro/DbPos.mdb,No notebook record exists for this date; ManagementPro is used as a gap fill. ManagementPro note: ManagementPro-recorded sales only; not confirmed complete store revenue.
2022-09-02,657.50,managementpro,managementpro_nonoverlap_gap_fill,ready_managementpro_gap_fill,,,,,657.50,657.50,gross_valid_pos_sales_excluding_cancellations,verified_mdb_journal_match,mdb_valid_pos_sales,megamanagepro-20260820T172552Z-1-001.zip::megamanagepro/DbPos.mdb,No notebook record exists for this date; ManagementPro is used as a gap fill. ManagementPro note: ManagementPro-recorded sales only; not confirmed complete store revenue.
2022-09-03,96.00,managementpro,managementpro_nonoverlap_gap_fill,ready_managementpro_gap_fill,,,,,96.00,96.00,gross_valid_pos_sales_excluding_cancellations,verified_mdb_journal_match,mdb_valid_pos_sales,megamanagepro-20260820T172552Z-1-001.zip::megamanagepro/DbPos.mdb,No notebook record exists for this date; ManagementPro is used as a gap fill. ManagementPro note: ManagementPro-recorded sales only; not confirmed complete store revenue.
2022-09-05,294.00,managementpro,managementpro_nonoverlap_gap_fill,ready_managementpro_gap_fill,,,,,294.00,294.00,gross_valid_pos_sales_excluding_cancellations,verified_mdb_journal_match,mdb_valid_pos_sales,megamanagepro-20260820T172552Z-1-001.zip::megamanagepro/DbPos.mdb,No notebook record exists for this date; ManagementPro is used as a gap fill. ManagementPro note: ManagementPro-recorded sales only; not confirmed complete store revenue.
2022-09-06,601.00,managementpro,managementpro_nonoverlap_gap_fill,ready_managementpro_gap_fill,,,,,601.00,601.00,gross_valid_pos_sales_excluding_cancellations,verified_mdb_journal_match,mdb_valid_pos_sales,megamanagepro-20260820T172552Z-1-001.zip::megamanagepro/DbPos.mdb,No notebook record exists for this date; ManagementPro is used as a gap fill. ManagementPro note: ManagementPro-recorded sales only; not confirmed complete store revenue.
2022-09-07,133.00,managementpro,managementpro_nonoverlap_gap_fill,ready_managementpro_gap_fill,,,,,133.00,133.00,gross_valid_pos_sales_excluding_cancellations,verified_mdb_journal_match,mdb_valid_pos_sales,megamanagepro-20260820T172552Z-1-001.zip::megamanagepro/DbPos.mdb,No notebook record exists for this date; ManagementPro is used as a gap fill. ManagementPro note: ManagementPro-recorded sales only; not confirmed complete store revenue.
2022-09-08,471.00,managementpro,managementpro_nonoverlap_gap_fill,ready_managementpro_gap_fill,,,,,471.00,471.00,gross_valid_pos_sales_excluding_cancellations,verified_mdb_journal_match,mdb_valid_pos_sales,megamanagepro-20260820T172552Z-1-001.zip::megamanagepro/DbPos.mdb,No notebook record exists for this date; ManagementPro is used as a gap fill. ManagementPro note: ManagementPro-recorded sales only; not confirmed complete store revenue.
2022-09-09,227.50,managementpro,managementpro_nonoverlap_gap_fill,ready_managementpro_gap_fill,,,,,227.50,227.50,gross_valid_pos_sales_excluding_cancellations,verified_mdb_journal_match,mdb_valid_pos_sales,megamanagepro-20260820T172552Z-1-001.zip::megamanagepro/DbPos.mdb,No notebook record exists for this date; ManagementPro is used as a gap fill. ManagementPro note: ManagementPro-recorded sales only; not confirmed complete store revenue.
2022-09-10,177.00,managementpro,managementpro_nonoverlap_gap_fill,ready_managementpro_gap_fill,,,,,177.00,177.00,gross_valid_pos_sales_excluding_cancellations,verified_mdb_journal_match,mdb_valid_pos_sales,megamanagepro-20260820T172552Z-1-001.zip::megamanagepro/DbPos.mdb,No notebook record exists for this date; ManagementPro is used as a gap fill. ManagementPro note: ManagementPro-recorded sales only; not confirmed complete store revenue.
2022-09-12,698.50,managementpro,managementpro_nonoverlap_gap_fill,ready_managementpro_gap_fill,,,,,698.50,698.50,gross_valid_pos_sales_excluding_cancellations,verified_mdb_journal_match,mdb_valid_pos_sales,megamanagepro-20260820T172552Z-1-001.zip::megamanagepro/DbPos.mdb,No notebook record exists for this date; ManagementPro is used as a gap fill. ManagementPro note: ManagementPro-recorded sales only; not confirmed complete store revenue.
2022-09-13,318.00,managementpro,managementpro_nonoverlap_gap_fill,ready_managementpro_gap_fill,,,,,318.00,318.00,gross_valid_pos_sales_excluding_cancellations,verified_mdb_journal_match,mdb_valid_pos_sales,megamanagepro-20260820T172552Z-1-001.zip::megamanagepro/DbPos.mdb,No notebook record exists for this date; ManagementPro is used as a gap fill. ManagementPro note: ManagementPro-recorded sales only; not confirmed complete store revenue.
2022-09-14,193.50,managementpro,managementpro_nonoverlap_gap_fill,ready_managementpro_gap_fill,,,,,193.50,154.50,gross_valid_pos_sales_excluding_cancellations,review_mdb_journal_difference,mdb_valid_pos_sales,megamanagepro-20260820T172552Z-1-001.zip::megamanagepro/DbPos.mdb,No notebook record exists for this date; ManagementPro is used as a gap fill. ManagementPro note: ManagementPro-recorded sales only; not confirmed complete store revenue. Authoritative MDB differs from journal audit by 39.00 MXN.
2022-09-15,33.00,managementpro,managementpro_nonoverlap_gap_fill,ready_managementpro_gap_fill,,,,,33.00,33.00,gross_valid_pos_sales_excluding_cancellations,verified_mdb_journal_match,mdb_valid_pos_sales,megamanagepro-20260820T172552Z-1-001.zip::megamanagepro/DbPos.mdb,No notebook record exists for this date; ManagementPro is used as a gap fill. ManagementPro note: ManagementPro-recorded sales only; not confirmed complete store revenue.
2022-09-17,423.50,managementpro,managementpro_nonoverlap_gap_fill,ready_managementpro_gap_fill,,,,,423.50,423.50,gross_valid_pos_sales_excluding_cancellations,verified_mdb_journal_match,mdb_valid_pos_sales,megamanagepro-20260820T172552Z-1-001.zip::megamanagepro/DbPos.mdb,No notebook record exists for this date; ManagementPro is used as a gap fill. ManagementPro note: ManagementPro-recorded sales only; not confirmed complete store revenue.
2022-09-19,197.00,managementpro,managementpro_nonoverlap_gap_fill,ready_managementpro_gap_fill,,,,,197.00,197.00,gross_valid_pos_sales_excluding_cancellations,verified_mdb_journal_match,mdb_valid_pos_sales,megamanagepro-20260820T172552Z-1-001.zip::megamanagepro/DbPos.mdb,No notebook record exists for this date; ManagementPro is used as a gap fill. ManagementPro note: ManagementPro-recorded sales only; not confirmed complete store revenue.
2022-09-20,319.50,managementpro,managementpro_nonoverlap_gap_fill,ready_managementpro_gap_fill,,,,,319.50,319.50,gross_valid_pos_sales_excluding_cancellations,verified_mdb_journal_match,mdb_valid_pos_sales,megamanagepro-20260820T172552Z-1-001.zip::megamanagepro/DbPos.mdb,No notebook record exists for this date; ManagementPro is used as a gap fill. ManagementPro note: ManagementPro-recorded sales only; not confirmed complete store revenue.
2022-09-21,182.00,managementpro,managementpro_nonoverlap_gap_fill,ready_managementpro_gap_fill,,,,,182.00,182.00,gross_valid_pos_sales_excluding_cancellations,verified_mdb_journal_match,mdb_valid_pos_sales,megamanagepro-20260820T172552Z-1-001.zip::megamanagepro/DbPos.mdb,No notebook record exists for this date; ManagementPro is used as a gap fill. ManagementPro note: ManagementPro-recorded sales only; not confirmed complete store revenue.
2022-09-22,308.50,managementpro,managementpro_nonoverlap_gap_fill,ready_managementpro_gap_fill,,,,,308.50,308.50,gross_valid_pos_sales_excluding_cancellations,verified_mdb_journal_match,mdb_valid_pos_sales,megamanagepro-20260820T172552Z-1-001.zip::megamanagepro/DbPos.mdb,No notebook record exists for this date; ManagementPro is used as a gap fill. ManagementPro note: ManagementPro-recorded sales only; not confirmed complete store revenue.
2022-09-23,481.00,managementpro,managementpro_nonoverlap_gap_fill,ready_managementpro_gap_fill,,,,,481.00,481.00,gross_valid_pos_sales_excluding_cancellations,verified_mdb_journal_match,mdb_valid_pos_sales,megamanagepro-20260820T172552Z-1-001.zip::megamanagepro/DbPos.mdb,No notebook record exists for this date; ManagementPro is used as a gap fill. ManagementPro note: ManagementPro-recorded sales only; not confirmed complete store revenue.
2022-09-24,263.00,managementpro,managementpro_nonoverlap_gap_fill,ready_managementpro_gap_fill,,,,,263.00,263.00,gross_valid_pos_sales_excluding_cancellations,verified_mdb_journal_match,mdb_valid_pos_sales,megamanagepro-20260820T172552Z-1-001.zip::megamanagepro/DbPos.mdb,No notebook record exists for this date; ManagementPro is used as a gap fill. ManagementPro note: ManagementPro-recorded sales only; not confirmed complete store revenue.
2022-09-26,183.00,managementpro,managementpro_nonoverlap_gap_fill,ready_managementpro_gap_fill,,,,,183.00,183.00,gross_valid_pos_sales_excluding_cancellations,verified_mdb_journal_match,mdb_valid_pos_sales,megamanagepro-20260820T172552Z-1-001.zip::megamanagepro/DbPos.mdb,No notebook record exists for this date; ManagementPro is used as a gap fill. ManagementPro note: ManagementPro-recorded sales only; not confirmed complete store revenue.
2022-09-27,234.00,managementpro,managementpro_nonoverlap_gap_fill,ready_managementpro_gap_fill,,,,,234.00,234.00,gross_valid_pos_sales_excluding_cancellations,verified_mdb_journal_match,mdb_valid_pos_sales,megamanagepro-20260820T172552Z-1-001.zip::megamanagepro/DbPos.mdb,No notebook record exists for this date; ManagementPro is used as a gap fill. ManagementPro note: ManagementPro-recorded sales only; not confirmed complete store revenue.
2022-09-28,999.00,managementpro,managementpro_nonoverlap_gap_fill,ready_managementpro_gap_fill,,,,,999.00,999.00,gross_valid_pos_sales_excluding_cancellations,verified_mdb_journal_match,mdb_valid_pos_sales,megamanagepro-20260820T172552Z-1-001.zip::megamanagepro/DbPos.mdb,No notebook record exists for this date; ManagementPro is used as a gap fill. ManagementPro note: ManagementPro-recorded sales only; not confirmed complete store revenue.
2022-09-29,798.00,managementpro,managementpro_nonoverlap_gap_fill,ready_managementpro_gap_fill,,,,,798.00,798.00,gross_valid_pos_sales_excluding_cancellations,verified_mdb_journal_match,mdb_valid_pos_sales,megamanagepro-20260820T172552Z-1-001.zip::megamanagepro/DbPos.mdb,No notebook record exists for this date; ManagementPro is used as a gap fill. ManagementPro note: ManagementPro-recorded sales only; not confirmed complete store revenue.
2022-09-30,249.00,managementpro,managementpro_nonoverlap_gap_fill,ready_managementpro_gap_fill,,,,,249.00,249.00,gross_valid_pos_sales_excluding_cancellations,verified_mdb_journal_match,mdb_valid_pos_sales,megamanagepro-20260820T172552Z-1-001.zip::megamanagepro/DbPos.mdb,No notebook record exists for this date; ManagementPro is used as a gap fill. ManagementPro note: ManagementPro-recorded sales only; not confirmed complete store revenue.
2022-10-01,141.50,managementpro,managementpro_nonoverlap_gap_fill,ready_managementpro_gap_fill,,,,,141.50,141.50,gross_valid_pos_sales_excluding_cancellations,verified_mdb_journal_match,mdb_valid_pos_sales,megamanagepro-20260820T172552Z-1-001.zip::megamanagepro/DbPos.mdb,No notebook record exists for this date; ManagementPro is used as a gap fill. ManagementPro note: ManagementPro-recorded sales only; not confirmed complete store revenue.
2022-10-03,305.50,managementpro,managementpro_nonoverlap_gap_fill,ready_managementpro_gap_fill,,,,,305.50,305.50,gross_valid_pos_sales_excluding_cancellations,verified_mdb_journal_match,mdb_valid_pos_sales,megamanagepro-20260820T172552Z-1-001.zip::megamanagepro/DbPos.mdb,No notebook record exists for this date; ManagementPro is used as a gap fill. ManagementPro note: ManagementPro-recorded sales only; not confirmed complete store revenue.
2022-10-04,455.50,managementpro,managementpro_nonoverlap_gap_fill,ready_managementpro_gap_fill,,,,,455.50,455.50,gross_valid_pos_sales_excluding_cancellations,verified_mdb_journal_match,mdb_valid_pos_sales,megamanagepro-20260820T172552Z-1-001.zip::megamanagepro/DbPos.mdb,No notebook record exists for this date; ManagementPro is used as a gap fill. ManagementPro note: ManagementPro-recorded sales only; not confirmed complete store revenue.
2022-10-05,713.50,managementpro,managementpro_nonoverlap_gap_fill,ready_managementpro_gap_fill,,,,,713.50,713.50,gross_valid_pos_sales_excluding_cancellations,verified_mdb_journal_match,mdb_valid_pos_sales,megamanagepro-20260820T172552Z-1-001.zip::megamanagepro/DbPos.mdb,No notebook record exists for this date; ManagementPro is used as a gap fill. ManagementPro note: ManagementPro-recorded sales only; not confirmed complete store revenue.
2022-10-06,280.50,managementpro,managementpro_nonoverlap_gap_fill,ready_managementpro_gap_fill,,,,,280.50,280.50,gross_valid_pos_sales_excluding_cancellations,verified_mdb_journal_match,mdb_valid_pos_sales,megamanagepro-20260820T172552Z-1-001.zip::megamanagepro/DbPos.mdb,No notebook record exists for this date; ManagementPro is used as a gap fill. ManagementPro note: ManagementPro-recorded sales only; not confirmed complete store revenue.
2022-10-07,375.50,managementpro,managementpro_nonoverlap_gap_fill,ready_managementpro_gap_fill,,,,,375.50,375.50,gross_valid_pos_sales_excluding_cancellations,verified_mdb_journal_match,mdb_valid_pos_sales,megamanagepro-20260820T172552Z-1-001.zip::megamanagepro/DbPos.mdb,No notebook record exists for this date; ManagementPro is used as a gap fill. ManagementPro note: ManagementPro-recorded sales only; not confirmed complete store revenue.
2022-10-08,100.00,managementpro,managementpro_nonoverlap_gap_fill,ready_managementpro_gap_fill,,,,,100.00,100.00,gross_valid_pos_sales_excluding_cancellations,verified_mdb_journal_match,mdb_valid_pos_sales,megamanagepro-20260820T172552Z-1-001.zip::megamanagepro/DbPos.mdb,No notebook record exists for this date; ManagementPro is used as a gap fill. ManagementPro note: ManagementPro-recorded sales only; not confirmed complete store revenue.
2022-10-10,666.50,managementpro,managementpro_nonoverlap_gap_fill,ready_managementpro_gap_fill,,,,,666.50,666.50,gross_valid_pos_sales_excluding_cancellations,verified_mdb_journal_match,mdb_valid_pos_sales,megamanagepro-20260820T172552Z-1-001.zip::megamanagepro/DbPos.mdb,No notebook record exists for this date; ManagementPro is used as a gap fill. ManagementPro note: ManagementPro-recorded sales only; not confirmed complete store revenue.
2022-10-11,218.50,managementpro,managementpro_nonoverlap_gap_fill,ready_managementpro_gap_fill,,,,,218.50,218.50,gross_valid_pos_sales_excluding_cancellations,verified_mdb_journal_match,mdb_valid_pos_sales,megamanagepro-20260820T172552Z-1-001.zip::megamanagepro/DbPos.mdb,No notebook record exists for this date; ManagementPro is used as a gap fill. ManagementPro note: ManagementPro-recorded sales only; not confirmed complete store revenue.
2022-10-13,444.50,managementpro,managementpro_nonoverlap_gap_fill,ready_managementpro_gap_fill,,,,,444.50,444.50,gross_valid_pos_sales_excluding_cancellations,verified_mdb_journal_match,mdb_valid_pos_sales,megamanagepro-20260820T172552Z-1-001.zip::megamanagepro/DbPos.mdb,No notebook record exists for this date; ManagementPro is used as a gap fill. ManagementPro note: ManagementPro-recorded sales only; not confirmed complete store revenue.
2022-10-14,746.50,managementpro,managementpro_nonoverlap_gap_fill,ready_managementpro_gap_fill,,,,,746.50,746.50,gross_valid_pos_sales_excluding_cancellations,verified_mdb_journal_match,mdb_valid_pos_sales,megamanagepro-20260820T172552Z-1-001.zip::megamanagepro/DbPos.mdb,No notebook record exists for this date; ManagementPro is used as a gap fill. ManagementPro note: ManagementPro-recorded sales only; not confirmed complete store revenue.
2022-10-15,175.00,managementpro,managementpro_nonoverlap_gap_fill,ready_managementpro_gap_fill,,,,,175.00,33.00,gross_valid_pos_sales_excluding_cancellations,review_mdb_journal_difference,mdb_valid_pos_sales,megamanagepro-20260820T172552Z-1-001.zip::megamanagepro/DbPos.mdb,No notebook record exists for this date; ManagementPro is used as a gap fill. ManagementPro note: ManagementPro-recorded sales only; not confirmed complete store revenue. Authoritative MDB differs from journal audit by 142.00 MXN.
2022-10-17,,managementpro,managementpro_nonoverlap_gap_fill,unresolved_managementpro_blank,,,,,,142.00,unresolved_journal_candidate,review_possible_date_shift_duplicate,journal_completed_sales,mpro-pos-20260820T172538Z-1-001.zip::mpro-pos/JOURNAL/00010120221017.jrn,"No notebook record exists for this date; ManagementPro is used as a gap fill. ManagementPro amount is unresolved and intentionally left blank, not zero. ManagementPro note: ManagementPro-recorded sales only; not confirmed complete store revenue. Candidate amount is preserved in journal_sales_mxn but intentionally excluded from amount_mxn pending date/duplicate review. No corresponding valid Venta rows in the canonical MDB; retained from the journal audit."
2022-10-18,488.00,managementpro,managementpro_nonoverlap_gap_fill,ready_managementpro_gap_fill,,,,,488.00,488.00,gross_valid_pos_sales_excluding_cancellations,verified_mdb_journal_match,mdb_valid_pos_sales,megamanagepro-20260820T172552Z-1-001.zip::megamanagepro/DbPos.mdb,No notebook record exists for this date; ManagementPro is used as a gap fill. ManagementPro note: ManagementPro-recorded sales only; not confirmed complete store revenue.
2022-10-19,306.50,managementpro,managementpro_nonoverlap_gap_fill,ready_managementpro_gap_fill,,,,,306.50,306.50,gross_valid_pos_sales_excluding_cancellations,verified_mdb_journal_match,mdb_valid_pos_sales,megamanagepro-20260820T172552Z-1-001.zip::megamanagepro/DbPos.mdb,No notebook record exists for this date; ManagementPro is used as a gap fill. ManagementPro note: ManagementPro-recorded sales only; not confirmed complete store revenue.
2022-10-20,456.50,managementpro,managementpro_nonoverlap_gap_fill,ready_managementpro_gap_fill,,,,,456.50,260.00,gross_valid_pos_sales_excluding_cancellations,review_mdb_journal_difference,mdb_valid_pos_sales,megamanagepro-20260820T172552Z-1-001.zip::megamanagepro/DbPos.mdb,No notebook record exists for this date; ManagementPro is used as a gap fill. ManagementPro note: ManagementPro-recorded sales only; not confirmed complete store revenue. Authoritative MDB differs from journal audit by 196.50 MXN.
2022-10-21,,managementpro,managementpro_nonoverlap_gap_fill,unresolved_managementpro_blank,,,,,,196.50,unresolved_journal_candidate,review_possible_date_shift_duplicate,journal_completed_sales,mpro-pos-20260820T172538Z-1-001.zip::mpro-pos/JOURNAL/00010120221021.jrn,"No notebook record exists for this date; ManagementPro is used as a gap fill. ManagementPro amount is unresolved and intentionally left blank, not zero. ManagementPro note: ManagementPro-recorded sales only; not confirmed complete store revenue. Candidate amount is preserved in journal_sales_mxn but intentionally excluded from amount_mxn pending date/duplicate review. No corresponding valid Venta rows in the canonical MDB; retained from the journal audit."
2022-10-22,511.50,managementpro,managementpro_nonoverlap_gap_fill,ready_managementpro_gap_fill,,,,,511.50,511.50,gross_valid_pos_sales_excluding_cancellations,verified_mdb_journal_match,mdb_valid_pos_sales,megamanagepro-20260820T172552Z-1-001.zip::megamanagepro/DbPos.mdb,No notebook record exists for this date; ManagementPro is used as a gap fill. ManagementPro note: ManagementPro-recorded sales only; not confirmed complete store revenue.
2022-10-24,535.00,managementpro,managementpro_nonoverlap_gap_fill,ready_managementpro_gap_fill,,,,,535.00,535.00,gross_valid_pos_sales_excluding_cancellations,verified_mdb_journal_match,mdb_valid_pos_sales,megamanagepro-20260820T172552Z-1-001.zip::megamanagepro/DbPos.mdb,No notebook record exists for this date; ManagementPro is used as a gap fill. ManagementPro note: ManagementPro-recorded sales only; not confirmed complete store revenue.
2022-10-25,449.50,managementpro,managementpro_nonoverlap_gap_fill,ready_managementpro_gap_fill,,,,,449.50,449.50,gross_valid_pos_sales_excluding_cancellations,verified_mdb_journal_match,mdb_valid_pos_sales,megamanagepro-20260820T172552Z-1-001.zip::megamanagepro/DbPos.mdb,No notebook record exists for this date; ManagementPro is used as a gap fill. ManagementPro note: ManagementPro-recorded sales only; not confirmed complete store revenue.
2022-10-26,775.50,managementpro,managementpro_nonoverlap_gap_fill,ready_managementpro_gap_fill,,,,,775.50,775.50,gross_valid_pos_sales_excluding_cancellations,verified_mdb_journal_match,mdb_valid_pos_sales,megamanagepro-20260820T172552Z-1-001.zip::megamanagepro/DbPos.mdb,No notebook record exists for this date; ManagementPro is used as a gap fill. ManagementPro note: ManagementPro-recorded sales only; not confirmed complete store revenue.
2022-10-27,708.50,managementpro,managementpro_nonoverlap_gap_fill,ready_managementpro_gap_fill,,,,,708.50,708.50,gross_valid_pos_sales_excluding_cancellations,verified_mdb_journal_match,mdb_valid_pos_sales,megamanagepro-20260820T172552Z-1-001.zip::megamanagepro/DbPos.mdb,No notebook record exists for this date; ManagementPro is used as a gap fill. ManagementPro note: ManagementPro-recorded sales only; not confirmed complete store revenue.
2022-10-28,559.00,managementpro,managementpro_nonoverlap_gap_fill,ready_managementpro_gap_fill,,,,,559.00,559.00,gross_valid_pos_sales_excluding_cancellations,verified_mdb_journal_match,mdb_valid_pos_sales,megamanagepro-20260820T172552Z-1-001.zip::megamanagepro/DbPos.mdb,No notebook record exists for this date; ManagementPro is used as a gap fill. ManagementPro note: ManagementPro-recorded sales only; not confirmed complete store revenue.
2022-10-29,197.00,managementpro,managementpro_nonoverlap_gap_fill,ready_managementpro_gap_fill,,,,,197.00,197.00,gross_valid_pos_sales_excluding_cancellations,verified_mdb_journal_match,mdb_valid_pos_sales,megamanagepro-20260820T172552Z-1-001.zip::megamanagepro/DbPos.mdb,No notebook record exists for this date; ManagementPro is used as a gap fill. ManagementPro note: ManagementPro-recorded sales only; not confirmed complete store revenue.
2022-10-31,560.00,managementpro,managementpro_nonoverlap_gap_fill,ready_managementpro_gap_fill,,,,,560.00,560.00,gross_valid_pos_sales_excluding_cancellations,verified_mdb_journal_match,mdb_valid_pos_sales,megamanagepro-20260820T172552Z-1-001.zip::megamanagepro/DbPos.mdb,No notebook record exists for this date; ManagementPro is used as a gap fill. ManagementPro note: ManagementPro-recorded sales only; not confirmed complete store revenue.
2022-11-01,52.00,managementpro,managementpro_nonoverlap_gap_fill,ready_managementpro_gap_fill,,,,,52.00,52.00,gross_valid_pos_sales_excluding_cancellations,verified_mdb_journal_match,mdb_valid_pos_sales,megamanagepro-20260820T172552Z-1-001.zip::megamanagepro/DbPos.mdb,No notebook record exists for this date; ManagementPro is used as a gap fill. ManagementPro note: ManagementPro-recorded sales only; not confirmed complete store revenue.
2022-11-03,261.50,managementpro,managementpro_nonoverlap_gap_fill,ready_managementpro_gap_fill,,,,,261.50,261.50,gross_valid_pos_sales_excluding_cancellations,verified_mdb_journal_match,mdb_valid_pos_sales,megamanagepro-20260820T172552Z-1-001.zip::megamanagepro/DbPos.mdb,No notebook record exists for this date; ManagementPro is used as a gap fill. ManagementPro note: ManagementPro-recorded sales only; not confirmed complete store revenue.
2022-11-04,105.00,managementpro,managementpro_nonoverlap_gap_fill,ready_managementpro_gap_fill,,,,,105.00,105.00,gross_valid_pos_sales_excluding_cancellations,verified_mdb_journal_match,mdb_valid_pos_sales,megamanagepro-20260820T172552Z-1-001.zip::megamanagepro/DbPos.mdb,No notebook record exists for this date; ManagementPro is used as a gap fill. ManagementPro note: ManagementPro-recorded sales only; not confirmed complete store revenue.
2022-11-05,70.50,managementpro,managementpro_nonoverlap_gap_fill,ready_managementpro_gap_fill,,,,,70.50,70.50,gross_valid_pos_sales_excluding_cancellations,verified_mdb_journal_match,mdb_valid_pos_sales,megamanagepro-20260820T172552Z-1-001.zip::megamanagepro/DbPos.mdb,No notebook record exists for this date; ManagementPro is used as a gap fill. ManagementPro note: ManagementPro-recorded sales only; not confirmed complete store revenue.
2022-11-07,446.50,managementpro,managementpro_nonoverlap_gap_fill,ready_managementpro_gap_fill,,,,,446.50,446.50,gross_valid_pos_sales_excluding_cancellations,verified_mdb_journal_match,mdb_valid_pos_sales,megamanagepro-20260820T172552Z-1-001.zip::megamanagepro/DbPos.mdb,No notebook record exists for this date; ManagementPro is used as a gap fill. ManagementPro note: ManagementPro-recorded sales only; not confirmed complete store revenue.
2022-11-08,374.50,managementpro,managementpro_nonoverlap_gap_fill,ready_managementpro_gap_fill,,,,,374.50,374.50,gross_valid_pos_sales_excluding_cancellations,verified_mdb_journal_match,mdb_valid_pos_sales,megamanagepro-20260820T172552Z-1-001.zip::megamanagepro/DbPos.mdb,No notebook record exists for this date; ManagementPro is used as a gap fill. ManagementPro note: ManagementPro-recorded sales only; not confirmed complete store revenue.
2022-11-09,285.00,managementpro,managementpro_nonoverlap_gap_fill,ready_managementpro_gap_fill,,,,,285.00,285.00,gross_valid_pos_sales_excluding_cancellations,verified_mdb_journal_match,mdb_valid_pos_sales,megamanagepro-20260820T172552Z-1-001.zip::megamanagepro/DbPos.mdb,No notebook record exists for this date; ManagementPro is used as a gap fill. ManagementPro note: ManagementPro-recorded sales only; not confirmed complete store revenue.
2022-11-10,132.00,managementpro,managementpro_nonoverlap_gap_fill,ready_managementpro_gap_fill,,,,,132.00,132.00,gross_valid_pos_sales_excluding_cancellations,verified_mdb_journal_match,mdb_valid_pos_sales,megamanagepro-20260820T172552Z-1-001.zip::megamanagepro/DbPos.mdb,No notebook record exists for this date; ManagementPro is used as a gap fill. ManagementPro note: ManagementPro-recorded sales only; not confirmed complete store revenue.
2022-11-11,287.00,managementpro,managementpro_nonoverlap_gap_fill,ready_managementpro_gap_fill,,,,,287.00,287.00,gross_valid_pos_sales_excluding_cancellations,verified_mdb_journal_match,mdb_valid_pos_sales,megamanagepro-20260820T172552Z-1-001.zip::megamanagepro/DbPos.mdb,No notebook record exists for this date; ManagementPro is used as a gap fill. ManagementPro note: ManagementPro-recorded sales only; not confirmed complete store revenue.
2022-11-12,81.00,managementpro,managementpro_nonoverlap_gap_fill,ready_managementpro_gap_fill,,,,,81.00,81.00,gross_valid_pos_sales_excluding_cancellations,verified_mdb_journal_match,mdb_valid_pos_sales,megamanagepro-20260820T172552Z-1-001.zip::megamanagepro/DbPos.mdb,No notebook record exists for this date; ManagementPro is used as a gap fill. ManagementPro note: ManagementPro-recorded sales only; not confirmed complete store revenue.
2022-11-14,39.00,managementpro,managementpro_nonoverlap_gap_fill,ready_managementpro_gap_fill,,,,,39.00,39.00,gross_valid_pos_sales_excluding_cancellations,verified_mdb_journal_match,mdb_valid_pos_sales,megamanagepro-20260820T172552Z-1-001.zip::megamanagepro/DbPos.mdb,No notebook record exists for this date; ManagementPro is used as a gap fill. ManagementPro note: ManagementPro-recorded sales only; not confirmed complete store revenue.
2022-11-15,140.50,managementpro,managementpro_nonoverlap_gap_fill,ready_managementpro_gap_fill,,,,,140.50,140.50,gross_valid_pos_sales_excluding_cancellations,verified_mdb_journal_match,mdb_valid_pos_sales,megamanagepro-20260820T172552Z-1-001.zip::megamanagepro/DbPos.mdb,No notebook record exists for this date; ManagementPro is used as a gap fill. ManagementPro note: ManagementPro-recorded sales only; not confirmed complete store revenue.
2022-11-16,253.00,managementpro,managementpro_nonoverlap_gap_fill,ready_managementpro_gap_fill,,,,,253.00,253.00,gross_valid_pos_sales_excluding_cancellations,verified_mdb_journal_match,mdb_valid_pos_sales,megamanagepro-20260820T172552Z-1-001.zip::megamanagepro/DbPos.mdb,No notebook record exists for this date; ManagementPro is used as a gap fill. ManagementPro note: ManagementPro-recorded sales only; not confirmed complete store revenue.
2022-11-17,102.00,managementpro,managementpro_nonoverlap_gap_fill,ready_managementpro_gap_fill,,,,,102.00,102.00,gross_valid_pos_sales_excluding_cancellations,verified_mdb_journal_match,mdb_valid_pos_sales,megamanagepro-20260820T172552Z-1-001.zip::megamanagepro/DbPos.mdb,No notebook record exists for this date; ManagementPro is used as a gap fill. ManagementPro note: ManagementPro-recorded sales only; not confirmed complete store revenue.
2022-11-18,45.00,managementpro,managementpro_nonoverlap_gap_fill,ready_managementpro_gap_fill,,,,,45.00,45.00,gross_valid_pos_sales_excluding_cancellations,verified_mdb_journal_match,mdb_valid_pos_sales,megamanagepro-20260820T172552Z-1-001.zip::megamanagepro/DbPos.mdb,No notebook record exists for this date; ManagementPro is used as a gap fill. ManagementPro note: ManagementPro-recorded sales only; not confirmed complete store revenue.
2022-11-21,225.00,managementpro,managementpro_nonoverlap_gap_fill,ready_managementpro_gap_fill,,,,,225.00,225.00,gross_valid_pos_sales_excluding_cancellations,verified_mdb_journal_match,mdb_valid_pos_sales,megamanagepro-20260820T172552Z-1-001.zip::megamanagepro/DbPos.mdb,No notebook record exists for this date; ManagementPro is used as a gap fill. ManagementPro note: ManagementPro-recorded sales only; not confirmed complete store revenue.
2022-11-22,130.00,managementpro,managementpro_nonoverlap_gap_fill,ready_managementpro_gap_fill,,,,,130.00,130.00,gross_valid_pos_sales_excluding_cancellations,verified_mdb_journal_match,mdb_valid_pos_sales,megamanagepro-20260820T172552Z-1-001.zip::megamanagepro/DbPos.mdb,No notebook record exists for this date; ManagementPro is used as a gap fill. ManagementPro note: ManagementPro-recorded sales only; not confirmed complete store revenue.
2022-11-23,450.50,managementpro,managementpro_nonoverlap_gap_fill,ready_managementpro_gap_fill,,,,,450.50,450.50,gross_valid_pos_sales_excluding_cancellations,verified_mdb_journal_match,mdb_valid_pos_sales,megamanagepro-20260820T172552Z-1-001.zip::megamanagepro/DbPos.mdb,No notebook record exists for this date; ManagementPro is used as a gap fill. ManagementPro note: ManagementPro-recorded sales only; not confirmed complete store revenue.
2022-11-24,242.00,managementpro,managementpro_nonoverlap_gap_fill,ready_managementpro_gap_fill,,,,,242.00,242.00,gross_valid_pos_sales_excluding_cancellations,verified_mdb_journal_match,mdb_valid_pos_sales,megamanagepro-20260820T172552Z-1-001.zip::megamanagepro/DbPos.mdb,No notebook record exists for this date; ManagementPro is used as a gap fill. ManagementPro note: ManagementPro-recorded sales only; not confirmed complete store revenue.
2022-11-25,149.00,managementpro,managementpro_nonoverlap_gap_fill,ready_managementpro_gap_fill,,,,,149.00,149.00,gross_valid_pos_sales_excluding_cancellations,verified_mdb_journal_match,mdb_valid_pos_sales,megamanagepro-20260820T172552Z-1-001.zip::megamanagepro/DbPos.mdb,No notebook record exists for this date; ManagementPro is used as a gap fill. ManagementPro note: ManagementPro-recorded sales only; not confirmed complete store revenue.
2022-11-28,463.00,managementpro,managementpro_nonoverlap_gap_fill,ready_managementpro_gap_fill,,,,,463.00,463.00,gross_valid_pos_sales_excluding_cancellations,verified_mdb_journal_match,mdb_valid_pos_sales,megamanagepro-20260820T172552Z-1-001.zip::megamanagepro/DbPos.mdb,No notebook record exists for this date; ManagementPro is used as a gap fill. ManagementPro note: ManagementPro-recorded sales only; not confirmed complete store revenue.
2022-11-29,177.50,managementpro,managementpro_nonoverlap_gap_fill,ready_managementpro_gap_fill,,,,,177.50,177.50,gross_valid_pos_sales_excluding_cancellations,verified_mdb_journal_match,mdb_valid_pos_sales,megamanagepro-20260820T172552Z-1-001.zip::megamanagepro/DbPos.mdb,No notebook record exists for this date; ManagementPro is used as a gap fill. ManagementPro note: ManagementPro-recorded sales only; not confirmed complete store revenue.
2022-11-30,472.50,managementpro,managementpro_nonoverlap_gap_fill,ready_managementpro_gap_fill,,,,,472.50,472.50,gross_valid_pos_sales_excluding_cancellations,verified_mdb_journal_match,mdb_valid_pos_sales,megamanagepro-20260820T172552Z-1-001.zip::megamanagepro/DbPos.mdb,No notebook record exists for this date; ManagementPro is used as a gap fill. ManagementPro note: ManagementPro-recorded sales only; not confirmed complete store revenue.
2022-12-01,280.00,managementpro,managementpro_nonoverlap_gap_fill,ready_managementpro_gap_fill,,,,,280.00,280.00,gross_valid_pos_sales_excluding_cancellations,verified_mdb_journal_match,mdb_valid_pos_sales,megamanagepro-20260820T172552Z-1-001.zip::megamanagepro/DbPos.mdb,No notebook record exists for this date; ManagementPro is used as a gap fill. ManagementPro note: ManagementPro-recorded sales only; not confirmed complete store revenue.
2022-12-02,487.50,managementpro,managementpro_nonoverlap_gap_fill,ready_managementpro_gap_fill,,,,,487.50,487.50,gross_valid_pos_sales_excluding_cancellations,verified_mdb_journal_match,mdb_valid_pos_sales,megamanagepro-20260820T172552Z-1-001.zip::megamanagepro/DbPos.mdb,No notebook record exists for this date; ManagementPro is used as a gap fill. ManagementPro note: ManagementPro-recorded sales only; not confirmed complete store revenue.
2022-12-03,118.50,managementpro,managementpro_nonoverlap_gap_fill,ready_managementpro_gap_fill,,,,,118.50,118.50,gross_valid_pos_sales_excluding_cancellations,verified_mdb_journal_match,mdb_valid_pos_sales,megamanagepro-20260820T172552Z-1-001.zip::megamanagepro/DbPos.mdb,No notebook record exists for this date; ManagementPro is used as a gap fill. ManagementPro note: ManagementPro-recorded sales only; not confirmed complete store revenue.
2022-12-05,191.00,managementpro,managementpro_nonoverlap_gap_fill,ready_managementpro_gap_fill,,,,,191.00,191.00,gross_valid_pos_sales_excluding_cancellations,verified_mdb_journal_match,mdb_valid_pos_sales,megamanagepro-20260820T172552Z-1-001.zip::megamanagepro/DbPos.mdb,No notebook record exists for this date; ManagementPro is used as a gap fill. ManagementPro note: ManagementPro-recorded sales only; not confirmed complete store revenue.
2022-12-06,278.00,managementpro,managementpro_nonoverlap_gap_fill,ready_managementpro_gap_fill,,,,,278.00,278.00,gross_valid_pos_sales_excluding_cancellations,verified_mdb_journal_match,mdb_valid_pos_sales,megamanagepro-20260820T172552Z-1-001.zip::megamanagepro/DbPos.mdb,No notebook record exists for this date; ManagementPro is used as a gap fill. ManagementPro note: ManagementPro-recorded sales only; not confirmed complete store revenue.
2022-12-07,527.50,managementpro,managementpro_nonoverlap_gap_fill,ready_managementpro_gap_fill,,,,,527.50,527.50,gross_valid_pos_sales_excluding_cancellations,verified_mdb_journal_match,mdb_valid_pos_sales,megamanagepro-20260820T172552Z-1-001.zip::megamanagepro/DbPos.mdb,No notebook record exists for this date; ManagementPro is used as a gap fill. ManagementPro note: ManagementPro-recorded sales only; not confirmed complete store revenue.
2022-12-08,533.00,managementpro,managementpro_nonoverlap_gap_fill,ready_managementpro_gap_fill,,,,,533.00,533.00,gross_valid_pos_sales_excluding_cancellations,verified_mdb_journal_match,mdb_valid_pos_sales,megamanagepro-20260820T172552Z-1-001.zip::megamanagepro/DbPos.mdb,No notebook record exists for this date; ManagementPro is used as a gap fill. ManagementPro note: ManagementPro-recorded sales only; not confirmed complete store revenue.
2022-12-09,407.00,managementpro,managementpro_nonoverlap_gap_fill,ready_managementpro_gap_fill,,,,,407.00,407.00,gross_valid_pos_sales_excluding_cancellations,verified_mdb_journal_match,mdb_valid_pos_sales,megamanagepro-20260820T172552Z-1-001.zip::megamanagepro/DbPos.mdb,No notebook record exists for this date; ManagementPro is used as a gap fill. ManagementPro note: ManagementPro-recorded sales only; not confirmed complete store revenue.
2022-12-10,85.00,managementpro,managementpro_nonoverlap_gap_fill,ready_managementpro_gap_fill,,,,,85.00,85.00,gross_valid_pos_sales_excluding_cancellations,verified_mdb_journal_match,mdb_valid_pos_sales,megamanagepro-20260820T172552Z-1-001.zip::megamanagepro/DbPos.mdb,No notebook record exists for this date; ManagementPro is used as a gap fill. ManagementPro note: ManagementPro-recorded sales only; not confirmed complete store revenue.
2022-12-12,616.50,managementpro,managementpro_nonoverlap_gap_fill,ready_managementpro_gap_fill,,,,,616.50,616.50,gross_valid_pos_sales_excluding_cancellations,verified_mdb_journal_match,mdb_valid_pos_sales,megamanagepro-20260820T172552Z-1-001.zip::megamanagepro/DbPos.mdb,No notebook record exists for this date; ManagementPro is used as a gap fill. ManagementPro note: ManagementPro-recorded sales only; not confirmed complete store revenue.
2022-12-13,529.00,managementpro,managementpro_nonoverlap_gap_fill,ready_managementpro_gap_fill,,,,,529.00,529.00,gross_valid_pos_sales_excluding_cancellations,verified_mdb_journal_match,mdb_valid_pos_sales,megamanagepro-20260820T172552Z-1-001.zip::megamanagepro/DbPos.mdb,No notebook record exists for this date; ManagementPro is used as a gap fill. ManagementPro note: ManagementPro-recorded sales only; not confirmed complete store revenue.
2022-12-14,641.50,managementpro,managementpro_nonoverlap_gap_fill,ready_managementpro_gap_fill,,,,,641.50,641.50,gross_valid_pos_sales_excluding_cancellations,verified_mdb_journal_match,mdb_valid_pos_sales,megamanagepro-20260820T172552Z-1-001.zip::megamanagepro/DbPos.mdb,No notebook record exists for this date; ManagementPro is used as a gap fill. ManagementPro note: ManagementPro-recorded sales only; not confirmed complete store revenue.
2022-12-15,502.00,managementpro,managementpro_nonoverlap_gap_fill,ready_managementpro_gap_fill,,,,,502.00,502.00,gross_valid_pos_sales_excluding_cancellations,verified_mdb_journal_match,mdb_valid_pos_sales,megamanagepro-20260820T172552Z-1-001.zip::megamanagepro/DbPos.mdb,No notebook record exists for this date; ManagementPro is used as a gap fill. ManagementPro note: ManagementPro-recorded sales only; not confirmed complete store revenue.
2022-12-16,371.50,managementpro,managementpro_nonoverlap_gap_fill,ready_managementpro_gap_fill,,,,,371.50,371.50,gross_valid_pos_sales_excluding_cancellations,verified_mdb_journal_match,mdb_valid_pos_sales,megamanagepro-20260820T172552Z-1-001.zip::megamanagepro/DbPos.mdb,No notebook record exists for this date; ManagementPro is used as a gap fill. ManagementPro note: ManagementPro-recorded sales only; not confirmed complete store revenue.
2022-12-17,27.50,managementpro,managementpro_nonoverlap_gap_fill,ready_managementpro_gap_fill,,,,,27.50,27.50,gross_valid_pos_sales_excluding_cancellations,verified_mdb_journal_match,mdb_valid_pos_sales,megamanagepro-20260820T172552Z-1-001.zip::megamanagepro/DbPos.mdb,No notebook record exists for this date; ManagementPro is used as a gap fill. ManagementPro note: ManagementPro-recorded sales only; not confirmed complete store revenue.
2022-12-19,501.00,managementpro,managementpro_nonoverlap_gap_fill,ready_managementpro_gap_fill,,,,,501.00,501.00,gross_valid_pos_sales_excluding_cancellations,verified_mdb_journal_match,mdb_valid_pos_sales,megamanagepro-20260820T172552Z-1-001.zip::megamanagepro/DbPos.mdb,No notebook record exists for this date; ManagementPro is used as a gap fill. ManagementPro note: ManagementPro-recorded sales only; not confirmed complete store revenue.
2022-12-20,178.00,managementpro,managementpro_nonoverlap_gap_fill,ready_managementpro_gap_fill,,,,,178.00,178.00,gross_valid_pos_sales_excluding_cancellations,verified_mdb_journal_match,mdb_valid_pos_sales,megamanagepro-20260820T172552Z-1-001.zip::megamanagepro/DbPos.mdb,No notebook record exists for this date; ManagementPro is used as a gap fill. ManagementPro note: ManagementPro-recorded sales only; not confirmed complete store revenue.
2022-12-21,183.50,managementpro,managementpro_nonoverlap_gap_fill,ready_managementpro_gap_fill,,,,,183.50,183.50,gross_valid_pos_sales_excluding_cancellations,verified_mdb_journal_match,mdb_valid_pos_sales,megamanagepro-20260820T172552Z-1-001.zip::megamanagepro/DbPos.mdb,No notebook record exists for this date; ManagementPro is used as a gap fill. ManagementPro note: ManagementPro-recorded sales only; not confirmed complete store revenue.
2022-12-22,492.50,managementpro,managementpro_nonoverlap_gap_fill,ready_managementpro_gap_fill,,,,,492.50,492.50,gross_valid_pos_sales_excluding_cancellations,verified_mdb_journal_match,mdb_valid_pos_sales,megamanagepro-20260820T172552Z-1-001.zip::megamanagepro/DbPos.mdb,No notebook record exists for this date; ManagementPro is used as a gap fill. ManagementPro note: ManagementPro-recorded sales only; not confirmed complete store revenue.
2022-12-23,358.50,managementpro,managementpro_nonoverlap_gap_fill,ready_managementpro_gap_fill,,,,,358.50,358.50,gross_valid_pos_sales_excluding_cancellations,verified_mdb_journal_match,mdb_valid_pos_sales,megamanagepro-20260820T172552Z-1-001.zip::megamanagepro/DbPos.mdb,No notebook record exists for this date; ManagementPro is used as a gap fill. ManagementPro note: ManagementPro-recorded sales only; not confirmed complete store revenue.
2022-12-26,139.00,managementpro,managementpro_nonoverlap_gap_fill,ready_managementpro_gap_fill,,,,,139.00,139.00,gross_valid_pos_sales_excluding_cancellations,verified_mdb_journal_match,mdb_valid_pos_sales,megamanagepro-20260820T172552Z-1-001.zip::megamanagepro/DbPos.mdb,No notebook record exists for this date; ManagementPro is used as a gap fill. ManagementPro note: ManagementPro-recorded sales only; not confirmed complete store revenue.
2022-12-27,60.50,managementpro,managementpro_nonoverlap_gap_fill,ready_managementpro_gap_fill,,,,,60.50,60.50,gross_valid_pos_sales_excluding_cancellations,verified_mdb_journal_match,mdb_valid_pos_sales,megamanagepro-20260820T172552Z-1-001.zip::megamanagepro/DbPos.mdb,No notebook record exists for this date; ManagementPro is used as a gap fill. ManagementPro note: ManagementPro-recorded sales only; not confirmed complete store revenue.
2022-12-28,222.00,managementpro,managementpro_nonoverlap_gap_fill,ready_managementpro_gap_fill,,,,,222.00,222.00,gross_valid_pos_sales_excluding_cancellations,verified_mdb_journal_match,mdb_valid_pos_sales,megamanagepro-20260820T172552Z-1-001.zip::megamanagepro/DbPos.mdb,No notebook record exists for this date; ManagementPro is used as a gap fill. ManagementPro note: ManagementPro-recorded sales only; not confirmed complete store revenue.
2023-01-02,608.00,notebook,notebook_authoritative,ready_notebook_authoritative,608.00,verified,high,1,383.50,383.50,gross_valid_pos_sales_excluding_cancellations,verified_mdb_journal_match,mdb_valid_pos_sales,megamanagepro-20260820T172552Z-1-001.zip::megamanagepro/DbPos.mdb,Notebook is the authoritative source for this date. ManagementPro amount is retained for audit only; it is excluded from amount_mxn and is not added to the notebook amount.
2023-01-03,431.00,notebook,notebook_authoritative,ready_notebook_authoritative,431.00,verified,high,1,412.00,412.00,gross_valid_pos_sales_excluding_cancellations,verified_mdb_journal_match,mdb_valid_pos_sales,megamanagepro-20260820T172552Z-1-001.zip::megamanagepro/DbPos.mdb,Notebook is the authoritative source for this date. ManagementPro amount is retained for audit only; it is excluded from amount_mxn and is not added to the notebook amount.
2023-01-04,820.00,notebook,notebook_authoritative,ready_notebook_authoritative,820.00,verified,high,1,606.00,606.00,gross_valid_pos_sales_excluding_cancellations,verified_mdb_journal_match,mdb_valid_pos_sales,megamanagepro-20260820T172552Z-1-001.zip::megamanagepro/DbPos.mdb,Notebook is the authoritative source for this date. ManagementPro amount is retained for audit only; it is excluded from amount_mxn and is not added to the notebook amount.
2023-01-05,338.00,notebook,notebook_authoritative,ready_notebook_authoritative,338.00,verified,high,1,258.50,258.50,gross_valid_pos_sales_excluding_cancellations,verified_mdb_journal_match,mdb_valid_pos_sales,megamanagepro-20260820T172552Z-1-001.zip::megamanagepro/DbPos.mdb,Notebook is the authoritative source for this date. ManagementPro amount is retained for audit only; it is excluded from amount_mxn and is not added to the notebook amount.
2023-01-06,200.00,notebook,notebook_authoritative,ready_notebook_authoritative,200.00,verified,high,1,117.50,117.50,gross_valid_pos_sales_excluding_cancellations,verified_mdb_journal_match,mdb_valid_pos_sales,megamanagepro-20260820T172552Z-1-001.zip::megamanagepro/DbPos.mdb,Notebook is the authoritative source for this date. ManagementPro amount is retained for audit only; it is excluded from amount_mxn and is not added to the notebook amount.
2023-01-07,210.00,notebook,notebook_authoritative,ready_notebook_authoritative,210.00,verified,high,1,152.00,152.00,gross_valid_pos_sales_excluding_cancellations,verified_mdb_journal_match,mdb_valid_pos_sales,megamanagepro-20260820T172552Z-1-001.zip::megamanagepro/DbPos.mdb,Notebook is the authoritative source for this date. ManagementPro amount is retained for audit only; it is excluded from amount_mxn and is not added to the notebook amount.
2023-01-09,777.00,notebook,notebook_authoritative,ready_notebook_authoritative,777.00,verified,high,1,479.50,479.50,gross_valid_pos_sales_excluding_cancellations,verified_mdb_journal_match,mdb_valid_pos_sales,megamanagepro-20260820T172552Z-1-001.zip::megamanagepro/DbPos.mdb,Notebook is the authoritative source for this date. ManagementPro amount is retained for audit only; it is excluded from amount_mxn and is not added to the notebook amount.
2023-01-10,1460.00,notebook,notebook_authoritative,ready_notebook_authoritative,1460.00,verified,high,1,738.00,738.00,gross_valid_pos_sales_excluding_cancellations,verified_mdb_journal_match,mdb_valid_pos_sales,megamanagepro-20260820T172552Z-1-001.zip::megamanagepro/DbPos.mdb,Notebook is the authoritative source for this date. ManagementPro amount is retained for audit only; it is excluded from amount_mxn and is not added to the notebook amount.
2023-01-11,560.00,notebook,notebook_authoritative,ready_notebook_authoritative,560.00,verified,high,1,475.50,475.50,gross_valid_pos_sales_excluding_cancellations,verified_mdb_journal_match,mdb_valid_pos_sales,megamanagepro-20260820T172552Z-1-001.zip::megamanagepro/DbPos.mdb,Notebook is the authoritative source for this date. ManagementPro amount is retained for audit only; it is excluded from amount_mxn and is not added to the notebook amount.
2023-01-12,880.00,notebook,notebook_authoritative,ready_notebook_authoritative,880.00,verified,high,1,647.00,647.00,gross_valid_pos_sales_excluding_cancellations,verified_mdb_journal_match,mdb_valid_pos_sales,megamanagepro-20260820T172552Z-1-001.zip::megamanagepro/DbPos.mdb,Notebook is the authoritative source for this date. ManagementPro amount is retained for audit only; it is excluded from amount_mxn and is not added to the notebook amount.
2023-01-13,254.00,notebook,notebook_authoritative,ready_notebook_authoritative,254.00,verified,high,1,218.00,218.00,gross_valid_pos_sales_excluding_cancellations,verified_mdb_journal_match,mdb_valid_pos_sales,megamanagepro-20260820T172552Z-1-001.zip::megamanagepro/DbPos.mdb,Notebook is the authoritative source for this date. ManagementPro amount is retained for audit only; it is excluded from amount_mxn and is not added to the notebook amount.
2023-01-14,,notebook,notebook_authoritative,unresolved_notebook_blank,,missing_amount,high,1,,,,,,,"Notebook is the authoritative source for this date. Notebook amount is unresolved and intentionally left blank, not zero. Notebook note: The date is written but no sales amount is present."
2023-01-16,715.00,notebook,notebook_authoritative,ready_notebook_authoritative,715.00,verified,high,1,433.00,433.00,gross_valid_pos_sales_excluding_cancellations,verified_mdb_journal_match,mdb_valid_pos_sales,megamanagepro-20260820T172552Z-1-001.zip::megamanagepro/DbPos.mdb,Notebook is the authoritative source for this date. ManagementPro amount is retained for audit only; it is excluded from amount_mxn and is not added to the notebook amount.
2023-01-17,802.00,notebook,notebook_authoritative,ready_notebook_authoritative,802.00,verified,high,1,332.50,332.50,gross_valid_pos_sales_excluding_cancellations,verified_mdb_journal_match,mdb_valid_pos_sales,megamanagepro-20260820T172552Z-1-001.zip::megamanagepro/DbPos.mdb,Notebook is the authoritative source for this date. ManagementPro amount is retained for audit only; it is excluded from amount_mxn and is not added to the notebook amount.
2023-01-18,1406.00,notebook,notebook_authoritative,ready_notebook_authoritative,1406.00,verified,high,1,540.00,540.00,gross_valid_pos_sales_excluding_cancellations,verified_mdb_journal_match,mdb_valid_pos_sales,megamanagepro-20260820T172552Z-1-001.zip::megamanagepro/DbPos.mdb,Notebook is the authoritative source for this date. ManagementPro amount is retained for audit only; it is excluded from amount_mxn and is not added to the notebook amount.
2023-01-19,835.00,notebook,notebook_authoritative,ready_notebook_authoritative,835.00,verified,high,1,503.00,503.00,gross_valid_pos_sales_excluding_cancellations,verified_mdb_journal_match,mdb_valid_pos_sales,megamanagepro-20260820T172552Z-1-001.zip::megamanagepro/DbPos.mdb,Notebook is the authoritative source for this date. ManagementPro amount is retained for audit only; it is excluded from amount_mxn and is not added to the notebook amount.
2023-01-20,345.00,notebook,notebook_authoritative,ready_notebook_authoritative,345.00,verified,high,1,288.00,288.00,gross_valid_pos_sales_excluding_cancellations,verified_mdb_journal_match,mdb_valid_pos_sales,megamanagepro-20260820T172552Z-1-001.zip::megamanagepro/DbPos.mdb,Notebook is the authoritative source for this date. ManagementPro amount is retained for audit only; it is excluded from amount_mxn and is not added to the notebook amount.
2023-01-21,389.00,notebook,notebook_authoritative,ready_notebook_authoritative,389.00,verified,high,1,207.00,207.00,gross_valid_pos_sales_excluding_cancellations,verified_mdb_journal_match,mdb_valid_pos_sales,megamanagepro-20260820T172552Z-1-001.zip::megamanagepro/DbPos.mdb,Notebook is the authoritative source for this date. ManagementPro amount is retained for audit only; it is excluded from amount_mxn and is not added to the notebook amount.
2023-01-23,867.00,notebook,notebook_authoritative,ready_notebook_authoritative,867.00,verified,high,1,498.00,498.00,gross_valid_pos_sales_excluding_cancellations,verified_mdb_journal_match,mdb_valid_pos_sales,megamanagepro-20260820T172552Z-1-001.zip::megamanagepro/DbPos.mdb,Notebook is the authoritative source for this date. ManagementPro amount is retained for audit only; it is excluded from amount_mxn and is not added to the notebook amount.
2023-01-24,1034.00,notebook,notebook_authoritative,ready_notebook_authoritative,1034.00,verified,high,1,809.50,809.50,gross_valid_pos_sales_excluding_cancellations,verified_mdb_journal_match,mdb_valid_pos_sales,megamanagepro-20260820T172552Z-1-001.zip::megamanagepro/DbPos.mdb,Notebook is the authoritative source for this date. ManagementPro amount is retained for audit only; it is excluded from amount_mxn and is not added to the notebook amount.
2023-01-25,1124.00,notebook,notebook_authoritative,ready_notebook_authoritative,1124.00,verified,high,1,566.50,566.50,gross_valid_pos_sales_excluding_cancellations,verified_mdb_journal_match,mdb_valid_pos_sales,megamanagepro-20260820T172552Z-1-001.zip::megamanagepro/DbPos.mdb,Notebook is the authoritative source for this date. ManagementPro amount is retained for audit only; it is excluded from amount_mxn and is not added to the notebook amount.
2023-01-26,218.00,notebook,notebook_authoritative,ready_notebook_authoritative,218.00,verified,high,1,179.00,179.00,gross_valid_pos_sales_excluding_cancellations,verified_mdb_journal_match,mdb_valid_pos_sales,megamanagepro-20260820T172552Z-1-001.zip::megamanagepro/DbPos.mdb,Notebook is the authoritative source for this date. ManagementPro amount is retained for audit only; it is excluded from amount_mxn and is not added to the notebook amount.
2023-01-27,355.00,notebook,notebook_authoritative,ready_notebook_authoritative,355.00,verified,high,1,280.50,280.50,gross_valid_pos_sales_excluding_cancellations,verified_mdb_journal_match,mdb_valid_pos_sales,megamanagepro-20260820T172552Z-1-001.zip::megamanagepro/DbPos.mdb,Notebook is the authoritative source for this date. ManagementPro amount is retained for audit only; it is excluded from amount_mxn and is not added to the notebook amount.
2023-01-28,117.00,notebook,notebook_authoritative,ready_notebook_authoritative,117.00,adjudicated,medium,1,101.00,101.00,gross_valid_pos_sales_excluding_cancellations,verified_mdb_journal_match,mdb_valid_pos_sales,megamanagepro-20260820T172552Z-1-001.zip::megamanagepro/DbPos.mdb,Notebook is the authoritative source for this date. ManagementPro amount is retained for audit only; it is excluded from amount_mxn and is not added to the notebook amount. Notebook note: Two independent readings differed; visual review and the section subtotal support 117.
2023-01-30,1220.00,notebook,notebook_authoritative,ready_notebook_authoritative,1220.00,adjudicated,medium,1,554.00,554.00,gross_valid_pos_sales_excluding_cancellations,verified_mdb_journal_match,mdb_valid_pos_sales,megamanagepro-20260820T172552Z-1-001.zip::megamanagepro/DbPos.mdb,Notebook is the authoritative source for this date. ManagementPro amount is retained for audit only; it is excluded from amount_mxn and is not added to the notebook amount. Notebook note: Two independent readings differed; visual review and the section subtotal support 1220.
2023-01-31,1086.00,notebook,notebook_authoritative,ready_notebook_authoritative,1086.00,verified,high,1,616.50,616.50,gross_valid_pos_sales_excluding_cancellations,verified_mdb_journal_match,mdb_valid_pos_sales,megamanagepro-20260820T172552Z-1-001.zip::megamanagepro/DbPos.mdb,Notebook is the authoritative source for this date. ManagementPro amount is retained for audit only; it is excluded from amount_mxn and is not added to the notebook amount.
2023-02-01,680.00,notebook,notebook_authoritative,ready_notebook_authoritative,680.00,verified,high,1,362.50,362.50,gross_valid_pos_sales_excluding_cancellations,verified_mdb_journal_match,mdb_valid_pos_sales,megamanagepro-20260820T172552Z-1-001.zip::megamanagepro/DbPos.mdb,Notebook is the authoritative source for this date. ManagementPro amount is retained for audit only; it is excluded from amount_mxn and is not added to the notebook amount.
2023-02-02,586.00,notebook,notebook_authoritative,ready_notebook_authoritative,586.00,verified,high,1,357.50,357.50,gross_valid_pos_sales_excluding_cancellations,verified_mdb_journal_match,mdb_valid_pos_sales,megamanagepro-20260820T172552Z-1-001.zip::megamanagepro/DbPos.mdb,Notebook is the authoritative source for this date. ManagementPro amount is retained for audit only; it is excluded from amount_mxn and is not added to the notebook amount.
2023-02-03,740.00,notebook,notebook_authoritative,ready_notebook_authoritative,740.00,verified,high,1,372.50,372.50,gross_valid_pos_sales_excluding_cancellations,verified_mdb_journal_match,mdb_valid_pos_sales,megamanagepro-20260820T172552Z-1-001.zip::megamanagepro/DbPos.mdb,Notebook is the authoritative source for this date. ManagementPro amount is retained for audit only; it is excluded from amount_mxn and is not added to the notebook amount.
2023-02-04,400.00,notebook,notebook_authoritative,ready_notebook_authoritative,400.00,verified,high,1,80.00,80.00,gross_valid_pos_sales_excluding_cancellations,verified_mdb_journal_match,mdb_valid_pos_sales,megamanagepro-20260820T172552Z-1-001.zip::megamanagepro/DbPos.mdb,Notebook is the authoritative source for this date. ManagementPro amount is retained for audit only; it is excluded from amount_mxn and is not added to the notebook amount.
2023-02-06,694.00,notebook,notebook_authoritative,ready_notebook_authoritative,694.00,verified,high,1,553.00,553.00,gross_valid_pos_sales_excluding_cancellations,verified_mdb_journal_match,mdb_valid_pos_sales,megamanagepro-20260820T172552Z-1-001.zip::megamanagepro/DbPos.mdb,Notebook is the authoritative source for this date. ManagementPro amount is retained for audit only; it is excluded from amount_mxn and is not added to the notebook amount.
2023-02-07,800.00,notebook,notebook_authoritative,ready_notebook_authoritative,800.00,verified,high,1,397.50,397.50,gross_valid_pos_sales_excluding_cancellations,verified_mdb_journal_match,mdb_valid_pos_sales,megamanagepro-20260820T172552Z-1-001.zip::megamanagepro/DbPos.mdb,Notebook is the authoritative source for this date. ManagementPro amount is retained for audit only; it is excluded from amount_mxn and is not added to the notebook amount.
2023-02-08,800.00,notebook,notebook_authoritative,ready_notebook_authoritative,800.00,verified,high,1,770.50,770.50,gross_valid_pos_sales_excluding_cancellations,verified_mdb_journal_match,mdb_valid_pos_sales,megamanagepro-20260820T172552Z-1-001.zip::megamanagepro/DbPos.mdb,Notebook is the authoritative source for this date. ManagementPro amount is retained for audit only; it is excluded from amount_mxn and is not added to the notebook amount.
2023-02-09,847.00,notebook,notebook_authoritative,ready_notebook_authoritative,847.00,adjudicated,medium,1,618.50,618.50,gross_valid_pos_sales_excluding_cancellations,verified_mdb_journal_match,mdb_valid_pos_sales,megamanagepro-20260820T172552Z-1-001.zip::megamanagepro/DbPos.mdb,Notebook is the authoritative source for this date. ManagementPro amount is retained for audit only; it is excluded from amount_mxn and is not added to the notebook amount. Notebook note: Two independent readings differed; visual review and the section subtotal support 847.
2023-02-10,626.00,notebook,notebook_authoritative,ready_notebook_authoritative,626.00,verified,high,1,533.00,533.00,gross_valid_pos_sales_excluding_cancellations,verified_mdb_journal_match,mdb_valid_pos_sales,megamanagepro-20260820T172552Z-1-001.zip::megamanagepro/DbPos.mdb,Notebook is the authoritative source for this date. ManagementPro amount is retained for audit only; it is excluded from amount_mxn and is not added to the notebook amount.
2023-02-11,229.00,notebook,notebook_authoritative,ready_notebook_authoritative,229.00,verified,high,1,202.00,202.00,gross_valid_pos_sales_excluding_cancellations,verified_mdb_journal_match,mdb_valid_pos_sales,megamanagepro-20260820T172552Z-1-001.zip::megamanagepro/DbPos.mdb,Notebook is the authoritative source for this date. ManagementPro amount is retained for audit only; it is excluded from amount_mxn and is not added to the notebook amount.
2023-02-13,2380.00,notebook,notebook_authoritative,ready_notebook_authoritative,2380.00,verified,high,1,339.50,339.50,gross_valid_pos_sales_excluding_cancellations,verified_mdb_journal_match,mdb_valid_pos_sales,megamanagepro-20260820T172552Z-1-001.zip::megamanagepro/DbPos.mdb,Notebook is the authoritative source for this date. ManagementPro amount is retained for audit only; it is excluded from amount_mxn and is not added to the notebook amount.
2023-02-14,1164.00,notebook,notebook_authoritative,ready_notebook_authoritative,1164.00,verified,high,1,467.00,467.00,gross_valid_pos_sales_excluding_cancellations,verified_mdb_journal_match,mdb_valid_pos_sales,megamanagepro-20260820T172552Z-1-001.zip::megamanagepro/DbPos.mdb,Notebook is the authoritative source for this date. ManagementPro amount is retained for audit only; it is excluded from amount_mxn and is not added to the notebook amount.
2023-02-15,1811.00,notebook,notebook_authoritative,ready_notebook_authoritative,1811.00,verified,high,1,756.00,756.00,gross_valid_pos_sales_excluding_cancellations,verified_mdb_journal_match,mdb_valid_pos_sales,megamanagepro-20260820T172552Z-1-001.zip::megamanagepro/DbPos.mdb,Notebook is the authoritative source for this date. ManagementPro amount is retained for audit only; it is excluded from amount_mxn and is not added to the notebook amount.
2023-02-16,1130.00,notebook,notebook_authoritative,ready_notebook_authoritative,1130.00,adjudicated,medium,2,524.50,524.50,gross_valid_pos_sales_excluding_cancellations,verified_mdb_journal_match,mdb_valid_pos_sales,megamanagepro-20260820T172552Z-1-001.zip::megamanagepro/DbPos.mdb,Notebook is the authoritative source for this date. ManagementPro amount is retained for audit only; it is excluded from amount_mxn and is not added to the notebook amount. Notebook note: Written weekday is overwritten; ISO date follows the visible day numeral and calendar.
2023-02-17,916.00,notebook,notebook_authoritative,ready_notebook_authoritative,916.00,verified,high,2,747.00,747.00,gross_valid_pos_sales_excluding_cancellations,verified_mdb_journal_match,mdb_valid_pos_sales,megamanagepro-20260820T172552Z-1-001.zip::megamanagepro/DbPos.mdb,Notebook is the authoritative source for this date. ManagementPro amount is retained for audit only; it is excluded from amount_mxn and is not added to the notebook amount.
2023-02-18,622.00,notebook,notebook_authoritative,ready_notebook_authoritative,622.00,verified,high,2,478.50,478.50,gross_valid_pos_sales_excluding_cancellations,verified_mdb_journal_match,mdb_valid_pos_sales,megamanagepro-20260820T172552Z-1-001.zip::megamanagepro/DbPos.mdb,Notebook is the authoritative source for this date. ManagementPro amount is retained for audit only; it is excluded from amount_mxn and is not added to the notebook amount.
2023-02-20,909.00,notebook,notebook_authoritative,ready_notebook_authoritative,909.00,verified,high,2,461.00,461.00,gross_valid_pos_sales_excluding_cancellations,verified_mdb_journal_match,mdb_valid_pos_sales,megamanagepro-20260820T172552Z-1-001.zip::megamanagepro/DbPos.mdb,Notebook is the authoritative source for this date. ManagementPro amount is retained for audit only; it is excluded from amount_mxn and is not added to the notebook amount.
2023-02-21,293.00,notebook,notebook_authoritative,ready_notebook_authoritative,293.00,verified,high,2,256.50,256.50,gross_valid_pos_sales_excluding_cancellations,verified_mdb_journal_match,mdb_valid_pos_sales,megamanagepro-20260820T172552Z-1-001.zip::megamanagepro/DbPos.mdb,Notebook is the authoritative source for this date. ManagementPro amount is retained for audit only; it is excluded from amount_mxn and is not added to the notebook amount.
2023-02-22,873.00,notebook,notebook_authoritative,ready_notebook_authoritative,873.00,verified,high,2,424.00,424.00,gross_valid_pos_sales_excluding_cancellations,verified_mdb_journal_match,mdb_valid_pos_sales,megamanagepro-20260820T172552Z-1-001.zip::megamanagepro/DbPos.mdb,Notebook is the authoritative source for this date. ManagementPro amount is retained for audit only; it is excluded from amount_mxn and is not added to the notebook amount.
2023-02-23,497.00,notebook,notebook_authoritative,ready_notebook_authoritative,497.00,verified,high,2,305.50,305.50,gross_valid_pos_sales_excluding_cancellations,verified_mdb_journal_match,mdb_valid_pos_sales,megamanagepro-20260820T172552Z-1-001.zip::megamanagepro/DbPos.mdb,Notebook is the authoritative source for this date. ManagementPro amount is retained for audit only; it is excluded from amount_mxn and is not added to the notebook amount.
2023-02-24,286.00,notebook,notebook_authoritative,ready_notebook_authoritative,286.00,verified,high,2,97.00,97.00,gross_valid_pos_sales_excluding_cancellations,verified_mdb_journal_match,mdb_valid_pos_sales,megamanagepro-20260820T172552Z-1-001.zip::megamanagepro/DbPos.mdb,Notebook is the authoritative source for this date. ManagementPro amount is retained for audit only; it is excluded from amount_mxn and is not added to the notebook amount.
2023-02-25,207.00,notebook,notebook_authoritative,ready_notebook_authoritative,207.00,adjudicated,medium,2,180.00,180.00,gross_valid_pos_sales_excluding_cancellations,verified_mdb_journal_match,mdb_valid_pos_sales,megamanagepro-20260820T172552Z-1-001.zip::megamanagepro/DbPos.mdb,Notebook is the authoritative source for this date. ManagementPro amount is retained for audit only; it is excluded from amount_mxn and is not added to the notebook amount. Notebook note: Notebook says 26 Sab; normalized to Saturday 2023-02-25 from the sequence.
2023-02-27,1182.00,notebook,notebook_authoritative,ready_notebook_authoritative,1182.00,verified,high,2,859.50,859.50,gross_valid_pos_sales_excluding_cancellations,verified_mdb_journal_match,mdb_valid_pos_sales,megamanagepro-20260820T172552Z-1-001.zip::megamanagepro/DbPos.mdb,Notebook is the authoritative source for this date. ManagementPro amount is retained for audit only; it is excluded from amount_mxn and is not added to the notebook amount.
2023-02-28,517.00,notebook,notebook_authoritative,ready_notebook_authoritative,517.00,verified,high,2,453.50,453.50,gross_valid_pos_sales_excluding_cancellations,verified_mdb_journal_match,mdb_valid_pos_sales,megamanagepro-20260820T172552Z-1-001.zip::megamanagepro/DbPos.mdb,Notebook is the authoritative source for this date. ManagementPro amount is retained for audit only; it is excluded from amount_mxn and is not added to the notebook amount.
2023-03-01,951.00,notebook,notebook_authoritative,ready_notebook_authoritative,951.00,verified,high,2,624.00,624.00,gross_valid_pos_sales_excluding_cancellations,verified_mdb_journal_match,mdb_valid_pos_sales,megamanagepro-20260820T172552Z-1-001.zip::megamanagepro/DbPos.mdb,Notebook is the authoritative source for this date. ManagementPro amount is retained for audit only; it is excluded from amount_mxn and is not added to the notebook amount.
2023-03-02,512.00,notebook,notebook_authoritative,ready_notebook_authoritative,512.00,verified,high,2,135.50,135.50,gross_valid_pos_sales_excluding_cancellations,verified_mdb_journal_match,mdb_valid_pos_sales,megamanagepro-20260820T172552Z-1-001.zip::megamanagepro/DbPos.mdb,Notebook is the authoritative source for this date. ManagementPro amount is retained for audit only; it is excluded from amount_mxn and is not added to the notebook amount.
2023-03-03,380.00,notebook,notebook_authoritative,ready_notebook_authoritative,380.00,verified,high,2,202.00,202.00,gross_valid_pos_sales_excluding_cancellations,verified_mdb_journal_match,mdb_valid_pos_sales,megamanagepro-20260820T172552Z-1-001.zip::megamanagepro/DbPos.mdb,Notebook is the authoritative source for this date. ManagementPro amount is retained for audit only; it is excluded from amount_mxn and is not added to the notebook amount.
2023-03-04,300.00,notebook,notebook_authoritative,ready_notebook_authoritative,300.00,verified,high,2,119.50,119.50,gross_valid_pos_sales_excluding_cancellations,verified_mdb_journal_match,mdb_valid_pos_sales,megamanagepro-20260820T172552Z-1-001.zip::megamanagepro/DbPos.mdb,Notebook is the authoritative source for this date. ManagementPro amount is retained for audit only; it is excluded from amount_mxn and is not added to the notebook amount.
2023-03-06,825.00,notebook,notebook_authoritative,ready_notebook_authoritative,825.00,verified,high,2,541.50,541.50,gross_valid_pos_sales_excluding_cancellations,verified_mdb_journal_match,mdb_valid_pos_sales,megamanagepro-20260820T172552Z-1-001.zip::megamanagepro/DbPos.mdb,Notebook is the authoritative source for this date. ManagementPro amount is retained for audit only; it is excluded from amount_mxn and is not added to the notebook amount.
2023-03-07,858.00,notebook,notebook_authoritative,ready_notebook_authoritative,858.00,verified,high,2,518.50,518.50,gross_valid_pos_sales_excluding_cancellations,verified_mdb_journal_match,mdb_valid_pos_sales,megamanagepro-20260820T172552Z-1-001.zip::megamanagepro/DbPos.mdb,Notebook is the authoritative source for this date. ManagementPro amount is retained for audit only; it is excluded from amount_mxn and is not added to the notebook amount.
2023-03-08,766.00,notebook,notebook_authoritative,ready_notebook_authoritative,766.00,adjudicated,high,2,470.00,470.00,gross_valid_pos_sales_excluding_cancellations,verified_mdb_journal_match,mdb_valid_pos_sales,megamanagepro-20260820T172552Z-1-001.zip::megamanagepro/DbPos.mdb,Notebook is the authoritative source for this date. ManagementPro amount is retained for audit only; it is excluded from amount_mxn and is not added to the notebook amount. Notebook note: Both independent reviewers read 766; the previous 866 inference was removed.
2023-03-09,501.00,notebook,notebook_authoritative,ready_notebook_authoritative,501.00,verified,high,2,310.00,310.00,gross_valid_pos_sales_excluding_cancellations,verified_mdb_journal_match,mdb_valid_pos_sales,megamanagepro-20260820T172552Z-1-001.zip::megamanagepro/DbPos.mdb,Notebook is the authoritative source for this date. ManagementPro amount is retained for audit only; it is excluded from amount_mxn and is not added to the notebook amount.
2023-03-10,340.00,notebook,notebook_authoritative,ready_notebook_authoritative,340.00,verified,high,2,36.00,36.00,gross_valid_pos_sales_excluding_cancellations,verified_mdb_journal_match,mdb_valid_pos_sales,megamanagepro-20260820T172552Z-1-001.zip::megamanagepro/DbPos.mdb,Notebook is the authoritative source for this date. ManagementPro amount is retained for audit only; it is excluded from amount_mxn and is not added to the notebook amount.
2023-03-11,519.00,notebook,notebook_authoritative,ready_notebook_authoritative,519.00,verified,high,2,402.50,402.50,gross_valid_pos_sales_excluding_cancellations,verified_mdb_journal_match,mdb_valid_pos_sales,megamanagepro-20260820T172552Z-1-001.zip::megamanagepro/DbPos.mdb,Notebook is the authoritative source for this date. ManagementPro amount is retained for audit only; it is excluded from amount_mxn and is not added to the notebook amount.
2023-03-13,1007.00,notebook,notebook_authoritative,ready_notebook_authoritative,1007.00,verified,high,2,475.00,475.00,gross_valid_pos_sales_excluding_cancellations,verified_mdb_journal_match,mdb_valid_pos_sales,megamanagepro-20260820T172552Z-1-001.zip::megamanagepro/DbPos.mdb,Notebook is the authoritative source for this date. ManagementPro amount is retained for audit only; it is excluded from amount_mxn and is not added to the notebook amount.
2023-03-14,687.00,notebook,notebook_authoritative,ready_notebook_authoritative,687.00,verified,high,2,231.50,231.50,gross_valid_pos_sales_excluding_cancellations,verified_mdb_journal_match,mdb_valid_pos_sales,megamanagepro-20260820T172552Z-1-001.zip::megamanagepro/DbPos.mdb,Notebook is the authoritative source for this date. ManagementPro amount is retained for audit only; it is excluded from amount_mxn and is not added to the notebook amount.
2023-03-15,755.00,notebook,notebook_authoritative,ready_notebook_authoritative,755.00,verified,high,2,369.50,369.50,gross_valid_pos_sales_excluding_cancellations,verified_mdb_journal_match,mdb_valid_pos_sales,megamanagepro-20260820T172552Z-1-001.zip::megamanagepro/DbPos.mdb,Notebook is the authoritative source for this date. ManagementPro amount is retained for audit only; it is excluded from amount_mxn and is not added to the notebook amount.
2023-03-16,605.00,notebook,notebook_authoritative,ready_notebook_authoritative,605.00,verified,high,3,264.50,264.50,gross_valid_pos_sales_excluding_cancellations,verified_mdb_journal_match,mdb_valid_pos_sales,megamanagepro-20260820T172552Z-1-001.zip::megamanagepro/DbPos.mdb,Notebook is the authoritative source for this date. ManagementPro amount is retained for audit only; it is excluded from amount_mxn and is not added to the notebook amount.
2023-03-17,332.00,notebook,notebook_authoritative,ready_notebook_authoritative,332.00,verified,high,3,223.50,223.50,gross_valid_pos_sales_excluding_cancellations,verified_mdb_journal_match,mdb_valid_pos_sales,megamanagepro-20260820T172552Z-1-001.zip::megamanagepro/DbPos.mdb,Notebook is the authoritative source for this date. ManagementPro amount is retained for audit only; it is excluded from amount_mxn and is not added to the notebook amount.
2023-03-18,406.00,notebook,notebook_authoritative,ready_notebook_authoritative,406.00,verified,high,3,416.50,416.50,gross_valid_pos_sales_excluding_cancellations,verified_mdb_journal_match,mdb_valid_pos_sales,megamanagepro-20260820T172552Z-1-001.zip::megamanagepro/DbPos.mdb,Notebook is the authoritative source for this date. ManagementPro amount is retained for audit only; it is excluded from amount_mxn and is not added to the notebook amount.
2023-03-20,820.00,notebook,notebook_authoritative,ready_notebook_authoritative,820.00,verified,high,3,267.00,267.00,gross_valid_pos_sales_excluding_cancellations,verified_mdb_journal_match,mdb_valid_pos_sales,megamanagepro-20260820T172552Z-1-001.zip::megamanagepro/DbPos.mdb,Notebook is the authoritative source for this date. ManagementPro amount is retained for audit only; it is excluded from amount_mxn and is not added to the notebook amount.
2023-03-21,686.00,notebook,notebook_authoritative,ready_notebook_authoritative,686.00,verified,high,3,322.50,322.50,gross_valid_pos_sales_excluding_cancellations,verified_mdb_journal_match,mdb_valid_pos_sales,megamanagepro-20260820T172552Z-1-001.zip::megamanagepro/DbPos.mdb,Notebook is the authoritative source for this date. ManagementPro amount is retained for audit only; it is excluded from amount_mxn and is not added to the notebook amount.
2023-03-22,920.00,notebook,notebook_authoritative,ready_notebook_authoritative,920.00,adjudicated,high,3,593.50,593.50,gross_valid_pos_sales_excluding_cancellations,verified_mdb_journal_match,mdb_valid_pos_sales,megamanagepro-20260820T172552Z-1-001.zip::megamanagepro/DbPos.mdb,Notebook is the authoritative source for this date. ManagementPro amount is retained for audit only; it is excluded from amount_mxn and is not added to the notebook amount. Notebook note: Amount adjudicated as 920.
2023-03-23,780.00,notebook,notebook_authoritative,ready_notebook_authoritative,780.00,verified,high,3,365.00,365.00,gross_valid_pos_sales_excluding_cancellations,verified_mdb_journal_match,mdb_valid_pos_sales,megamanagepro-20260820T172552Z-1-001.zip::megamanagepro/DbPos.mdb,Notebook is the authoritative source for this date. ManagementPro amount is retained for audit only; it is excluded from amount_mxn and is not added to the notebook amount.
2023-03-24,466.00,notebook,notebook_authoritative,ready_notebook_authoritative,466.00,verified,high,3,241.50,241.50,gross_valid_pos_sales_excluding_cancellations,verified_mdb_journal_match,mdb_valid_pos_sales,megamanagepro-20260820T172552Z-1-001.zip::megamanagepro/DbPos.mdb,Notebook is the authoritative source for this date. ManagementPro amount is retained for audit only; it is excluded from amount_mxn and is not added to the notebook amount.
2023-03-25,219.00,notebook,notebook_authoritative,ready_notebook_authoritative,219.00,verified,high,3,67.50,67.50,gross_valid_pos_sales_excluding_cancellations,verified_mdb_journal_match,mdb_valid_pos_sales,megamanagepro-20260820T172552Z-1-001.zip::megamanagepro/DbPos.mdb,Notebook is the authoritative source for this date. ManagementPro amount is retained for audit only; it is excluded from amount_mxn and is not added to the notebook amount.
2023-03-27,1050.00,notebook,notebook_authoritative,ready_notebook_authoritative,1050.00,verified,high,3,705.00,705.00,gross_valid_pos_sales_excluding_cancellations,verified_mdb_journal_match,mdb_valid_pos_sales,megamanagepro-20260820T172552Z-1-001.zip::megamanagepro/DbPos.mdb,Notebook is the authoritative source for this date. ManagementPro amount is retained for audit only; it is excluded from amount_mxn and is not added to the notebook amount.
2023-03-28,601.00,notebook,notebook_authoritative,ready_notebook_authoritative,601.00,verified,high,3,319.00,319.00,gross_valid_pos_sales_excluding_cancellations,verified_mdb_journal_match,mdb_valid_pos_sales,megamanagepro-20260820T172552Z-1-001.zip::megamanagepro/DbPos.mdb,Notebook is the authoritative source for this date. ManagementPro amount is retained for audit only; it is excluded from amount_mxn and is not added to the notebook amount.
2023-03-29,492.00,notebook,notebook_authoritative,ready_notebook_authoritative,492.00,verified,high,3,337.00,337.00,gross_valid_pos_sales_excluding_cancellations,verified_mdb_journal_match,mdb_valid_pos_sales,megamanagepro-20260820T172552Z-1-001.zip::megamanagepro/DbPos.mdb,Notebook is the authoritative source for this date. ManagementPro amount is retained for audit only; it is excluded from amount_mxn and is not added to the notebook amount.
2023-03-30,442.00,notebook,notebook_authoritative,ready_notebook_authoritative,442.00,verified,medium,3,294.50,294.50,gross_valid_pos_sales_excluding_cancellations,verified_mdb_journal_match,mdb_valid_pos_sales,megamanagepro-20260820T172552Z-1-001.zip::megamanagepro/DbPos.mdb,Notebook is the authoritative source for this date. ManagementPro amount is retained for audit only; it is excluded from amount_mxn and is not added to the notebook amount. Notebook note: Weekday hand resembles Jue.
2023-03-31,335.00,notebook,notebook_authoritative,ready_notebook_authoritative,335.00,verified,high,3,98.00,98.00,gross_valid_pos_sales_excluding_cancellations,verified_mdb_journal_match,mdb_valid_pos_sales,megamanagepro-20260820T172552Z-1-001.zip::megamanagepro/DbPos.mdb,Notebook is the authoritative source for this date. ManagementPro amount is retained for audit only; it is excluded from amount_mxn and is not added to the notebook amount.
2023-04-01,500.00,notebook,notebook_authoritative,ready_notebook_authoritative,500.00,verified,high,3,227.50,227.50,gross_valid_pos_sales_excluding_cancellations,verified_mdb_journal_match,mdb_valid_pos_sales,megamanagepro-20260820T172552Z-1-001.zip::megamanagepro/DbPos.mdb,Notebook is the authoritative source for this date. ManagementPro amount is retained for audit only; it is excluded from amount_mxn and is not added to the notebook amount. Notebook note: Month inferred from chronological position.
2023-04-03,288.00,notebook,notebook_authoritative,ready_notebook_authoritative,288.00,verified,high,3,245.50,245.50,gross_valid_pos_sales_excluding_cancellations,verified_mdb_journal_match,mdb_valid_pos_sales,megamanagepro-20260820T172552Z-1-001.zip::megamanagepro/DbPos.mdb,Notebook is the authoritative source for this date. ManagementPro amount is retained for audit only; it is excluded from amount_mxn and is not added to the notebook amount. Notebook note: Month inferred from chronological position.
2023-04-04,1000.00,notebook,notebook_authoritative,ready_notebook_authoritative,1000.00,verified,high,3,449.50,449.50,gross_valid_pos_sales_excluding_cancellations,verified_mdb_journal_match,mdb_valid_pos_sales,megamanagepro-20260820T172552Z-1-001.zip::megamanagepro/DbPos.mdb,Notebook is the authoritative source for this date. ManagementPro amount is retained for audit only; it is excluded from amount_mxn and is not added to the notebook amount. Notebook note: Month inferred from chronological position.
2023-04-05,360.00,notebook,notebook_authoritative,ready_notebook_authoritative,360.00,verified,high,3,117.00,117.00,gross_valid_pos_sales_excluding_cancellations,verified_mdb_journal_match,mdb_valid_pos_sales,megamanagepro-20260820T172552Z-1-001.zip::megamanagepro/DbPos.mdb,Notebook is the authoritative source for this date. ManagementPro amount is retained for audit only; it is excluded from amount_mxn and is not added to the notebook amount. Notebook note: Month inferred from chronological position.
2023-04-06,,notebook,notebook_authoritative,unresolved_notebook_blank,,missing_amount,medium,3,,,,,,,"Notebook is the authoritative source for this date. Notebook amount is unresolved and intentionally left blank, not zero. Notebook note: Bare date numeral only."
2023-04-07,,notebook,notebook_authoritative,unresolved_notebook_blank,,missing_amount,medium,3,,,,,,,"Notebook is the authoritative source for this date. Notebook amount is unresolved and intentionally left blank, not zero. Notebook note: Bare date numeral only."
2023-04-08,,notebook,notebook_authoritative,unresolved_notebook_blank,,missing_amount,medium,3,,,,,,,"Notebook is the authoritative source for this date. Notebook amount is unresolved and intentionally left blank, not zero. Notebook note: Bare date numeral only."
2023-04-10,786.00,notebook,notebook_authoritative,ready_notebook_authoritative,786.00,verified,high,3,,,,,,,Notebook is the authoritative source for this date.
2023-04-11,551.00,notebook,notebook_authoritative,ready_notebook_authoritative,551.00,verified,high,3,,,,,,,Notebook is the authoritative source for this date.
2023-04-12,300.00,notebook,notebook_authoritative,ready_notebook_authoritative,300.00,verified,high,3,,,,,,,Notebook is the authoritative source for this date.
2023-04-13,415.00,notebook,notebook_authoritative,ready_notebook_authoritative,415.00,verified,high,3,,,,,,,Notebook is the authoritative source for this date.
2023-04-14,784.00,notebook,notebook_authoritative,ready_notebook_authoritative,784.00,verified,high,3,,,,,,,Notebook is the authoritative source for this date.
2023-04-15,480.00,notebook,notebook_authoritative,ready_notebook_authoritative,480.00,verified,high,3,,,,,,,Notebook is the authoritative source for this date.
2023-04-17,1284.00,notebook,notebook_authoritative,ready_notebook_authoritative,1284.00,verified,medium,3,,,,,,,Notebook is the authoritative source for this date. Notebook note: Date partly clipped at page edge.
2023-04-18,773.00,notebook,notebook_authoritative,ready_notebook_authoritative,773.00,verified,medium,3,,,,,,,Notebook is the authoritative source for this date. Notebook note: Date partly clipped at page edge.
2023-04-19,666.00,notebook,notebook_authoritative,ready_notebook_authoritative,666.00,verified,medium,3,,,,,,,Notebook is the authoritative source for this date. Notebook note: Date partly clipped at page edge.
2023-04-20,812.00,notebook,notebook_authoritative,ready_notebook_authoritative,812.00,verified,medium,3,,,,,,,Notebook is the authoritative source for this date. Notebook note: Date partly clipped at page edge.
2023-04-21,402.00,notebook,notebook_authoritative,ready_notebook_authoritative,402.00,verified,medium,3,,,,,,,Notebook is the authoritative source for this date. Notebook note: Date partly clipped at page edge.
2023-04-22,121.00,notebook,notebook_authoritative,ready_notebook_authoritative,121.00,verified,medium,3,,,,,,,Notebook is the authoritative source for this date. Notebook note: Date partly clipped at page edge.
2023-04-24,1664.00,notebook,notebook_authoritative,ready_notebook_authoritative,1664.00,verified,high,3,,,,,,,Notebook is the authoritative source for this date.
2023-04-25,1170.00,notebook,notebook_authoritative,ready_notebook_authoritative,1170.00,verified,high,3,,,,,,,Notebook is the authoritative source for this date.
2023-04-26,457.00,notebook,notebook_authoritative,ready_notebook_authoritative,457.00,verified,high,3,,,,,,,Notebook is the authoritative source for this date.
2023-04-27,291.00,notebook,notebook_authoritative,ready_notebook_authoritative,291.00,verified,high,3,,,,,,,Notebook is the authoritative source for this date.
2023-04-28,,notebook,notebook_authoritative,unresolved_notebook_blank,,missing_amount,high,3,,,,,,,"Notebook is the authoritative source for this date. Notebook amount is unresolved and intentionally left blank, not zero. Notebook note: Date numeral and ruled blank line only."
2023-04-29,432.00,notebook,notebook_authoritative,ready_notebook_authoritative,432.00,verified,high,3,,,,,,,Notebook is the authoritative source for this date.
2023-05-01,,notebook,notebook_authoritative,unresolved_notebook_blank,,missing_amount,medium,4,,,,,,,"Notebook is the authoritative source for this date. Notebook amount is unresolved and intentionally left blank, not zero. Notebook note: Date numeral omitted; normalized from heading and weekday sequence."
2023-05-02,482.00,notebook,notebook_authoritative,ready_notebook_authoritative,482.00,verified,medium,4,,,,,,,Notebook is the authoritative source for this date. Notebook note: Date numeral omitted; normalized from sequence.
2023-05-03,1080.00,notebook,notebook_authoritative,ready_notebook_authoritative,1080.00,verified,medium,4,,,,,,,Notebook is the authoritative source for this date. Notebook note: Date numeral omitted; normalized from sequence.
2023-05-04,442.00,notebook,notebook_authoritative,ready_notebook_authoritative,442.00,verified,medium,4,,,,,,,Notebook is the authoritative source for this date. Notebook note: Date numeral omitted; normalized from sequence.
2023-05-05,,notebook,notebook_authoritative,unresolved_notebook_blank,,missing_amount,medium,4,,,,,,,"Notebook is the authoritative source for this date. Notebook amount is unresolved and intentionally left blank, not zero. Notebook note: Date numeral omitted; blank amount line."
2023-05-06,214.00,notebook,notebook_authoritative,ready_notebook_authoritative,214.00,adjudicated,high,4,,,,,,,Notebook is the authoritative source for this date. Notebook note: Amount adjudicated as 214; date normalized from sequence.
2023-05-08,678.00,notebook,notebook_authoritative,ready_notebook_authoritative,678.00,verified,high,4,,,,,,,Notebook is the authoritative source for this date.
2023-05-09,1156.00,notebook,notebook_authoritative,ready_notebook_authoritative,1156.00,verified,high,4,,,,,,,Notebook is the authoritative source for this date.
2023-05-10,340.00,notebook,notebook_authoritative,ready_notebook_authoritative,340.00,verified,high,4,,,,,,,Notebook is the authoritative source for this date.
2023-05-11,820.00,notebook,notebook_authoritative,ready_notebook_authoritative,820.00,verified,high,4,,,,,,,Notebook is the authoritative source for this date.
2023-05-12,309.00,notebook,notebook_authoritative,ready_notebook_authoritative,309.00,verified,high,4,,,,,,,Notebook is the authoritative source for this date.
2023-05-13,377.00,notebook,notebook_authoritative,ready_notebook_authoritative,377.00,verified,high,4,,,,,,,Notebook is the authoritative source for this date.
2023-05-15,1134.00,notebook,notebook_authoritative,ready_notebook_authoritative,1134.00,verified,high,4,,,,,,,Notebook is the authoritative source for this date.
2023-05-16,898.00,notebook,notebook_authoritative,ready_notebook_authoritative,898.00,verified,high,4,,,,,,,Notebook is the authoritative source for this date.
2023-05-17,693.00,notebook,notebook_authoritative,ready_notebook_authoritative,693.00,verified,high,4,,,,,,,Notebook is the authoritative source for this date.
2023-05-18,480.00,notebook,notebook_authoritative,ready_notebook_authoritative,480.00,verified,high,4,,,,,,,Notebook is the authoritative source for this date.
2023-05-19,710.00,notebook,notebook_authoritative,ready_notebook_authoritative,710.00,verified,high,4,,,,,,,Notebook is the authoritative source for this date.
2023-05-20,165.00,notebook,notebook_authoritative,ready_notebook_authoritative,165.00,verified,high,4,,,,,,,Notebook is the authoritative source for this date.
2023-05-21,,notebook,notebook_authoritative,unresolved_notebook_blank,,missing_amount,medium,4,,,,,,,"Notebook is the authoritative source for this date. Notebook amount is unresolved and intentionally left blank, not zero. Notebook note: Crossed date mark with no weekday or amount."
2023-05-22,696.00,notebook,notebook_authoritative,ready_notebook_authoritative,696.00,adjudicated,medium,4,,,,,,,Notebook is the authoritative source for this date. Notebook note: Overwritten source numeral adjudicated as May 22.
2023-05-23,950.00,notebook,notebook_authoritative,ready_notebook_authoritative,950.00,verified,high,4,,,,,,,Notebook is the authoritative source for this date. Notebook note: Weekday conflicts with calendar; preserved literally.
2023-05-24,780.00,notebook,notebook_authoritative,ready_notebook_authoritative,780.00,verified,high,4,,,,,,,Notebook is the authoritative source for this date. Notebook note: Weekday conflicts with calendar; preserved literally.
2023-05-25,802.00,notebook,notebook_authoritative,ready_notebook_authoritative,802.00,verified,high,4,,,,,,,Notebook is the authoritative source for this date. Notebook note: Weekday conflicts with calendar; preserved literally.
2023-05-26,1280.00,notebook,notebook_authoritative,ready_notebook_authoritative,1280.00,verified,high,4,,,,,,,Notebook is the authoritative source for this date. Notebook note: Weekday conflicts with calendar; preserved literally.
2023-05-27,951.00,notebook,notebook_authoritative,ready_notebook_authoritative,951.00,verified,high,4,,,,,,,Notebook is the authoritative source for this date. Notebook note: Weekday conflicts with calendar; preserved literally.
2023-05-28,344.00,notebook,notebook_authoritative,ready_notebook_authoritative,344.00,verified,high,4,,,,,,,Notebook is the authoritative source for this date. Notebook note: Weekday conflicts with calendar; preserved literally.
2023-05-30,590.00,notebook,notebook_authoritative,ready_notebook_authoritative,590.00,verified,high,4,,,,,,,Notebook is the authoritative source for this date.
2023-05-31,512.00,notebook,notebook_authoritative,ready_notebook_authoritative,512.00,verified,high,4,,,,,,,Notebook is the authoritative source for this date.
2023-06-01,772.00,notebook,notebook_authoritative,ready_notebook_authoritative,772.00,verified,high,4,,,,,,,Notebook is the authoritative source for this date.
2023-06-02,567.00,notebook,notebook_authoritative,ready_notebook_authoritative,567.00,verified,high,4,,,,,,,Notebook is the authoritative source for this date.
2023-06-03,648.00,notebook,notebook_authoritative,ready_notebook_authoritative,648.00,verified,high,4,,,,,,,Notebook is the authoritative source for this date.
2023-06-04,890.00,notebook,notebook_authoritative,ready_notebook_authoritative,890.00,verified,high,4,,,,,,,Notebook is the authoritative source for this date. Notebook note: Written weekday conflicts with calendar; numeric date preserved literally.
2023-06-05,711.00,notebook,notebook_authoritative,ready_notebook_authoritative,711.00,verified,high,4,,,,,,,Notebook is the authoritative source for this date. Notebook note: Written weekday conflicts with calendar; numeric date preserved literally.
2023-06-06,711.00,notebook,notebook_authoritative,ready_notebook_authoritative,711.00,verified,high,4,,,,,,,Notebook is the authoritative source for this date. Notebook note: Written weekday conflicts with calendar; numeric date preserved literally.
2023-06-07,1056.00,notebook,notebook_authoritative,ready_notebook_authoritative,1056.00,verified,high,4,,,,,,,Notebook is the authoritative source for this date. Notebook note: Written weekday conflicts with calendar; numeric date preserved literally.
2023-06-08,211.00,notebook,notebook_authoritative,ready_notebook_authoritative,211.00,verified,high,4,,,,,,,Notebook is the authoritative source for this date. Notebook note: Written weekday conflicts with calendar; numeric date preserved literally.
2023-06-09,311.00,notebook,notebook_authoritative,ready_notebook_authoritative,311.00,verified,high,4,,,,,,,Notebook is the authoritative source for this date. Notebook note: Written weekday conflicts with calendar; numeric date preserved literally.
2023-06-11,1460.00,notebook,notebook_authoritative,ready_notebook_authoritative,1460.00,verified,high,4,,,,,,,Notebook is the authoritative source for this date. Notebook note: Written weekday conflicts with calendar; numeric date preserved literally.
2023-06-12,1098.00,notebook,notebook_authoritative,ready_notebook_authoritative,1098.00,verified,high,4,,,,,,,Notebook is the authoritative source for this date. Notebook note: Written weekday conflicts with calendar; numeric date preserved literally.
2023-06-13,790.00,notebook,notebook_authoritative,ready_notebook_authoritative,790.00,verified,high,4,,,,,,,Notebook is the authoritative source for this date. Notebook note: Written weekday conflicts with calendar; crossed duplicate June 14 amount 1056 excluded.
2023-06-15,820.00,notebook,notebook_authoritative,ready_notebook_authoritative,820.00,adjudicated,medium,4,,,,,,,Notebook is the authoritative source for this date. Notebook note: Date retained within headed range; weekday conflicts with calendar.
2023-06-16,324.00,notebook,notebook_authoritative,ready_notebook_authoritative,324.00,verified,high,5,,,,,,,Notebook is the authoritative source for this date.
2023-06-17,360.00,notebook,notebook_authoritative,ready_notebook_authoritative,360.00,verified,high,5,,,,,,,Notebook is the authoritative source for this date.
2023-06-19,671.00,notebook,notebook_authoritative,ready_notebook_authoritative,671.00,adjudicated,high,5,,,,,,,Notebook is the authoritative source for this date. Notebook note: Literal source says 18 Lun; normalized to June 19 by weekday/calendar.
2023-06-20,488.00,notebook,notebook_authoritative,ready_notebook_authoritative,488.00,verified,high,5,,,,,,,Notebook is the authoritative source for this date.
2023-06-21,1607.00,notebook,notebook_authoritative,ready_notebook_authoritative,1607.00,verified,high,5,,,,,,,Notebook is the authoritative source for this date. Notebook note: Leading mark overwritten.
2023-06-22,760.00,notebook,notebook_authoritative,ready_notebook_authoritative,760.00,verified,high,5,,,,,,,Notebook is the authoritative source for this date.
2023-06-23,576.00,notebook,notebook_authoritative,ready_notebook_authoritative,576.00,verified,high,5,,,,,,,Notebook is the authoritative source for this date.
2023-06-24,744.00,notebook,notebook_authoritative,ready_notebook_authoritative,744.00,verified,high,5,,,,,,,Notebook is the authoritative source for this date.
2023-06-26,330.00,notebook,notebook_authoritative,ready_notebook_authoritative,330.00,verified,high,5,,,,,,,Notebook is the authoritative source for this date.
2023-06-27,923.00,notebook,notebook_authoritative,ready_notebook_authoritative,923.00,verified,high,5,,,,,,,Notebook is the authoritative source for this date.
2023-06-28,878.00,notebook,notebook_authoritative,ready_notebook_authoritative,878.00,verified,high,5,,,,,,,Notebook is the authoritative source for this date.
2023-06-29,351.00,notebook,notebook_authoritative,ready_notebook_authoritative,351.00,verified,medium,5,,,,,,,Notebook is the authoritative source for this date. Notebook note: Date numeral omitted; inferred from sequence.
2023-06-30,474.00,notebook,notebook_authoritative,ready_notebook_authoritative,474.00,verified,medium,5,,,,,,,Notebook is the authoritative source for this date. Notebook note: Date numeral omitted; inferred from sequence.
2023-07-03,501.00,notebook,notebook_authoritative,ready_notebook_authoritative,501.00,verified,high,5,,,,,,,Notebook is the authoritative source for this date.
2023-07-04,70.00,notebook,notebook_authoritative,ready_notebook_authoritative,70.00,verified,high,5,,,,,,,Notebook is the authoritative source for this date.
2023-07-05,560.00,notebook,notebook_authoritative,ready_notebook_authoritative,560.00,verified,high,5,,,,,,,Notebook is the authoritative source for this date.
2023-07-06,540.00,notebook,notebook_authoritative,ready_notebook_authoritative,540.00,verified,high,5,,,,,,,Notebook is the authoritative source for this date.
2023-07-07,533.00,notebook,notebook_authoritative,ready_notebook_authoritative,533.00,verified,high,5,,,,,,,Notebook is the authoritative source for this date.
2023-07-08,,notebook,notebook_authoritative,unresolved_notebook_blank,,missing_amount,high,5,,,,,,,"Notebook is the authoritative source for this date. Notebook amount is unresolved and intentionally left blank, not zero. Notebook note: Adjudicated sequence maps literal 06 Saba to July 8; missing_amount takes precedence for blank value."
2023-07-10,,notebook,notebook_authoritative,unresolved_notebook_blank,,missing_amount,high,5,,,,,,,"Notebook is the authoritative source for this date. Notebook amount is unresolved and intentionally left blank, not zero. Notebook note: Shifted source sequence normalized to July 10."
2023-07-11,273.00,notebook,notebook_authoritative,ready_notebook_authoritative,273.00,adjudicated,high,5,,,,,,,Notebook is the authoritative source for this date. Notebook note: Shifted source sequence normalized to July 11.
2023-07-12,317.00,notebook,notebook_authoritative,ready_notebook_authoritative,317.00,adjudicated,high,5,,,,,,,Notebook is the authoritative source for this date. Notebook note: Shifted source sequence normalized to July 12.
2023-07-13,473.00,notebook,notebook_authoritative,ready_notebook_authoritative,473.00,adjudicated,high,5,,,,,,,Notebook is the authoritative source for this date. Notebook note: Shifted source sequence normalized to July 13.
2023-07-14,535.00,notebook,notebook_authoritative,ready_notebook_authoritative,535.00,adjudicated,high,5,,,,,,,Notebook is the authoritative source for this date. Notebook note: Shifted source sequence normalized to July 14.
2023-07-15,,notebook,notebook_authoritative,unresolved_notebook_blank,,missing_amount,high,5,,,,,,,"Notebook is the authoritative source for this date. Notebook amount is unresolved and intentionally left blank, not zero. Notebook note: Shifted source sequence normalized to July 15; missing_amount takes precedence."
2023-07-17,695.00,notebook,notebook_authoritative,ready_notebook_authoritative,695.00,verified,high,5,,,,,,,Notebook is the authoritative source for this date.
2023-07-18,319.00,notebook,notebook_authoritative,ready_notebook_authoritative,319.00,verified,high,5,,,,,,,Notebook is the authoritative source for this date.
2023-07-19,523.00,notebook,notebook_authoritative,ready_notebook_authoritative,523.00,verified,high,5,,,,,,,Notebook is the authoritative source for this date.
2023-07-20,358.00,notebook,notebook_authoritative,ready_notebook_authoritative,358.00,verified,high,5,,,,,,,Notebook is the authoritative source for this date.
2023-07-21,332.00,notebook,notebook_authoritative,ready_notebook_authoritative,332.00,verified,high,5,,,,,,,Notebook is the authoritative source for this date.
2023-07-24,504.00,notebook,notebook_authoritative,ready_notebook_authoritative,504.00,verified,high,5,,,,,,,Notebook is the authoritative source for this date.
2023-07-25,366.00,notebook,notebook_authoritative,ready_notebook_authoritative,366.00,verified,high,5,,,,,,,Notebook is the authoritative source for this date.
2023-07-26,1340.00,notebook,notebook_authoritative,ready_notebook_authoritative,1340.00,verified,high,5,,,,,,,Notebook is the authoritative source for this date.
2023-07-27,452.00,notebook,notebook_authoritative,ready_notebook_authoritative,452.00,verified,high,5,,,,,,,Notebook is the authoritative source for this date.
2023-07-28,442.00,notebook,notebook_authoritative,ready_notebook_authoritative,442.00,verified,high,5,,,,,,,Notebook is the authoritative source for this date.
2023-07-31,173.00,notebook,notebook_authoritative,ready_notebook_authoritative,173.00,verified,high,5,,,,,,,Notebook is the authoritative source for this date.
2023-08-01,367.00,notebook,notebook_authoritative,ready_notebook_authoritative,367.00,verified,high,6,,,,,,,Notebook is the authoritative source for this date.
2023-08-02,610.00,notebook,notebook_authoritative,ready_notebook_authoritative,610.00,adjudicated,high,6,,,,,,,Notebook is the authoritative source for this date. Notebook note: Amount adjudicated as 610.
2023-08-03,720.00,notebook,notebook_authoritative,ready_notebook_authoritative,720.00,verified,high,6,,,,,,,Notebook is the authoritative source for this date.
2023-08-04,109.00,notebook,notebook_authoritative,ready_notebook_authoritative,109.00,verified,medium,6,,,,,,,Notebook is the authoritative source for this date. Notebook note: Final mark after 109 appears decorative/cents notation.
2023-08-07,480.00,notebook,notebook_authoritative,ready_notebook_authoritative,480.00,verified,high,6,,,,,,,Notebook is the authoritative source for this date.
2023-08-08,1112.00,notebook,notebook_authoritative,ready_notebook_authoritative,1112.00,verified,high,6,,,,,,,Notebook is the authoritative source for this date.
2023-08-09,427.00,notebook,notebook_authoritative,ready_notebook_authoritative,427.00,verified,high,6,,,,,,,Notebook is the authoritative source for this date.
2023-08-10,410.00,notebook,notebook_authoritative,ready_notebook_authoritative,410.00,verified,high,6,,,,,,,Notebook is the authoritative source for this date.
2023-08-11,437.00,notebook,notebook_authoritative,ready_notebook_authoritative,437.00,verified,high,6,,,,,,,Notebook is the authoritative source for this date.
2023-08-12,,notebook,notebook_authoritative,unresolved_notebook_blank,,missing_amount,high,6,,,,,,,"Notebook is the authoritative source for this date. Notebook amount is unresolved and intentionally left blank, not zero. Notebook note: No weekday or amount."
2023-08-14,1794.00,notebook,notebook_authoritative,ready_notebook_authoritative,1794.00,verified,medium,6,,,,,,,Notebook is the authoritative source for this date. Notebook note: Weekday omitted.
2023-08-15,,notebook,notebook_authoritative,unresolved_notebook_blank,,missing_amount,high,6,,,,,,,"Notebook is the authoritative source for this date. Notebook amount is unresolved and intentionally left blank, not zero. Notebook note: No weekday or amount."
2023-08-16,530.00,notebook,notebook_authoritative,ready_notebook_authoritative,530.00,verified,high,6,,,,,,,Notebook is the authoritative source for this date.
2023-08-17,78.00,notebook,notebook_authoritative,ready_notebook_authoritative,78.00,adjudicated,low,6,,,,,,,Notebook is the authoritative source for this date. Notebook note: Low-confidence source row adjudicated to amount 78.
2023-08-18,404.00,notebook,notebook_authoritative,ready_notebook_authoritative,404.00,verified,high,6,,,,,,,Notebook is the authoritative source for this date.
2023-08-19,,notebook,notebook_authoritative,unresolved_notebook_blank,,missing_amount,high,6,,,,,,,"Notebook is the authoritative source for this date. Notebook amount is unresolved and intentionally left blank, not zero."
2023-08-21,2800.00,notebook,notebook_authoritative,ready_notebook_authoritative,2800.00,verified,high,6,,,,,,,Notebook is the authoritative source for this date.
2023-08-22,1207.00,notebook,notebook_authoritative,ready_notebook_authoritative,1207.00,verified,high,6,,,,,,,Notebook is the authoritative source for this date.
2023-08-23,880.00,notebook,notebook_authoritative,ready_notebook_authoritative,880.00,verified,high,6,,,,,,,Notebook is the authoritative source for this date.
2023-08-24,1077.00,notebook,notebook_authoritative,ready_notebook_authoritative,1077.00,verified,high,6,,,,,,,Notebook is the authoritative source for this date.
2023-08-25,1490.00,notebook,notebook_authoritative,ready_notebook_authoritative,1490.00,adjudicated,high,6,,,,,,,Notebook is the authoritative source for this date. Notebook note: Amount adjudicated as 1490.
2023-08-26,1988.00,notebook,notebook_authoritative,ready_notebook_authoritative,1988.00,verified,high,6,,,,,,,Notebook is the authoritative source for this date.
2023-08-28,457.00,notebook,notebook_authoritative,ready_notebook_authoritative,457.00,verified,high,6,,,,,,,Notebook is the authoritative source for this date.
2023-08-29,2350.00,notebook,notebook_authoritative,ready_notebook_authoritative,2350.00,verified,high,6,,,,,,,Notebook is the authoritative source for this date.
2023-08-30,1952.00,notebook,notebook_authoritative,ready_notebook_authoritative,1952.00,verified,high,6,,,,,,,Notebook is the authoritative source for this date.
2023-08-31,1430.00,notebook,notebook_authoritative,ready_notebook_authoritative,1430.00,verified,high,6,,,,,,,Notebook is the authoritative source for this date.
2023-09-01,1044.00,notebook,notebook_authoritative,ready_notebook_authoritative,1044.00,adjudicated,high,6,,,,,,,Notebook is the authoritative source for this date. Notebook note: Amount adjudicated as 1044.
2023-09-02,1442.00,notebook,notebook_authoritative,ready_notebook_authoritative,1442.00,adjudicated,high,6,,,,,,,Notebook is the authoritative source for this date. Notebook note: Amount adjudicated as 1442.
2023-09-04,3890.00,notebook,notebook_authoritative,ready_notebook_authoritative,3890.00,verified,high,6,,,,,,,Notebook is the authoritative source for this date.
2023-09-05,1414.00,notebook,notebook_authoritative,ready_notebook_authoritative,1414.00,verified,high,6,,,,,,,Notebook is the authoritative source for this date.
2023-09-06,961.00,notebook,notebook_authoritative,ready_notebook_authoritative,961.00,verified,high,6,,,,,,,Notebook is the authoritative source for this date.
2023-09-07,1234.00,notebook,notebook_authoritative,ready_notebook_authoritative,1234.00,verified,high,6,,,,,,,Notebook is the authoritative source for this date.
2023-09-08,891.00,notebook,notebook_authoritative,ready_notebook_authoritative,891.00,verified,medium,6,,,,,,,Notebook is the authoritative source for this date. Notebook note: Date numeral omitted; inferred from sequence.
2023-09-09,769.00,notebook,notebook_authoritative,ready_notebook_authoritative,769.00,verified,medium,6,,,,,,,Notebook is the authoritative source for this date. Notebook note: Date numeral omitted; inferred from sequence.
2023-09-11,1370.00,notebook,notebook_authoritative,ready_notebook_authoritative,1370.00,verified,medium,6,,,,,,,Notebook is the authoritative source for this date. Notebook note: Date numeral omitted; inferred from sequence.
2023-09-12,1161.00,notebook,notebook_authoritative,ready_notebook_authoritative,1161.00,verified,medium,6,,,,,,,Notebook is the authoritative source for this date. Notebook note: Date numeral omitted; inferred from sequence.
2023-09-13,1424.00,notebook,notebook_authoritative,ready_notebook_authoritative,1424.00,verified,medium,6,,,,,,,Notebook is the authoritative source for this date. Notebook note: Date numeral omitted; inferred from sequence.
2023-09-14,1230.00,notebook,notebook_authoritative,ready_notebook_authoritative,1230.00,verified,medium,6,,,,,,,Notebook is the authoritative source for this date. Notebook note: Date numeral omitted; inferred from sequence.
2023-09-16,627.00,notebook,notebook_authoritative,ready_notebook_authoritative,627.00,verified,medium,6,,,,,,,Notebook is the authoritative source for this date. Notebook note: Weekday omitted.
2023-09-17,878.00,notebook,notebook_authoritative,ready_notebook_authoritative,878.00,verified,high,6,,,,,,,Notebook is the authoritative source for this date. Notebook note: Weekday conflicts with calendar; preserved literally.
2023-09-18,910.00,notebook,notebook_authoritative,ready_notebook_authoritative,910.00,verified,high,6,,,,,,,Notebook is the authoritative source for this date. Notebook note: Weekday conflicts with calendar; preserved literally.
2023-09-19,1260.00,notebook,notebook_authoritative,ready_notebook_authoritative,1260.00,verified,high,6,,,,,,,Notebook is the authoritative source for this date. Notebook note: Weekday conflicts with calendar; preserved literally.
2023-09-20,1140.00,notebook,notebook_authoritative,ready_notebook_authoritative,1140.00,verified,high,6,,,,,,,Notebook is the authoritative source for this date. Notebook note: Weekday conflicts with calendar; preserved literally.
2023-09-21,457.00,notebook,notebook_authoritative,ready_notebook_authoritative,457.00,verified,high,6,,,,,,,Notebook is the authoritative source for this date. Notebook note: Weekday conflicts with calendar; preserved literally.
2023-09-23,367.00,notebook,notebook_authoritative,ready_notebook_authoritative,367.00,adjudicated,high,6,,,,,,,Notebook is the authoritative source for this date. Notebook note: Date and amount adjudicated as literal 23 Sab - 367.
2023-09-24,1120.00,notebook,notebook_authoritative,ready_notebook_authoritative,1120.00,verified,high,6,,,,,,,Notebook is the authoritative source for this date. Notebook note: Weekday conflicts with calendar; preserved literally.
2023-09-25,881.00,notebook,notebook_authoritative,ready_notebook_authoritative,881.00,verified,medium,6,,,,,,,Notebook is the authoritative source for this date. Notebook note: Date numeral omitted; inferred from sequence.
2023-09-26,950.00,notebook,notebook_authoritative,ready_notebook_authoritative,950.00,adjudicated,medium,6,,,,,,,Notebook is the authoritative source for this date. Notebook note: Most-likely value set to 950 after visual review and prior agent evidence; leading digit remains visually ambiguous.
2023-10-02,1140.00,notebook,notebook_authoritative,ready_notebook_authoritative,1140.00,verified,high,7,,,,,,,Notebook is the authoritative source for this date.
2023-10-03,1410.00,notebook,notebook_authoritative,ready_notebook_authoritative,1410.00,verified,high,7,,,,,,,Notebook is the authoritative source for this date.
2023-10-04,920.00,notebook,notebook_authoritative,ready_notebook_authoritative,920.00,adjudicated,high,7,,,,,,,Notebook is the authoritative source for this date. Notebook note: Amount adjudicated as 920.
2023-10-05,910.00,notebook,notebook_authoritative,ready_notebook_authoritative,910.00,verified,high,7,,,,,,,Notebook is the authoritative source for this date.
2023-10-06,1050.00,notebook,notebook_authoritative,ready_notebook_authoritative,1050.00,verified,high,7,,,,,,,Notebook is the authoritative source for this date.
2023-10-07,786.00,notebook,notebook_authoritative,ready_notebook_authoritative,786.00,verified,high,7,,,,,,,Notebook is the authoritative source for this date.
2023-10-09,1100.00,notebook,notebook_authoritative,ready_notebook_authoritative,1100.00,verified,high,7,,,,,,,Notebook is the authoritative source for this date.
2023-10-10,810.00,notebook,notebook_authoritative,ready_notebook_authoritative,810.00,verified,high,7,,,,,,,Notebook is the authoritative source for this date.
2023-10-11,938.00,notebook,notebook_authoritative,ready_notebook_authoritative,938.00,verified,high,7,,,,,,,Notebook is the authoritative source for this date.
2023-10-12,1170.00,notebook,notebook_authoritative,ready_notebook_authoritative,1170.00,adjudicated,high,7,,,,,,,Notebook is the authoritative source for this date. Notebook note: Amount adjudicated as 1170.
2023-10-13,494.00,notebook,notebook_authoritative,ready_notebook_authoritative,494.00,verified,high,7,,,,,,,Notebook is the authoritative source for this date.
2023-10-14,350.00,notebook,notebook_authoritative,ready_notebook_authoritative,350.00,verified,high,7,,,,,,,Notebook is the authoritative source for this date.
2023-10-16,1578.00,notebook,notebook_authoritative,ready_notebook_authoritative,1578.00,verified,medium,7,,,,,,,Notebook is the authoritative source for this date. Notebook note: Last digit overwritten.
2023-10-17,1427.00,notebook,notebook_authoritative,ready_notebook_authoritative,1427.00,verified,high,7,,,,,,,Notebook is the authoritative source for this date.
2023-10-18,1137.00,notebook,notebook_authoritative,ready_notebook_authoritative,1137.00,verified,high,7,,,,,,,Notebook is the authoritative source for this date.
2023-10-19,422.00,notebook,notebook_authoritative,ready_notebook_authoritative,422.00,verified,high,7,,,,,,,Notebook is the authoritative source for this date.
2023-10-20,484.00,notebook,notebook_authoritative,ready_notebook_authoritative,484.00,verified,high,7,,,,,,,Notebook is the authoritative source for this date.
2023-10-21,641.00,notebook,notebook_authoritative,ready_notebook_authoritative,641.00,verified,high,7,,,,,,,Notebook is the authoritative source for this date.
2023-10-23,890.00,notebook,notebook_authoritative,ready_notebook_authoritative,890.00,verified,high,7,,,,,,,Notebook is the authoritative source for this date.
2023-10-24,1163.00,notebook,notebook_authoritative,ready_notebook_authoritative,1163.00,verified,high,7,,,,,,,Notebook is the authoritative source for this date.
2023-10-25,1110.00,notebook,notebook_authoritative,ready_notebook_authoritative,1110.00,verified,high,7,,,,,,,Notebook is the authoritative source for this date.
2023-10-26,1280.00,notebook,notebook_authoritative,ready_notebook_authoritative,1280.00,verified,high,7,,,,,,,Notebook is the authoritative source for this date.
2023-10-27,590.00,notebook,notebook_authoritative,ready_notebook_authoritative,590.00,verified,high,7,,,,,,,Notebook is the authoritative source for this date.
2023-10-28,998.00,notebook,notebook_authoritative,ready_notebook_authoritative,998.00,verified,high,7,,,,,,,Notebook is the authoritative source for this date.
2023-10-30,1936.00,notebook,notebook_authoritative,ready_notebook_authoritative,1936.00,verified,high,7,,,,,,,Notebook is the authoritative source for this date. Notebook note: Weekday omitted.
2023-10-31,1290.00,notebook,notebook_authoritative,ready_notebook_authoritative,1290.00,verified,high,7,,,,,,,Notebook is the authoritative source for this date. Notebook note: Weekday omitted.
2023-11-01,736.00,notebook,notebook_authoritative,ready_notebook_authoritative,736.00,verified,high,7,,,,,,,Notebook is the authoritative source for this date.
2023-11-02,,notebook,notebook_authoritative,unresolved_notebook_blank,,missing_amount,high,7,,,,,,,"Notebook is the authoritative source for this date. Notebook amount is unresolved and intentionally left blank, not zero."
2023-11-03,593.00,notebook,notebook_authoritative,ready_notebook_authoritative,593.00,verified,high,7,,,,,,,Notebook is the authoritative source for this date.
2023-11-04,463.00,notebook,notebook_authoritative,ready_notebook_authoritative,463.00,verified,high,7,,,,,,,Notebook is the authoritative source for this date.
2023-11-06,1160.00,notebook,notebook_authoritative,ready_notebook_authoritative,1160.00,verified,high,7,,,,,,,Notebook is the authoritative source for this date.
2023-11-07,1150.00,notebook,notebook_authoritative,ready_notebook_authoritative,1150.00,verified,high,7,,,,,,,Notebook is the authoritative source for this date.
2023-11-08,1040.00,notebook,notebook_authoritative,ready_notebook_authoritative,1040.00,verified,high,7,,,,,,,Notebook is the authoritative source for this date.
2023-11-09,770.00,notebook,notebook_authoritative,ready_notebook_authoritative,770.00,verified,high,7,,,,,,,Notebook is the authoritative source for this date.
2023-11-10,382.00,notebook,notebook_authoritative,ready_notebook_authoritative,382.00,verified,high,7,,,,,,,Notebook is the authoritative source for this date.
2023-11-11,459.00,notebook,notebook_authoritative,ready_notebook_authoritative,459.00,verified,high,7,,,,,,,Notebook is the authoritative source for this date.
2023-11-13,1190.00,notebook,notebook_authoritative,ready_notebook_authoritative,1190.00,verified,high,7,,,,,,,Notebook is the authoritative source for this date.
2023-11-14,863.00,notebook,notebook_authoritative,ready_notebook_authoritative,863.00,verified,high,7,,,,,,,Notebook is the authoritative source for this date.
2023-11-15,587.00,notebook,notebook_authoritative,ready_notebook_authoritative,587.00,verified,high,7,,,,,,,Notebook is the authoritative source for this date.
2023-11-16,376.00,notebook,notebook_authoritative,ready_notebook_authoritative,376.00,verified,high,7,,,,,,,Notebook is the authoritative source for this date.
2023-11-17,457.00,notebook,notebook_authoritative,ready_notebook_authoritative,457.00,verified,high,7,,,,,,,Notebook is the authoritative source for this date.
2023-11-18,,notebook,notebook_authoritative,unresolved_notebook_blank,,missing_amount,high,7,,,,,,,"Notebook is the authoritative source for this date. Notebook amount is unresolved and intentionally left blank, not zero."
2023-11-19,700.00,notebook,notebook_authoritative,ready_notebook_authoritative,700.00,verified,high,7,,,,,,,Notebook is the authoritative source for this date. Notebook note: Weekday conflicts with calendar; preserved literally.
2023-11-20,1138.00,notebook,notebook_authoritative,ready_notebook_authoritative,1138.00,verified,high,7,,,,,,,Notebook is the authoritative source for this date. Notebook note: Weekday conflicts with calendar; preserved literally.
2023-11-21,880.00,notebook,notebook_authoritative,ready_notebook_authoritative,880.00,verified,high,7,,,,,,,Notebook is the authoritative source for this date. Notebook note: Weekday conflicts with calendar; preserved literally.
2023-11-23,475.00,notebook,notebook_authoritative,ready_notebook_authoritative,475.00,verified,high,7,,,,,,,Notebook is the authoritative source for this date.
2023-11-24,404.00,notebook,notebook_authoritative,ready_notebook_authoritative,404.00,verified,high,7,,,,,,,Notebook is the authoritative source for this date.
2023-11-25,781.00,notebook,notebook_authoritative,ready_notebook_authoritative,781.00,verified,high,7,,,,,,,Notebook is the authoritative source for this date.
2023-11-27,1014.00,notebook,notebook_authoritative,ready_notebook_authoritative,1014.00,verified,high,7,,,,,,,Notebook is the authoritative source for this date.
2023-11-28,1320.00,notebook,notebook_authoritative,ready_notebook_authoritative,1320.00,verified,high,7,,,,,,,Notebook is the authoritative source for this date.
2023-11-29,670.00,notebook,notebook_authoritative,ready_notebook_authoritative,670.00,verified,high,7,,,,,,,Notebook is the authoritative source for this date.
2023-11-30,1950.00,notebook,notebook_authoritative,ready_notebook_authoritative,1950.00,verified,high,7,,,,,,,Notebook is the authoritative source for this date. Notebook note: Weekday omitted.
2023-12-01,720.00,notebook,notebook_authoritative,ready_notebook_authoritative,720.00,verified,high,8,,,,,,,Notebook is the authoritative source for this date.
2023-12-02,683.00,notebook,notebook_authoritative,ready_notebook_authoritative,683.00,verified,high,8,,,,,,,Notebook is the authoritative source for this date.
2023-12-04,1536.00,notebook,notebook_authoritative,ready_notebook_authoritative,1536.00,verified,high,8,,,,,,,Notebook is the authoritative source for this date.
2023-12-05,1427.00,notebook,notebook_authoritative,ready_notebook_authoritative,1427.00,verified,high,8,,,,,,,Notebook is the authoritative source for this date.
2023-12-06,829.00,notebook,notebook_authoritative,ready_notebook_authoritative,829.00,verified,high,8,,,,,,,Notebook is the authoritative source for this date.
2023-12-07,,notebook,notebook_authoritative,unresolved_notebook_blank,,missing_amount,high,8,,,,,,,"Notebook is the authoritative source for this date. Notebook amount is unresolved and intentionally left blank, not zero."
2023-12-08,751.00,notebook,notebook_authoritative,ready_notebook_authoritative,751.00,verified,high,8,,,,,,,Notebook is the authoritative source for this date.
2023-12-09,822.00,notebook,notebook_authoritative,ready_notebook_authoritative,822.00,verified,high,8,,,,,,,Notebook is the authoritative source for this date.
2023-12-11,923.00,notebook,notebook_authoritative,ready_notebook_authoritative,923.00,verified,high,8,,,,,,,Notebook is the authoritative source for this date.
2023-12-12,1895.00,notebook,notebook_authoritative,ready_notebook_authoritative,1895.00,verified,high,8,,,,,,,Notebook is the authoritative source for this date.
2023-12-13,840.00,notebook,notebook_authoritative,ready_notebook_authoritative,840.00,verified,high,8,,,,,,,Notebook is the authoritative source for this date.
2023-12-14,941.00,notebook,notebook_authoritative,ready_notebook_authoritative,941.00,verified,high,8,,,,,,,Notebook is the authoritative source for this date.
2023-12-15,653.00,notebook,notebook_authoritative,ready_notebook_authoritative,653.00,verified,medium,8,,,,,,,Notebook is the authoritative source for this date. Notebook note: Date numeral omitted; inferred from sequence.
2023-12-16,280.00,notebook,notebook_authoritative,ready_notebook_authoritative,280.00,verified,medium,8,,,,,,,Notebook is the authoritative source for this date. Notebook note: Date overwritten.
2023-12-18,830.00,notebook,notebook_authoritative,ready_notebook_authoritative,830.00,verified,high,8,,,,,,,Notebook is the authoritative source for this date.
2023-12-19,545.00,notebook,notebook_authoritative,ready_notebook_authoritative,545.00,verified,high,8,,,,,,,Notebook is the authoritative source for this date.
2023-12-20,727.00,notebook,notebook_authoritative,ready_notebook_authoritative,727.00,verified,high,8,,,,,,,Notebook is the authoritative source for this date.
2023-12-21,675.00,notebook,notebook_authoritative,ready_notebook_authoritative,675.00,adjudicated,low,8,,,,,,,Notebook is the authoritative source for this date. Notebook note: Overwritten date normalized to December 21 by sequence.
2023-12-27,373.00,notebook,notebook_authoritative,ready_notebook_authoritative,373.00,verified,high,8,,,,,,,Notebook is the authoritative source for this date.
2023-12-28,320.00,notebook,notebook_authoritative,ready_notebook_authoritative,320.00,verified,high,8,,,,,,,Notebook is the authoritative source for this date. Notebook note: Weekday omitted.
2023-12-29,175.00,notebook,notebook_authoritative,ready_notebook_authoritative,175.00,verified,high,8,,,,,,,Notebook is the authoritative source for this date. Notebook note: Weekday omitted.
2023-12-30,107.00,notebook,notebook_authoritative,ready_notebook_authoritative,107.00,verified,high,8,,,,,,,Notebook is the authoritative source for this date. Notebook note: Weekday omitted.
2024-01-02,571.00,notebook,notebook_authoritative,ready_notebook_authoritative,571.00,verified,high,9,,,,,,,Notebook is the authoritative source for this date.
2024-01-03,602.00,notebook,notebook_authoritative,ready_notebook_authoritative,602.00,verified,high,9,,,,,,,Notebook is the authoritative source for this date.
2024-01-04,342.00,notebook,notebook_authoritative,ready_notebook_authoritative,342.00,verified,high,9,,,,,,,Notebook is the authoritative source for this date.
2024-01-05,481.00,notebook,notebook_authoritative,ready_notebook_authoritative,481.00,verified,high,9,,,,,,,Notebook is the authoritative source for this date.
2024-01-06,210.00,notebook,notebook_authoritative,ready_notebook_authoritative,210.00,verified,high,9,,,,,,,Notebook is the authoritative source for this date.
2024-01-08,1309.00,notebook,notebook_authoritative,ready_notebook_authoritative,1309.00,adjudicated,medium,9,,,,,,,Notebook is the authoritative source for this date. Notebook note: Overwritten amount adjudicated to 1309 because it exactly reconciles the clear 8367 section total; direct glyph can resemble 1087.
2024-01-09,898.00,notebook,notebook_authoritative,ready_notebook_authoritative,898.00,verified,high,9,,,,,,,Notebook is the authoritative source for this date.
2024-01-10,1245.00,notebook,notebook_authoritative,ready_notebook_authoritative,1245.00,verified,high,9,,,,,,,Notebook is the authoritative source for this date.
2024-01-11,757.00,notebook,notebook_authoritative,ready_notebook_authoritative,757.00,verified,high,9,,,,,,,Notebook is the authoritative source for this date.
2024-01-12,483.00,notebook,notebook_authoritative,ready_notebook_authoritative,483.00,verified,high,9,,,,,,,Notebook is the authoritative source for this date.
2024-01-13,234.00,notebook,notebook_authoritative,ready_notebook_authoritative,234.00,verified,high,9,,,,,,,Notebook is the authoritative source for this date.
2024-01-15,1235.00,notebook,notebook_authoritative,ready_notebook_authoritative,1235.00,verified,high,9,,,,,,,Notebook is the authoritative source for this date.
2024-01-16,841.00,notebook,notebook_authoritative,ready_notebook_authoritative,841.00,verified,high,9,,,,,,,Notebook is the authoritative source for this date.
2024-01-17,800.00,notebook,notebook_authoritative,ready_notebook_authoritative,800.00,verified,high,9,,,,,,,Notebook is the authoritative source for this date.
2024-01-18,1361.00,notebook,notebook_authoritative,ready_notebook_authoritative,1361.00,verified,high,9,,,,,,,Notebook is the authoritative source for this date.
2024-01-19,522.00,notebook,notebook_authoritative,ready_notebook_authoritative,522.00,verified,high,9,,,,,,,Notebook is the authoritative source for this date.
2024-01-20,653.00,notebook,notebook_authoritative,ready_notebook_authoritative,653.00,verified,high,9,,,,,,,Notebook is the authoritative source for this date. Notebook note: Daily base amount retained. Attached +130 reconciles the written 13216 total; +718 remains an unclassified side annotation.
2024-01-22,1357.00,notebook,notebook_authoritative,ready_notebook_authoritative,1357.00,verified,high,9,,,,,,,Notebook is the authoritative source for this date.
2024-01-23,951.00,notebook,notebook_authoritative,ready_notebook_authoritative,951.00,verified,high,9,,,,,,,Notebook is the authoritative source for this date.
2024-01-24,1070.00,notebook,notebook_authoritative,ready_notebook_authoritative,1070.00,verified,high,9,,,,,,,Notebook is the authoritative source for this date.
2024-01-25,789.00,notebook,notebook_authoritative,ready_notebook_authoritative,789.00,verified,high,9,,,,,,,Notebook is the authoritative source for this date.
2024-01-26,926.00,notebook,notebook_authoritative,ready_notebook_authoritative,926.00,verified,medium,9,,,,,,,Notebook is the authoritative source for this date. Notebook note: Leading digit is overwritten but reads most likely as 9.
2024-01-29,1537.00,notebook,notebook_authoritative,ready_notebook_authoritative,1537.00,verified,high,9,,,,,,,Notebook is the authoritative source for this date.
2024-01-30,973.00,notebook,notebook_authoritative,ready_notebook_authoritative,973.00,verified,high,9,,,,,,,Notebook is the authoritative source for this date.
2024-01-31,1306.00,notebook,notebook_authoritative,ready_notebook_authoritative,1306.00,verified,high,9,,,,,,,Notebook is the authoritative source for this date.
2024-02-01,1549.00,notebook,notebook_authoritative,ready_notebook_authoritative,1549.00,verified,high,9,,,,,,,Notebook is the authoritative source for this date.
2024-02-02,648.00,notebook,notebook_authoritative,ready_notebook_authoritative,648.00,verified,high,9,,,,,,,Notebook is the authoritative source for this date.
2024-02-03,320.00,notebook,notebook_authoritative,ready_notebook_authoritative,320.00,verified,high,9,,,,,,,Notebook is the authoritative source for this date.
2024-02-05,1282.00,notebook,notebook_authoritative,ready_notebook_authoritative,1282.00,verified,high,9,,,,,,,Notebook is the authoritative source for this date.
2024-02-06,,notebook,notebook_authoritative,unresolved_notebook_blank,,missing_amount,high,9,,,,,,,"Notebook is the authoritative source for this date. Notebook amount is unresolved and intentionally left blank, not zero. Notebook note: Date numeral omitted; inferred from weekday sequence. No amount is written."
2024-02-07,1282.00,notebook,notebook_authoritative,ready_notebook_authoritative,1282.00,verified,high,9,,,,,,,Notebook is the authoritative source for this date.
2024-02-08,1438.00,notebook,notebook_authoritative,ready_notebook_authoritative,1438.00,verified,high,9,,,,,,,Notebook is the authoritative source for this date.
2024-02-09,780.00,notebook,notebook_authoritative,ready_notebook_authoritative,780.00,verified,high,9,,,,,,,Notebook is the authoritative source for this date.
2024-02-10,866.00,notebook,notebook_authoritative,ready_notebook_authoritative,866.00,verified,high,9,,,,,,,Notebook is the authoritative source for this date.
2024-02-12,1233.00,notebook,notebook_authoritative,ready_notebook_authoritative,1233.00,verified,high,9,,,,,,,Notebook is the authoritative source for this date.
2024-02-13,1529.00,notebook,notebook_authoritative,ready_notebook_authoritative,1529.00,verified,high,9,,,,,,,Notebook is the authoritative source for this date.
2024-02-14,1286.00,notebook,notebook_authoritative,ready_notebook_authoritative,1286.00,verified,high,9,,,,,,,Notebook is the authoritative source for this date.
2024-02-15,1065.00,notebook,notebook_authoritative,ready_notebook_authoritative,1065.00,verified,high,9,,,,,,,Notebook is the authoritative source for this date.
2024-02-16,592.00,notebook,notebook_authoritative,ready_notebook_authoritative,592.00,verified,high,9,,,,,,,Notebook is the authoritative source for this date.
2024-02-17,300.00,notebook,notebook_authoritative,ready_notebook_authoritative,300.00,verified,high,9,,,,,,,Notebook is the authoritative source for this date.
2024-02-19,1215.00,notebook,notebook_authoritative,ready_notebook_authoritative,1215.00,verified,high,9,,,,,,,Notebook is the authoritative source for this date.
2024-02-20,1308.00,notebook,notebook_authoritative,ready_notebook_authoritative,1308.00,verified,high,9,,,,,,,Notebook is the authoritative source for this date.
2024-02-21,1699.00,notebook,notebook_authoritative,ready_notebook_authoritative,1699.00,verified,medium,9,,,,,,,Notebook is the authoritative source for this date. Notebook note: Side payment/allocation notes are not subtracted from the daily sales amount.
2024-02-22,517.00,notebook,notebook_authoritative,ready_notebook_authoritative,517.00,verified,high,9,,,,,,,Notebook is the authoritative source for this date.
2024-02-23,400.00,notebook,notebook_authoritative,ready_notebook_authoritative,400.00,verified,high,9,,,,,,,Notebook is the authoritative source for this date.
2024-02-24,463.00,notebook,notebook_authoritative,ready_notebook_authoritative,463.00,verified,high,9,,,,,,,Notebook is the authoritative source for this date.
2024-02-26,788.00,notebook,notebook_authoritative,ready_notebook_authoritative,788.00,verified,high,9,,,,,,,Notebook is the authoritative source for this date.
2024-02-27,1130.00,notebook,notebook_authoritative,ready_notebook_authoritative,1130.00,verified,high,9,,,,,,,Notebook is the authoritative source for this date.
2024-02-28,636.00,notebook,notebook_authoritative,ready_notebook_authoritative,636.00,verified,high,9,,,,,,,Notebook is the authoritative source for this date.
2024-02-29,1059.00,notebook,notebook_authoritative,ready_notebook_authoritative,1059.00,verified,high,9,,,,,,,Notebook is the authoritative source for this date.
2024-03-01,751.00,notebook,notebook_authoritative,ready_notebook_authoritative,751.00,verified,high,10,,,,,,,Notebook is the authoritative source for this date.
2024-03-02,634.00,notebook,notebook_authoritative,ready_notebook_authoritative,634.00,verified,high,10,,,,,,,Notebook is the authoritative source for this date.
2024-03-04,1129.00,notebook,notebook_authoritative,ready_notebook_authoritative,1129.00,verified,high,10,,,,,,,Notebook is the authoritative source for this date.
2024-03-05,930.00,notebook,notebook_authoritative,ready_notebook_authoritative,930.00,verified,high,10,,,,,,,Notebook is the authoritative source for this date.
2024-03-06,1175.00,notebook,notebook_authoritative,ready_notebook_authoritative,1175.00,verified,high,10,,,,,,,Notebook is the authoritative source for this date. Notebook note: Daily base amount retained; attached additions are preserved separately because written section totals do not reconcile them consistently.
2024-03-07,560.00,notebook,notebook_authoritative,ready_notebook_authoritative,560.00,verified,medium,10,,,,,,,Notebook is the authoritative source for this date. Notebook note: First digit is overwritten.
2024-03-08,761.00,notebook,notebook_authoritative,ready_notebook_authoritative,761.00,verified,high,10,,,,,,,Notebook is the authoritative source for this date.
2024-03-09,467.00,notebook,notebook_authoritative,ready_notebook_authoritative,467.00,verified,medium,10,,,,,,,Notebook is the authoritative source for this date. Notebook note: First digit is overwritten.
2024-03-11,1570.00,notebook,notebook_authoritative,ready_notebook_authoritative,1570.00,verified,high,10,,,,,,,Notebook is the authoritative source for this date.
2024-03-12,820.00,notebook,notebook_authoritative,ready_notebook_authoritative,820.00,verified,high,10,,,,,,,Notebook is the authoritative source for this date.
2024-03-13,1194.00,notebook,notebook_authoritative,ready_notebook_authoritative,1194.00,verified,high,10,,,,,,,Notebook is the authoritative source for this date.
2024-03-14,430.00,notebook,notebook_authoritative,ready_notebook_authoritative,430.00,adjudicated,high,10,,,,,,,Notebook is the authoritative source for this date. Notebook note: Focused visual adjudication selected 430; the middle digit matches the writer's nearby 3 rather than 5.
2024-03-18,918.00,notebook,notebook_authoritative,ready_notebook_authoritative,918.00,verified,high,10,,,,,,,Notebook is the authoritative source for this date.
2024-03-19,415.00,notebook,notebook_authoritative,ready_notebook_authoritative,415.00,verified,high,10,,,,,,,Notebook is the authoritative source for this date.
2024-03-20,1372.00,notebook,notebook_authoritative,ready_notebook_authoritative,1372.00,verified,high,10,,,,,,,Notebook is the authoritative source for this date.
2024-03-21,930.00,notebook,notebook_authoritative,ready_notebook_authoritative,930.00,verified,high,10,,,,,,,Notebook is the authoritative source for this date.
2024-03-22,441.00,notebook,notebook_authoritative,ready_notebook_authoritative,441.00,verified,high,10,,,,,,,Notebook is the authoritative source for this date.
2024-03-23,287.00,notebook,notebook_authoritative,ready_notebook_authoritative,287.00,verified,high,10,,,,,,,Notebook is the authoritative source for this date.
2024-03-25,340.00,notebook,notebook_authoritative,ready_notebook_authoritative,340.00,verified,high,10,,,,,,,Notebook is the authoritative source for this date.
2024-03-26,527.00,notebook,notebook_authoritative,ready_notebook_authoritative,527.00,verified,high,10,,,,,,,Notebook is the authoritative source for this date.
2024-03-27,447.00,notebook,notebook_authoritative,ready_notebook_authoritative,447.00,verified,high,10,,,,,,,Notebook is the authoritative source for this date.
2024-03-28,,notebook,notebook_authoritative,unresolved_notebook_blank,,missing_amount,high,10,,,,,,,"Notebook is the authoritative source for this date. Notebook amount is unresolved and intentionally left blank, not zero. Notebook note: Date numeral only; 6149 is a corrected section total, not a daily amount."
2024-03-29,,notebook,notebook_authoritative,unresolved_notebook_blank,,missing_amount,high,10,,,,,,,"Notebook is the authoritative source for this date. Notebook amount is unresolved and intentionally left blank, not zero. Notebook note: Date numeral only; 6149 is a corrected section total, not a daily amount."
2024-03-30,,notebook,notebook_authoritative,unresolved_notebook_blank,,missing_amount,high,10,,,,,,,"Notebook is the authoritative source for this date. Notebook amount is unresolved and intentionally left blank, not zero. Notebook note: Date numeral only; 6149 is a corrected section total, not a daily amount."
2024-04-01,606.00,notebook,notebook_authoritative,ready_notebook_authoritative,606.00,verified,high,10,,,,,,,Notebook is the authoritative source for this date.
2024-04-02,272.00,notebook,notebook_authoritative,ready_notebook_authoritative,272.00,verified,high,10,,,,,,,Notebook is the authoritative source for this date.
2024-04-03,400.00,notebook,notebook_authoritative,ready_notebook_authoritative,400.00,verified,high,10,,,,,,,Notebook is the authoritative source for this date.
2024-04-04,473.00,notebook,notebook_authoritative,ready_notebook_authoritative,473.00,verified,high,10,,,,,,,Notebook is the authoritative source for this date.
2024-04-05,488.00,notebook,notebook_authoritative,ready_notebook_authoritative,488.00,verified,high,10,,,,,,,Notebook is the authoritative source for this date.
2024-04-06,215.00,notebook,notebook_authoritative,ready_notebook_authoritative,215.00,verified,high,10,,,,,,,Notebook is the authoritative source for this date.
2024-04-08,640.00,notebook,notebook_authoritative,ready_notebook_authoritative,640.00,verified,high,10,,,,,,,Notebook is the authoritative source for this date.
2024-04-09,529.00,notebook,notebook_authoritative,ready_notebook_authoritative,529.00,verified,high,10,,,,,,,Notebook is the authoritative source for this date.
2024-04-10,847.00,notebook,notebook_authoritative,ready_notebook_authoritative,847.00,verified,high,10,,,,,,,Notebook is the authoritative source for this date.
2024-04-11,1120.00,notebook,notebook_authoritative,ready_notebook_authoritative,1120.00,verified,high,10,,,,,,,Notebook is the authoritative source for this date. Notebook note: Daily base amount retained; explicit -200 is preserved as an attached adjustment and reflected in reconciliation notes.
2024-04-12,694.00,notebook,notebook_authoritative,ready_notebook_authoritative,694.00,verified,high,10,,,,,,,Notebook is the authoritative source for this date.
2024-04-13,373.00,notebook,notebook_authoritative,ready_notebook_authoritative,373.00,verified,high,10,,,,,,,Notebook is the authoritative source for this date.
2024-04-16,1266.00,notebook,notebook_authoritative,ready_notebook_authoritative,1266.00,verified,high,10,,,,,,,Notebook is the authoritative source for this date.
2024-04-17,730.00,notebook,notebook_authoritative,ready_notebook_authoritative,730.00,verified,high,10,,,,,,,Notebook is the authoritative source for this date.
2024-04-18,786.00,notebook,notebook_authoritative,ready_notebook_authoritative,786.00,verified,high,10,,,,,,,Notebook is the authoritative source for this date.
2024-04-19,238.00,notebook,notebook_authoritative,ready_notebook_authoritative,238.00,verified,high,10,,,,,,,Notebook is the authoritative source for this date.
2024-04-20,342.00,notebook,notebook_authoritative,ready_notebook_authoritative,342.00,verified,high,10,,,,,,,Notebook is the authoritative source for this date.
2024-04-22,1225.00,notebook,notebook_authoritative,ready_notebook_authoritative,1225.00,verified,medium,10,,,,,,,Notebook is the authoritative source for this date. Notebook note: Date numeral omitted; inferred from calendar and source sequence.
2024-04-23,707.00,notebook,notebook_authoritative,ready_notebook_authoritative,707.00,verified,medium,10,,,,,,,Notebook is the authoritative source for this date. Notebook note: Date numeral omitted; inferred from calendar and source sequence.
2024-04-24,1199.00,notebook,notebook_authoritative,ready_notebook_authoritative,1199.00,verified,medium,10,,,,,,,Notebook is the authoritative source for this date. Notebook note: Date numeral omitted; inferred from calendar and source sequence.
2024-04-25,710.00,notebook,notebook_authoritative,ready_notebook_authoritative,710.00,verified,medium,10,,,,,,,Notebook is the authoritative source for this date. Notebook note: Date numeral omitted; inferred from calendar and source sequence.
2024-04-26,638.00,notebook,notebook_authoritative,ready_notebook_authoritative,638.00,verified,medium,10,,,,,,,Notebook is the authoritative source for this date. Notebook note: Date numeral omitted; inferred from calendar and source sequence.
2024-04-27,130.00,notebook,notebook_authoritative,ready_notebook_authoritative,130.00,verified,medium,10,,,,,,,Notebook is the authoritative source for this date. Notebook note: Date numeral omitted; inferred from calendar and source sequence.
2024-04-29,683.00,notebook,notebook_authoritative,ready_notebook_authoritative,683.00,verified,medium,10,,,,,,,Notebook is the authoritative source for this date. Notebook note: Date numeral omitted; inferred from calendar and source sequence.
2024-04-30,577.00,notebook,notebook_authoritative,ready_notebook_authoritative,577.00,verified,medium,10,,,,,,,Notebook is the authoritative source for this date. Notebook note: Date numeral omitted; inferred from calendar and source sequence.
2024-05-03,463.00,notebook,notebook_authoritative,ready_notebook_authoritative,463.00,verified,medium,11,,,,,,,Notebook is the authoritative source for this date. Notebook note: Written weekday conflicts with the 2024 calendar; numeric date preserved literally.
2024-05-04,537.00,notebook,notebook_authoritative,ready_notebook_authoritative,537.00,verified,medium,11,,,,,,,Notebook is the authoritative source for this date. Notebook note: Written weekday conflicts with the 2024 calendar; numeric date preserved literally.
2024-05-05,287.00,notebook,notebook_authoritative,ready_notebook_authoritative,287.00,verified,medium,11,,,,,,,Notebook is the authoritative source for this date. Notebook note: Written weekday conflicts with the 2024 calendar; numeric date preserved literally.
2024-05-07,900.00,notebook,notebook_authoritative,ready_notebook_authoritative,900.00,verified,medium,11,,,,,,,Notebook is the authoritative source for this date. Notebook note: Written weekday conflicts with the 2024 calendar; numeric date preserved literally.
2024-05-08,1450.00,notebook,notebook_authoritative,ready_notebook_authoritative,1450.00,verified,medium,11,,,,,,,Notebook is the authoritative source for this date. Notebook note: Written weekday conflicts with the 2024 calendar; numeric date preserved literally.
2024-05-09,488.00,notebook,notebook_authoritative,ready_notebook_authoritative,488.00,verified,medium,11,,,,,,,Notebook is the authoritative source for this date. Notebook note: Written weekday conflicts with the 2024 calendar; numeric date preserved literally.
2024-05-10,941.00,notebook,notebook_authoritative,ready_notebook_authoritative,941.00,verified,medium,11,,,,,,,Notebook is the authoritative source for this date. Notebook note: Written weekday conflicts with the 2024 calendar; numeric date preserved literally.
2024-05-12,485.00,notebook,notebook_authoritative,ready_notebook_authoritative,485.00,verified,medium,11,,,,,,,Notebook is the authoritative source for this date. Notebook note: Written weekday conflicts with the 2024 calendar; numeric date preserved literally.
2024-05-13,690.00,notebook,notebook_authoritative,ready_notebook_authoritative,690.00,verified,high,11,,,,,,,Notebook is the authoritative source for this date.
2024-05-14,560.00,notebook,notebook_authoritative,ready_notebook_authoritative,560.00,verified,high,11,,,,,,,Notebook is the authoritative source for this date.
2024-05-16,497.00,notebook,notebook_authoritative,ready_notebook_authoritative,497.00,verified,high,11,,,,,,,Notebook is the authoritative source for this date.
2024-05-17,553.00,notebook,notebook_authoritative,ready_notebook_authoritative,553.00,verified,high,11,,,,,,,Notebook is the authoritative source for this date.
2024-05-18,460.00,notebook,notebook_authoritative,ready_notebook_authoritative,460.00,verified,high,11,,,,,,,Notebook is the authoritative source for this date.
2024-05-20,1259.00,notebook,notebook_authoritative,ready_notebook_authoritative,1259.00,verified,high,11,,,,,,,Notebook is the authoritative source for this date.
2024-05-21,943.00,notebook,notebook_authoritative,ready_notebook_authoritative,943.00,verified,high,11,,,,,,,Notebook is the authoritative source for this date.
2024-05-22,1230.00,notebook,notebook_authoritative,ready_notebook_authoritative,1230.00,verified,high,11,,,,,,,Notebook is the authoritative source for this date.
2024-05-23,400.00,notebook,notebook_authoritative,ready_notebook_authoritative,400.00,verified,high,11,,,,,,,Notebook is the authoritative source for this date.
2024-05-24,662.00,notebook,notebook_authoritative,ready_notebook_authoritative,662.00,verified,high,11,,,,,,,Notebook is the authoritative source for this date. Notebook note: Daily base amount retained; +130 card note is preserved as a separate adjustment.
2024-05-25,370.00,notebook,notebook_authoritative,ready_notebook_authoritative,370.00,verified,high,11,,,,,,,Notebook is the authoritative source for this date.
2024-05-27,300.00,notebook,notebook_authoritative,ready_notebook_authoritative,300.00,verified,high,11,,,,,,,Notebook is the authoritative source for this date. Notebook note: Daily base amount retained; +155 deposit is preserved separately and is included in the written 9519 section total.
2024-05-28,1020.00,notebook,notebook_authoritative,ready_notebook_authoritative,1020.00,verified,high,11,,,,,,,Notebook is the authoritative source for this date.
2024-05-29,635.00,notebook,notebook_authoritative,ready_notebook_authoritative,635.00,verified,high,11,,,,,,,Notebook is the authoritative source for this date.
2024-05-30,500.00,notebook,notebook_authoritative,ready_notebook_authoritative,500.00,verified,high,11,,,,,,,Notebook is the authoritative source for this date.
2024-05-31,535.00,notebook,notebook_authoritative,ready_notebook_authoritative,535.00,verified,high,11,,,,,,,Notebook is the authoritative source for this date.
2024-06-01,240.00,notebook,notebook_authoritative,ready_notebook_authoritative,240.00,verified,high,11,,,,,,,Notebook is the authoritative source for this date.
2024-06-03,653.00,notebook,notebook_authoritative,ready_notebook_authoritative,653.00,verified,high,11,,,,,,,Notebook is the authoritative source for this date.
2024-06-04,812.00,notebook,notebook_authoritative,ready_notebook_authoritative,812.00,verified,high,11,,,,,,,Notebook is the authoritative source for this date.
2024-06-05,526.00,notebook,notebook_authoritative,ready_notebook_authoritative,526.00,verified,high,11,,,,,,,Notebook is the authoritative source for this date.
2024-06-06,970.00,notebook,notebook_authoritative,ready_notebook_authoritative,970.00,verified,high,11,,,,,,,Notebook is the authoritative source for this date.
2024-06-07,421.00,notebook,notebook_authoritative,ready_notebook_authoritative,421.00,verified,high,11,,,,,,,Notebook is the authoritative source for this date.
2024-06-08,381.00,notebook,notebook_authoritative,ready_notebook_authoritative,381.00,verified,high,11,,,,,,,Notebook is the authoritative source for this date.
2024-06-10,1200.00,notebook,notebook_authoritative,ready_notebook_authoritative,1200.00,verified,high,11,,,,,,,Notebook is the authoritative source for this date.
2024-06-11,1619.00,notebook,notebook_authoritative,ready_notebook_authoritative,1619.00,verified,high,11,,,,,,,Notebook is the authoritative source for this date.
2024-06-12,450.00,notebook,notebook_authoritative,ready_notebook_authoritative,450.00,verified,high,11,,,,,,,Notebook is the authoritative source for this date.
2024-06-13,694.00,notebook,notebook_authoritative,ready_notebook_authoritative,694.00,verified,high,11,,,,,,,Notebook is the authoritative source for this date.
2024-06-14,334.00,notebook,notebook_authoritative,ready_notebook_authoritative,334.00,verified,high,11,,,,,,,Notebook is the authoritative source for this date.
2024-06-17,555.00,notebook,notebook_authoritative,ready_notebook_authoritative,555.00,verified,high,11,,,,,,,Notebook is the authoritative source for this date.
2024-06-18,650.00,notebook,notebook_authoritative,ready_notebook_authoritative,650.00,verified,high,11,,,,,,,Notebook is the authoritative source for this date. Notebook note: Bank annotation is preserved separately and not subtracted from the daily amount.
2024-06-19,877.00,notebook,notebook_authoritative,ready_notebook_authoritative,877.00,verified,high,11,,,,,,,Notebook is the authoritative source for this date.
2024-06-20,290.00,notebook,notebook_authoritative,ready_notebook_authoritative,290.00,verified,high,11,,,,,,,Notebook is the authoritative source for this date.
2024-06-21,270.00,notebook,notebook_authoritative,ready_notebook_authoritative,270.00,verified,high,11,,,,,,,Notebook is the authoritative source for this date.
2024-06-22,584.00,notebook,notebook_authoritative,ready_notebook_authoritative,584.00,verified,high,11,,,,,,,Notebook is the authoritative source for this date.
2024-06-24,704.00,notebook,notebook_authoritative,ready_notebook_authoritative,704.00,verified,high,11,,,,,,,Notebook is the authoritative source for this date.
2024-06-25,567.00,notebook,notebook_authoritative,ready_notebook_authoritative,567.00,verified,high,11,,,,,,,Notebook is the authoritative source for this date.
2024-06-26,771.00,notebook,notebook_authoritative,ready_notebook_authoritative,771.00,verified,high,11,,,,,,,Notebook is the authoritative source for this date. Notebook note: Deposit annotation is preserved separately and not added to the daily amount.
2024-06-27,,notebook,notebook_authoritative,unresolved_notebook_blank,,missing_amount,high,11,,,,,,,"Notebook is the authoritative source for this date. Notebook amount is unresolved and intentionally left blank, not zero. Notebook note: Date numeral only; no amount is written."
2024-06-28,1012.00,notebook,notebook_authoritative,ready_notebook_authoritative,1012.00,verified,high,11,,,,,,,Notebook is the authoritative source for this date.
2024-06-29,133.00,notebook,notebook_authoritative,ready_notebook_authoritative,133.00,verified,high,11,,,,,,,Notebook is the authoritative source for this date.
2024-07-01,810.00,notebook,notebook_authoritative,ready_notebook_authoritative,810.00,verified,high,12,,,,,,,Notebook is the authoritative source for this date. Notebook note: Daily base amount retained; +18 appears under the Depositos heading.
2024-07-02,482.00,notebook,notebook_authoritative,ready_notebook_authoritative,482.00,verified,high,12,,,,,,,Notebook is the authoritative source for this date.
2024-07-03,564.00,notebook,notebook_authoritative,ready_notebook_authoritative,564.00,verified,high,12,,,,,,,Notebook is the authoritative source for this date. Notebook note: Separate 80 deposit note is not added to the daily amount.
2024-07-04,411.00,notebook,notebook_authoritative,ready_notebook_authoritative,411.00,verified,high,12,,,,,,,Notebook is the authoritative source for this date.
2024-07-05,634.00,notebook,notebook_authoritative,ready_notebook_authoritative,634.00,verified,high,12,,,,,,,Notebook is the authoritative source for this date.
2024-07-06,368.00,notebook,notebook_authoritative,ready_notebook_authoritative,368.00,verified,high,12,,,,,,,Notebook is the authoritative source for this date.
2024-07-08,492.00,notebook,notebook_authoritative,ready_notebook_authoritative,492.00,verified,high,12,,,,,,,Notebook is the authoritative source for this date.
2024-07-09,825.00,notebook,notebook_authoritative,ready_notebook_authoritative,825.00,verified,high,12,,,,,,,Notebook is the authoritative source for this date.
2024-07-10,595.00,notebook,notebook_authoritative,ready_notebook_authoritative,595.00,verified,high,12,,,,,,,Notebook is the authoritative source for this date.
2024-07-11,300.00,notebook,notebook_authoritative,ready_notebook_authoritative,300.00,verified,high,12,,,,,,,Notebook is the authoritative source for this date.
2024-07-12,572.00,notebook,notebook_authoritative,ready_notebook_authoritative,572.00,verified,high,12,,,,,,,Notebook is the authoritative source for this date.
2024-07-18,750.00,notebook,notebook_authoritative,ready_notebook_authoritative,750.00,verified,high,12,,,,,,,Notebook is the authoritative source for this date.
2024-07-19,364.00,notebook,notebook_authoritative,ready_notebook_authoritative,364.00,verified,high,12,,,,,,,Notebook is the authoritative source for this date.
2024-07-20,375.00,notebook,notebook_authoritative,ready_notebook_authoritative,375.00,verified,high,12,,,,,,,Notebook is the authoritative source for this date.
2024-07-22,573.00,notebook,notebook_authoritative,ready_notebook_authoritative,573.00,verified,high,12,,,,,,,Notebook is the authoritative source for this date.
2024-07-23,243.00,notebook,notebook_authoritative,ready_notebook_authoritative,243.00,verified,high,12,,,,,,,Notebook is the authoritative source for this date.
2024-07-24,253.00,notebook,notebook_authoritative,ready_notebook_authoritative,253.00,verified,high,12,,,,,,,Notebook is the authoritative source for this date.
2024-07-25,351.00,notebook,notebook_authoritative,ready_notebook_authoritative,351.00,verified,high,12,,,,,,,Notebook is the authoritative source for this date.
2024-07-26,1780.00,notebook,notebook_authoritative,ready_notebook_authoritative,1780.00,verified,medium,12,,,,,,,Notebook is the authoritative source for this date. Notebook note: Date numeral omitted; inferred from calendar and source sequence.
2024-07-29,889.00,notebook,notebook_authoritative,ready_notebook_authoritative,889.00,verified,medium,12,,,,,,,Notebook is the authoritative source for this date. Notebook note: Date numeral omitted; inferred from calendar and source sequence.
2024-07-30,290.00,notebook,notebook_authoritative,ready_notebook_authoritative,290.00,verified,medium,12,,,,,,,Notebook is the authoritative source for this date. Notebook note: Date numeral omitted; inferred from calendar and source sequence.
2024-07-31,300.00,notebook,notebook_authoritative,ready_notebook_authoritative,300.00,verified,medium,12,,,,,,,Notebook is the authoritative source for this date. Notebook note: Date numeral omitted; inferred from calendar and source sequence.
2024-08-01,500.00,notebook,notebook_authoritative,ready_notebook_authoritative,500.00,verified,high,12,,,,,,,Notebook is the authoritative source for this date.
2024-08-02,681.00,notebook,notebook_authoritative,ready_notebook_authoritative,681.00,verified,high,12,,,,,,,Notebook is the authoritative source for this date.
2024-08-05,1023.00,notebook,notebook_authoritative,ready_notebook_authoritative,1023.00,verified,high,12,,,,,,,Notebook is the authoritative source for this date.
2024-08-06,265.00,notebook,notebook_authoritative,ready_notebook_authoritative,265.00,verified,high,12,,,,,,,Notebook is the authoritative source for this date.
2024-08-07,343.00,notebook,notebook_authoritative,ready_notebook_authoritative,343.00,verified,high,12,,,,,,,Notebook is the authoritative source for this date.
2024-08-08,1202.00,notebook,notebook_authoritative,ready_notebook_authoritative,1202.00,verified,high,12,,,,,,,Notebook is the authoritative source for this date. Notebook note: Separate 270 annotation is not added to the daily amount.
2024-08-09,402.00,notebook,notebook_authoritative,ready_notebook_authoritative,402.00,verified,high,12,,,,,,,Notebook is the authoritative source for this date.
2024-08-12,1820.00,notebook,notebook_authoritative,ready_notebook_authoritative,1820.00,adjudicated,low,12,,,,,,,Notebook is the authoritative source for this date. Notebook note: Literal 10 Lun conflicts with the 2024 calendar; normalized to August 12 from weekday and sequence.
2024-08-13,1041.00,notebook,notebook_authoritative,ready_notebook_authoritative,1041.00,adjudicated,low,12,,,,,,,Notebook is the authoritative source for this date. Notebook note: Literal 11 Mar conflicts with the 2024 calendar; normalized to August 13 from weekday and sequence.
2024-08-14,649.00,notebook,notebook_authoritative,ready_notebook_authoritative,649.00,verified,medium,12,,,,,,,Notebook is the authoritative source for this date. Notebook note: Date numeral omitted; inferred from shifted weekday sequence.
2024-08-15,330.00,notebook,notebook_authoritative,ready_notebook_authoritative,330.00,verified,medium,12,,,,,,,Notebook is the authoritative source for this date. Notebook note: Date numeral omitted; inferred from shifted weekday sequence. Separate 82 annotation is excluded.
2024-08-16,1180.00,notebook,notebook_authoritative,ready_notebook_authoritative,1180.00,verified,high,12,,,,,,,Notebook is the authoritative source for this date.
2024-08-19,1120.00,notebook,notebook_authoritative,ready_notebook_authoritative,1120.00,adjudicated,medium,12,,,,,,,Notebook is the authoritative source for this date. Notebook note: Literal 18 Lun conflicts with the 2024 calendar; normalized to August 19 from weekday and sequence.
2024-08-20,1680.00,notebook,notebook_authoritative,ready_notebook_authoritative,1680.00,verified,high,12,,,,,,,Notebook is the authoritative source for this date.
2024-08-21,1200.00,notebook,notebook_authoritative,ready_notebook_authoritative,1200.00,verified,high,12,,,,,,,Notebook is the authoritative source for this date.
2024-08-22,840.00,notebook,notebook_authoritative,ready_notebook_authoritative,840.00,verified,high,12,,,,,,,Notebook is the authoritative source for this date. Notebook note: Daily base amount retained; separate 237 annotation is unclassified.
2024-08-23,2190.00,notebook,notebook_authoritative,ready_notebook_authoritative,2190.00,verified,medium,12,,,,,,,Notebook is the authoritative source for this date. Notebook note: Date numeral omitted; inferred from weekday and sequence.
2024-08-24,800.00,notebook,notebook_authoritative,ready_notebook_authoritative,800.00,verified,medium,12,,,,,,,Notebook is the authoritative source for this date. Notebook note: Date numeral omitted; inferred from weekday and sequence. Nearby annotation is unclassified.
2024-09-02,1147.00,notebook,notebook_authoritative,ready_notebook_authoritative,1147.00,verified,high,13,,,,,,,Notebook is the authoritative source for this date.
2024-09-03,1810.00,notebook,notebook_authoritative,ready_notebook_authoritative,1810.00,verified,high,13,,,,,,,Notebook is the authoritative source for this date.
2024-09-04,700.00,notebook,notebook_authoritative,ready_notebook_authoritative,700.00,verified,high,13,,,,,,,Notebook is the authoritative source for this date.
2024-09-05,1090.00,notebook,notebook_authoritative,ready_notebook_authoritative,1090.00,verified,high,13,,,,,,,Notebook is the authoritative source for this date.
2024-09-06,530.00,notebook,notebook_authoritative,ready_notebook_authoritative,530.00,verified,high,13,,,,,,,Notebook is the authoritative source for this date.
2024-09-07,280.00,notebook,notebook_authoritative,ready_notebook_authoritative,280.00,verified,high,13,,,,,,,Notebook is the authoritative source for this date.
2024-09-09,1810.00,notebook,notebook_authoritative,ready_notebook_authoritative,1810.00,verified,high,13,,,,,,,Notebook is the authoritative source for this date.
2024-09-10,1000.00,notebook,notebook_authoritative,ready_notebook_authoritative,1000.00,verified,high,13,,,,,,,Notebook is the authoritative source for this date.
2024-09-11,1385.00,notebook,notebook_authoritative,ready_notebook_authoritative,1385.00,verified,high,13,,,,,,,Notebook is the authoritative source for this date.
2024-09-12,1000.00,notebook,notebook_authoritative,ready_notebook_authoritative,1000.00,verified,high,13,,,,,,,Notebook is the authoritative source for this date.
2024-09-13,480.00,notebook,notebook_authoritative,ready_notebook_authoritative,480.00,adjudicated,high,13,,,,,,,Notebook is the authoritative source for this date. Notebook note: Two readers independently confirmed 480 from the two-lobed middle glyph; 420 was rejected.
2024-09-16,832.00,notebook,notebook_authoritative,ready_notebook_authoritative,832.00,verified,high,13,,,,,,,Notebook is the authoritative source for this date.
2024-09-17,1372.00,notebook,notebook_authoritative,ready_notebook_authoritative,1372.00,verified,high,13,,,,,,,Notebook is the authoritative source for this date.
2024-09-18,1390.00,notebook,notebook_authoritative,ready_notebook_authoritative,1390.00,adjudicated,high,13,,,,,,,Notebook is the authoritative source for this date. Notebook note: Overwritten digit adjudicated as 3; the section then exactly matches the corrected written subtotal 10949.
2024-09-19,1026.00,notebook,notebook_authoritative,ready_notebook_authoritative,1026.00,verified,high,13,,,,,,,Notebook is the authoritative source for this date.
2024-09-20,452.00,notebook,notebook_authoritative,ready_notebook_authoritative,452.00,verified,high,13,,,,,,,Notebook is the authoritative source for this date.
2024-09-21,566.00,notebook,notebook_authoritative,ready_notebook_authoritative,566.00,verified,high,13,,,,,,,Notebook is the authoritative source for this date.
2024-09-23,1100.00,notebook,notebook_authoritative,ready_notebook_authoritative,1100.00,verified,high,13,,,,,,,Notebook is the authoritative source for this date.
2024-09-24,856.00,notebook,notebook_authoritative,ready_notebook_authoritative,856.00,verified,high,13,,,,,,,Notebook is the authoritative source for this date.
2024-09-25,1124.00,notebook,notebook_authoritative,ready_notebook_authoritative,1124.00,verified,high,13,,,,,,,Notebook is the authoritative source for this date.
2024-09-26,843.00,notebook,notebook_authoritative,ready_notebook_authoritative,843.00,verified,medium,13,,,,,,,Notebook is the authoritative source for this date. Notebook note: Date numeral omitted; inferred from weekday sequence.
2024-09-27,290.00,notebook,notebook_authoritative,ready_notebook_authoritative,290.00,verified,medium,13,,,,,,,Notebook is the authoritative source for this date. Notebook note: Date numeral omitted; inferred from weekday sequence.
2024-09-28,585.00,notebook,notebook_authoritative,ready_notebook_authoritative,585.00,verified,medium,13,,,,,,,Notebook is the authoritative source for this date. Notebook note: Date numeral omitted; inferred from weekday sequence.
2024-09-30,513.00,notebook,notebook_authoritative,ready_notebook_authoritative,513.00,verified,medium,13,,,,,,,Notebook is the authoritative source for this date. Notebook note: Date numeral omitted; inferred from weekday and calendar after September 28.
2024-10-01,738.00,notebook,notebook_authoritative,ready_notebook_authoritative,738.00,verified,high,13,,,,,,,Notebook is the authoritative source for this date.
2024-10-02,962.00,notebook,notebook_authoritative,ready_notebook_authoritative,962.00,adjudicated,high,13,,,,,,,"Notebook is the authoritative source for this date. Notebook note: Readers split between 902 and 962. Independent tie-breaker selected 962 from the middle glyph's ascender and internal return, matching the writer's other sixes; no subtotal was used."
2024-10-03,920.00,notebook,notebook_authoritative,ready_notebook_authoritative,920.00,verified,high,13,,,,,,,Notebook is the authoritative source for this date.
2024-10-04,880.00,notebook,notebook_authoritative,ready_notebook_authoritative,880.00,verified,high,13,,,,,,,Notebook is the authoritative source for this date.
2024-10-05,510.00,notebook,notebook_authoritative,ready_notebook_authoritative,510.00,verified,high,13,,,,,,,Notebook is the authoritative source for this date.
2024-10-07,1250.00,notebook,notebook_authoritative,ready_notebook_authoritative,1250.00,verified,high,13,,,,,,,Notebook is the authoritative source for this date.
2024-10-08,1887.00,notebook,notebook_authoritative,ready_notebook_authoritative,1887.00,verified,high,13,,,,,,,Notebook is the authoritative source for this date.
2024-10-09,1328.00,notebook,notebook_authoritative,ready_notebook_authoritative,1328.00,verified,high,13,,,,,,,Notebook is the authoritative source for this date.
2024-10-10,840.00,notebook,notebook_authoritative,ready_notebook_authoritative,840.00,verified,high,13,,,,,,,Notebook is the authoritative source for this date.
2024-10-11,868.00,notebook,notebook_authoritative,ready_notebook_authoritative,868.00,verified,high,13,,,,,,,Notebook is the authoritative source for this date.
2024-10-12,520.00,notebook,notebook_authoritative,ready_notebook_authoritative,520.00,verified,high,13,,,,,,,Notebook is the authoritative source for this date.
2024-10-13,764.00,notebook,notebook_authoritative,ready_notebook_authoritative,764.00,verified,high,13,,,,,,,Notebook is the authoritative source for this date.
2024-10-14,1010.00,notebook,notebook_authoritative,ready_notebook_authoritative,1010.00,verified,high,13,,,,,,,Notebook is the authoritative source for this date.
2024-10-16,916.00,notebook,notebook_authoritative,ready_notebook_authoritative,916.00,verified,high,13,,,,,,,Notebook is the authoritative source for this date.
2024-10-17,922.00,notebook,notebook_authoritative,ready_notebook_authoritative,922.00,verified,high,13,,,,,,,Notebook is the authoritative source for this date.
2024-10-18,665.00,notebook,notebook_authoritative,ready_notebook_authoritative,665.00,verified,high,13,,,,,,,Notebook is the authoritative source for this date.
2024-10-19,630.00,notebook,notebook_authoritative,ready_notebook_authoritative,630.00,verified,high,13,,,,,,,Notebook is the authoritative source for this date.
2024-10-20,870.00,notebook,notebook_authoritative,ready_notebook_authoritative,870.00,verified,medium,13,,,,,,,Notebook is the authoritative source for this date. Notebook note: Written weekday conflicts with calendar; separate +686 is retained as an unclassified adjustment.
2024-10-21,1140.00,notebook,notebook_authoritative,ready_notebook_authoritative,1140.00,verified,medium,13,,,,,,,Notebook is the authoritative source for this date. Notebook note: Written weekday conflicts with calendar; numeric date preserved literally.
2024-10-22,954.00,notebook,notebook_authoritative,ready_notebook_authoritative,954.00,verified,high,13,,,,,,,Notebook is the authoritative source for this date.
2024-10-23,928.00,notebook,notebook_authoritative,ready_notebook_authoritative,928.00,verified,high,13,,,,,,,Notebook is the authoritative source for this date.
2024-10-24,880.00,notebook,notebook_authoritative,ready_notebook_authoritative,880.00,verified,medium,13,,,,,,,Notebook is the authoritative source for this date. Notebook note: Weekday omitted; separate +270 annotation retained.
2024-10-25,496.00,notebook,notebook_authoritative,ready_notebook_authoritative,496.00,verified,medium,13,,,,,,,Notebook is the authoritative source for this date. Notebook note: Weekday omitted.
2024-10-26,1820.00,notebook,notebook_authoritative,ready_notebook_authoritative,1820.00,verified,medium,13,,,,,,,Notebook is the authoritative source for this date. Notebook note: Weekday omitted.
2024-10-27,1325.00,notebook,notebook_authoritative,ready_notebook_authoritative,1325.00,verified,medium,13,,,,,,,Notebook is the authoritative source for this date. Notebook note: Weekday omitted; separate 1500 note is unclassified.
2024-11-01,183.00,notebook,notebook_authoritative,ready_notebook_authoritative,183.00,verified,high,14,,,,,,,Notebook is the authoritative source for this date.
2024-11-02,357.00,notebook,notebook_authoritative,ready_notebook_authoritative,357.00,verified,high,14,,,,,,,Notebook is the authoritative source for this date.
2024-11-03,1156.00,notebook,notebook_authoritative,ready_notebook_authoritative,1156.00,verified,high,14,,,,,,,Notebook is the authoritative source for this date.
2024-11-05,862.00,notebook,notebook_authoritative,ready_notebook_authoritative,862.00,verified,high,14,,,,,,,Notebook is the authoritative source for this date.
2024-11-06,760.00,notebook,notebook_authoritative,ready_notebook_authoritative,760.00,verified,high,14,,,,,,,Notebook is the authoritative source for this date.
2024-11-07,1213.00,notebook,notebook_authoritative,ready_notebook_authoritative,1213.00,verified,high,14,,,,,,,Notebook is the authoritative source for this date.
2024-11-08,,notebook,notebook_authoritative,unresolved_notebook_blank,,missing_amount,high,14,,,,,,,"Notebook is the authoritative source for this date. Notebook amount is unresolved and intentionally left blank, not zero. Notebook note: Dated line with no amount."
2024-11-09,1320.00,notebook,notebook_authoritative,ready_notebook_authoritative,1320.00,verified,high,14,,,,,,,Notebook is the authoritative source for this date.
2024-11-11,1760.00,notebook,notebook_authoritative,ready_notebook_authoritative,1760.00,verified,high,14,,,,,,,Notebook is the authoritative source for this date.
2024-11-12,896.00,notebook,notebook_authoritative,ready_notebook_authoritative,896.00,verified,high,14,,,,,,,Notebook is the authoritative source for this date.
2024-11-13,791.00,notebook,notebook_authoritative,ready_notebook_authoritative,791.00,verified,high,14,,,,,,,Notebook is the authoritative source for this date.
2024-11-14,760.00,notebook,notebook_authoritative,ready_notebook_authoritative,760.00,verified,high,14,,,,,,,Notebook is the authoritative source for this date.
2024-11-15,638.00,notebook,notebook_authoritative,ready_notebook_authoritative,638.00,verified,high,14,,,,,,,Notebook is the authoritative source for this date.
2024-11-16,620.00,notebook,notebook_authoritative,ready_notebook_authoritative,620.00,verified,high,14,,,,,,,Notebook is the authoritative source for this date.
2024-11-18,580.00,notebook,notebook_authoritative,ready_notebook_authoritative,580.00,verified,high,14,,,,,,,Notebook is the authoritative source for this date.
2024-11-19,485.00,notebook,notebook_authoritative,ready_notebook_authoritative,485.00,verified,high,14,,,,,,,Notebook is the authoritative source for this date.
2024-11-20,905.00,notebook,notebook_authoritative,ready_notebook_authoritative,905.00,verified,high,14,,,,,,,Notebook is the authoritative source for this date.
2024-11-21,340.00,notebook,notebook_authoritative,ready_notebook_authoritative,340.00,verified,high,14,,,,,,,Notebook is the authoritative source for this date.
2024-11-22,559.00,notebook,notebook_authoritative,ready_notebook_authoritative,559.00,verified,high,14,,,,,,,Notebook is the authoritative source for this date.
2024-11-23,370.00,notebook,notebook_authoritative,ready_notebook_authoritative,370.00,verified,high,14,,,,,,,Notebook is the authoritative source for this date.
2024-11-25,948.00,notebook,notebook_authoritative,ready_notebook_authoritative,948.00,verified,high,14,,,,,,,Notebook is the authoritative source for this date.
2024-11-26,561.00,notebook,notebook_authoritative,ready_notebook_authoritative,561.00,verified,high,14,,,,,,,Notebook is the authoritative source for this date.
2024-11-27,1002.00,notebook,notebook_authoritative,ready_notebook_authoritative,1002.00,verified,high,14,,,,,,,Notebook is the authoritative source for this date.
2024-11-28,553.00,notebook,notebook_authoritative,ready_notebook_authoritative,553.00,verified,high,14,,,,,,,Notebook is the authoritative source for this date.
2024-11-29,845.00,notebook,notebook_authoritative,ready_notebook_authoritative,845.00,verified,high,14,,,,,,,Notebook is the authoritative source for this date.
2024-11-30,530.00,notebook,notebook_authoritative,ready_notebook_authoritative,530.00,verified,high,14,,,,,,,Notebook is the authoritative source for this date.
2024-12-02,1087.00,notebook,notebook_authoritative,ready_notebook_authoritative,1087.00,verified,high,14,,,,,,,Notebook is the authoritative source for this date.
2024-12-03,765.00,notebook,notebook_authoritative,ready_notebook_authoritative,765.00,verified,high,14,,,,,,,Notebook is the authoritative source for this date.
2024-12-04,910.00,notebook,notebook_authoritative,ready_notebook_authoritative,910.00,verified,high,14,,,,,,,Notebook is the authoritative source for this date.
2024-12-05,509.00,notebook,notebook_authoritative,ready_notebook_authoritative,509.00,verified,high,14,,,,,,,Notebook is the authoritative source for this date.
2024-12-06,757.00,notebook,notebook_authoritative,ready_notebook_authoritative,757.00,verified,high,14,,,,,,,Notebook is the authoritative source for this date.
2024-12-07,603.00,notebook,notebook_authoritative,ready_notebook_authoritative,603.00,verified,high,14,,,,,,,Notebook is the authoritative source for this date.
2024-12-09,1030.00,notebook,notebook_authoritative,ready_notebook_authoritative,1030.00,verified,high,14,,,,,,,Notebook is the authoritative source for this date.
2024-12-10,1116.00,notebook,notebook_authoritative,ready_notebook_authoritative,1116.00,verified,high,14,,,,,,,Notebook is the authoritative source for this date.
2024-12-11,1135.00,notebook,notebook_authoritative,ready_notebook_authoritative,1135.00,verified,high,14,,,,,,,Notebook is the authoritative source for this date.
2024-12-12,791.00,notebook,notebook_authoritative,ready_notebook_authoritative,791.00,verified,high,14,,,,,,,Notebook is the authoritative source for this date.
2024-12-13,250.00,notebook,notebook_authoritative,ready_notebook_authoritative,250.00,verified,high,14,,,,,,,Notebook is the authoritative source for this date.
2024-12-16,640.00,notebook,notebook_authoritative,ready_notebook_authoritative,640.00,verified,high,14,,,,,,,Notebook is the authoritative source for this date.
2024-12-17,603.00,notebook,notebook_authoritative,ready_notebook_authoritative,603.00,verified,high,14,,,,,,,Notebook is the authoritative source for this date.
2024-12-18,902.00,notebook,notebook_authoritative,ready_notebook_authoritative,902.00,verified,high,14,,,,,,,Notebook is the authoritative source for this date.
2024-12-19,990.00,notebook,notebook_authoritative,ready_notebook_authoritative,990.00,verified,high,14,,,,,,,Notebook is the authoritative source for this date.
2024-12-20,666.00,notebook,notebook_authoritative,ready_notebook_authoritative,666.00,verified,high,14,,,,,,,Notebook is the authoritative source for this date.
2024-12-21,270.00,notebook,notebook_authoritative,ready_notebook_authoritative,270.00,verified,high,14,,,,,,,Notebook is the authoritative source for this date.
2024-12-23,1651.00,notebook,notebook_authoritative,ready_notebook_authoritative,1651.00,verified,high,14,,,,,,,Notebook is the authoritative source for this date.
2024-12-24,260.00,notebook,notebook_authoritative,ready_notebook_authoritative,260.00,verified,high,14,,,,,,,Notebook is the authoritative source for this date.
2024-12-26,425.00,notebook,notebook_authoritative,ready_notebook_authoritative,425.00,verified,medium,14,,,,,,,Notebook is the authoritative source for this date. Notebook note: Written weekday conflicts with the 2024 calendar; numeric date preserved literally.
2024-12-27,260.00,notebook,notebook_authoritative,ready_notebook_authoritative,260.00,verified,medium,14,,,,,,,Notebook is the authoritative source for this date. Notebook note: Written weekday conflicts with the 2024 calendar; numeric date preserved literally.
2024-12-28,,notebook,notebook_authoritative,unresolved_notebook_blank,,missing_amount,high,14,,,,,,,"Notebook is the authoritative source for this date. Notebook amount is unresolved and intentionally left blank, not zero. Notebook note: December 2024 monthly total is INCOMPLETE. This dated amount is blank or obscured; do not treat it as zero. Known daily-sales minimum for December is $15,620.00."
2025-01-01,506.00,notebook,notebook_authoritative,ready_notebook_authoritative,506.00,verified,medium,15,,,,,,,Notebook is the authoritative source for this date. Notebook note: Date numeral/weekday is partly obscured by the page marker; normalized from calendar sequence.
2025-01-02,373.00,notebook,notebook_authoritative,ready_notebook_authoritative,373.00,verified,medium,15,,,,,,,Notebook is the authoritative source for this date. Notebook note: Date numeral/weekday is partly obscured by the page marker; normalized from calendar sequence.
2025-01-03,353.00,notebook,notebook_authoritative,ready_notebook_authoritative,353.00,verified,medium,15,,,,,,,Notebook is the authoritative source for this date. Notebook note: Date numeral/weekday is partly obscured by the page marker; normalized from calendar sequence.
2025-01-04,198.00,notebook,notebook_authoritative,ready_notebook_authoritative,198.00,verified,medium,15,,,,,,,Notebook is the authoritative source for this date. Notebook note: Date numeral/weekday is partly obscured by the page marker; normalized from calendar sequence.
2025-01-06,379.00,notebook,notebook_authoritative,ready_notebook_authoritative,379.00,verified,medium,15,,,,,,,Notebook is the authoritative source for this date. Notebook note: Date numeral/weekday is partly obscured by the page marker; normalized from calendar sequence.
2025-01-13,675.00,notebook,notebook_authoritative,ready_notebook_authoritative,675.00,verified,high,15,,,,,,,Notebook is the authoritative source for this date.
2025-01-14,916.00,notebook,notebook_authoritative,ready_notebook_authoritative,916.00,verified,high,15,,,,,,,Notebook is the authoritative source for this date.
2025-01-15,831.00,notebook,notebook_authoritative,ready_notebook_authoritative,831.00,verified,high,15,,,,,,,Notebook is the authoritative source for this date.
2025-01-16,860.00,notebook,notebook_authoritative,ready_notebook_authoritative,860.00,verified,high,15,,,,,,,Notebook is the authoritative source for this date.
2025-01-17,570.00,notebook,notebook_authoritative,ready_notebook_authoritative,570.00,verified,high,15,,,,,,,Notebook is the authoritative source for this date.
2025-01-18,336.00,notebook,notebook_authoritative,ready_notebook_authoritative,336.00,verified,high,15,,,,,,,Notebook is the authoritative source for this date.
2025-01-20,923.00,notebook,notebook_authoritative,ready_notebook_authoritative,923.00,verified,high,15,,,,,,,Notebook is the authoritative source for this date.
2025-01-21,654.50,notebook,notebook_authoritative,ready_notebook_authoritative,654.50,verified,high,15,,,,,,,Notebook is the authoritative source for this date.
2025-01-22,1230.00,notebook,notebook_authoritative,ready_notebook_authoritative,1230.00,verified,high,15,,,,,,,Notebook is the authoritative source for this date.
2025-01-23,875.00,notebook,notebook_authoritative,ready_notebook_authoritative,875.00,verified,high,15,,,,,,,Notebook is the authoritative source for this date.
2025-01-24,510.00,notebook,notebook_authoritative,ready_notebook_authoritative,510.00,verified,high,15,,,,,,,Notebook is the authoritative source for this date.
2025-01-25,331.00,notebook,notebook_authoritative,ready_notebook_authoritative,331.00,verified,high,15,,,,,,,Notebook is the authoritative source for this date.
2025-01-27,672.00,notebook,notebook_authoritative,ready_notebook_authoritative,672.00,verified,high,15,,,,,,,Notebook is the authoritative source for this date.
2025-01-28,634.00,notebook,notebook_authoritative,ready_notebook_authoritative,634.00,verified,medium,15,,,,,,,Notebook is the authoritative source for this date. Notebook note: Weekday omitted.
2025-01-29,1127.00,notebook,notebook_authoritative,ready_notebook_authoritative,1127.00,verified,medium,15,,,,,,,Notebook is the authoritative source for this date. Notebook note: Weekday omitted.
2025-01-30,590.00,notebook,notebook_authoritative,ready_notebook_authoritative,590.00,verified,medium,15,,,,,,,Notebook is the authoritative source for this date. Notebook note: Weekday omitted.
2025-01-31,300.00,notebook,notebook_authoritative,ready_notebook_authoritative,300.00,verified,medium,15,,,,,,,Notebook is the authoritative source for this date. Notebook note: Weekday omitted.
2025-02-03,280.00,notebook,notebook_authoritative,ready_notebook_authoritative,280.00,verified,high,15,,,,,,,Notebook is the authoritative source for this date.
2025-02-04,708.00,notebook,notebook_authoritative,ready_notebook_authoritative,708.00,verified,high,15,,,,,,,Notebook is the authoritative source for this date.
2025-02-05,657.00,notebook,notebook_authoritative,ready_notebook_authoritative,657.00,verified,high,15,,,,,,,Notebook is the authoritative source for this date.
2025-02-06,738.00,notebook,notebook_authoritative,ready_notebook_authoritative,738.00,verified,high,15,,,,,,,Notebook is the authoritative source for this date.
2025-02-07,1080.00,notebook,notebook_authoritative,ready_notebook_authoritative,1080.00,verified,high,15,,,,,,,Notebook is the authoritative source for this date.
2025-02-08,411.00,notebook,notebook_authoritative,ready_notebook_authoritative,411.00,verified,high,15,,,,,,,Notebook is the authoritative source for this date.
2025-02-10,1030.00,notebook,notebook_authoritative,ready_notebook_authoritative,1030.00,verified,high,15,,,,,,,Notebook is the authoritative source for this date.
2025-02-11,1289.00,notebook,notebook_authoritative,ready_notebook_authoritative,1289.00,verified,high,15,,,,,,,Notebook is the authoritative source for this date.
2025-02-12,934.00,notebook,notebook_authoritative,ready_notebook_authoritative,934.00,verified,high,15,,,,,,,Notebook is the authoritative source for this date.
2025-02-13,1252.00,notebook,notebook_authoritative,ready_notebook_authoritative,1252.00,verified,high,15,,,,,,,Notebook is the authoritative source for this date.
2025-02-14,1336.00,notebook,notebook_authoritative,ready_notebook_authoritative,1336.00,verified,high,15,,,,,,,Notebook is the authoritative source for this date.
2025-02-15,510.00,notebook,notebook_authoritative,ready_notebook_authoritative,510.00,verified,high,15,,,,,,,Notebook is the authoritative source for this date.
2025-02-17,1015.00,notebook,notebook_authoritative,ready_notebook_authoritative,1015.00,verified,high,15,,,,,,,Notebook is the authoritative source for this date.
2025-02-18,1362.00,notebook,notebook_authoritative,ready_notebook_authoritative,1362.00,verified,high,15,,,,,,,Notebook is the authoritative source for this date.
2025-02-19,1030.00,notebook,notebook_authoritative,ready_notebook_authoritative,1030.00,verified,high,15,,,,,,,Notebook is the authoritative source for this date.
2025-02-20,682.00,notebook,notebook_authoritative,ready_notebook_authoritative,682.00,verified,high,15,,,,,,,Notebook is the authoritative source for this date.
2025-02-21,315.00,notebook,notebook_authoritative,ready_notebook_authoritative,315.00,verified,high,15,,,,,,,Notebook is the authoritative source for this date.
2025-02-22,186.00,notebook,notebook_authoritative,ready_notebook_authoritative,186.00,verified,high,15,,,,,,,Notebook is the authoritative source for this date.
2025-02-24,914.00,notebook,notebook_authoritative,ready_notebook_authoritative,914.00,verified,high,15,,,,,,,Notebook is the authoritative source for this date.
2025-02-25,700.00,notebook,notebook_authoritative,ready_notebook_authoritative,700.00,verified,high,15,,,,,,,Notebook is the authoritative source for this date.
2025-02-26,611.00,notebook,notebook_authoritative,ready_notebook_authoritative,611.00,verified,high,15,,,,,,,Notebook is the authoritative source for this date.
2025-02-27,568.00,notebook,notebook_authoritative,ready_notebook_authoritative,568.00,verified,high,15,,,,,,,Notebook is the authoritative source for this date.
2025-02-28,645.00,notebook,notebook_authoritative,ready_notebook_authoritative,645.00,adjudicated,high,15,,,,,,,Notebook is the authoritative source for this date. Notebook note: Focused handwriting review selected 645; the resulting section sum exactly matches the written 8028 subtotal.
2025-03-01,288.00,notebook,notebook_authoritative,ready_notebook_authoritative,288.00,verified,high,16,,,,,,,Notebook is the authoritative source for this date.
2025-03-03,870.00,notebook,notebook_authoritative,ready_notebook_authoritative,870.00,verified,high,16,,,,,,,Notebook is the authoritative source for this date.
2025-03-04,930.00,notebook,notebook_authoritative,ready_notebook_authoritative,930.00,verified,high,16,,,,,,,Notebook is the authoritative source for this date.
2025-03-05,381.00,notebook,notebook_authoritative,ready_notebook_authoritative,381.00,verified,high,16,,,,,,,Notebook is the authoritative source for this date.
2025-03-06,638.00,notebook,notebook_authoritative,ready_notebook_authoritative,638.00,verified,high,16,,,,,,,Notebook is the authoritative source for this date.
2025-03-07,194.00,notebook,notebook_authoritative,ready_notebook_authoritative,194.00,verified,high,16,,,,,,,Notebook is the authoritative source for this date.
2025-03-08,300.00,notebook,notebook_authoritative,ready_notebook_authoritative,300.00,verified,high,16,,,,,,,Notebook is the authoritative source for this date.
2025-03-10,757.00,notebook,notebook_authoritative,ready_notebook_authoritative,757.00,verified,high,16,,,,,,,Notebook is the authoritative source for this date.
2025-03-11,1072.00,notebook,notebook_authoritative,ready_notebook_authoritative,1072.00,verified,high,16,,,,,,,Notebook is the authoritative source for this date.
2025-03-12,418.00,notebook,notebook_authoritative,ready_notebook_authoritative,418.00,verified,high,16,,,,,,,Notebook is the authoritative source for this date.
2025-03-13,505.00,notebook,notebook_authoritative,ready_notebook_authoritative,505.00,verified,high,16,,,,,,,Notebook is the authoritative source for this date.
2025-03-14,457.00,notebook,notebook_authoritative,ready_notebook_authoritative,457.00,verified,high,16,,,,,,,Notebook is the authoritative source for this date.
2025-03-15,120.00,notebook,notebook_authoritative,ready_notebook_authoritative,120.00,verified,medium,16,,,,,,,Notebook is the authoritative source for this date. Notebook note: Date numeral omitted; inferred from weekday sequence.
2025-03-17,392.00,notebook,notebook_authoritative,ready_notebook_authoritative,392.00,verified,high,16,,,,,,,Notebook is the authoritative source for this date.
2025-03-18,685.00,notebook,notebook_authoritative,ready_notebook_authoritative,685.00,verified,high,16,,,,,,,Notebook is the authoritative source for this date.
2025-03-19,1700.00,notebook,notebook_authoritative,ready_notebook_authoritative,1700.00,adjudicated,high,16,,,,,,,"Notebook is the authoritative source for this date. Notebook note: Focused review confirms a distinct leading 1 in the amount; this is 1700, not 700."
2025-03-20,738.00,notebook,notebook_authoritative,ready_notebook_authoritative,738.00,verified,high,16,,,,,,,Notebook is the authoritative source for this date.
2025-03-21,695.00,notebook,notebook_authoritative,ready_notebook_authoritative,695.00,verified,medium,16,,,,,,,Notebook is the authoritative source for this date. Notebook note: Date numeral omitted; inferred from weekday sequence.
2025-03-22,330.00,notebook,notebook_authoritative,ready_notebook_authoritative,330.00,verified,medium,16,,,,,,,Notebook is the authoritative source for this date. Notebook note: Date numeral omitted; inferred from weekday sequence.
2025-03-24,1350.00,notebook,notebook_authoritative,ready_notebook_authoritative,1350.00,verified,high,16,,,,,,,Notebook is the authoritative source for this date.
2025-03-25,767.00,notebook,notebook_authoritative,ready_notebook_authoritative,767.00,verified,medium,16,,,,,,,Notebook is the authoritative source for this date. Notebook note: Date numeral omitted; inferred from weekday sequence.
2025-03-26,468.00,notebook,notebook_authoritative,ready_notebook_authoritative,468.00,verified,medium,16,,,,,,,Notebook is the authoritative source for this date. Notebook note: Date numeral omitted; inferred from weekday sequence.
2025-03-27,525.00,notebook,notebook_authoritative,ready_notebook_authoritative,525.00,verified,medium,16,,,,,,,Notebook is the authoritative source for this date. Notebook note: Date numeral omitted; inferred from weekday sequence.
2025-03-28,,notebook,notebook_authoritative,unresolved_notebook_blank,,missing_amount,high,16,,,,,,,"Notebook is the authoritative source for this date. Notebook amount is unresolved and intentionally left blank, not zero. Notebook note: Date inferred from weekday sequence. The clearly written 280 is crossed out with no replacement, so no active sale is recorded."
2025-03-29,280.00,notebook,notebook_authoritative,ready_notebook_authoritative,280.00,verified,medium,16,,,,,,,Notebook is the authoritative source for this date. Notebook note: Date numeral omitted; inferred from weekday sequence.
2025-04-01,820.00,notebook,notebook_authoritative,ready_notebook_authoritative,820.00,verified,high,16,,,,,,,Notebook is the authoritative source for this date.
2025-04-02,1210.00,notebook,notebook_authoritative,ready_notebook_authoritative,1210.00,verified,high,16,,,,,,,Notebook is the authoritative source for this date.
2025-04-03,962.00,notebook,notebook_authoritative,ready_notebook_authoritative,962.00,verified,high,16,,,,,,,Notebook is the authoritative source for this date.
2025-04-04,810.00,notebook,notebook_authoritative,ready_notebook_authoritative,810.00,verified,high,16,,,,,,,Notebook is the authoritative source for this date.
2025-04-05,326.00,notebook,notebook_authoritative,ready_notebook_authoritative,326.00,verified,high,16,,,,,,,Notebook is the authoritative source for this date.
2025-04-07,702.00,notebook,notebook_authoritative,ready_notebook_authoritative,702.00,verified,high,16,,,,,,,Notebook is the authoritative source for this date.
2025-04-08,478.00,notebook,notebook_authoritative,ready_notebook_authoritative,478.00,verified,high,16,,,,,,,Notebook is the authoritative source for this date.
2025-04-09,370.00,notebook,notebook_authoritative,ready_notebook_authoritative,370.00,verified,high,16,,,,,,,Notebook is the authoritative source for this date.
2025-04-10,769.00,notebook,notebook_authoritative,ready_notebook_authoritative,769.00,verified,high,16,,,,,,,Notebook is the authoritative source for this date.
2025-04-11,571.00,notebook,notebook_authoritative,ready_notebook_authoritative,571.00,verified,high,16,,,,,,,Notebook is the authoritative source for this date.
2025-04-12,268.00,notebook,notebook_authoritative,ready_notebook_authoritative,268.00,verified,medium,16,,,,,,,Notebook is the authoritative source for this date. Notebook note: Date numeral omitted; inferred from weekday sequence. Nearby small annotation is unclassified.
2025-04-14,474.00,notebook,notebook_authoritative,ready_notebook_authoritative,474.00,verified,medium,16,,,,,,,Notebook is the authoritative source for this date. Notebook note: Date numeral omitted; inferred from weekday sequence.
2025-04-15,750.00,notebook,notebook_authoritative,ready_notebook_authoritative,750.00,verified,medium,16,,,,,,,Notebook is the authoritative source for this date. Notebook note: Date numeral omitted; inferred from weekday sequence.
2025-04-22,410.00,notebook,notebook_authoritative,ready_notebook_authoritative,410.00,verified,high,16,,,,,,,Notebook is the authoritative source for this date.
2025-04-23,417.00,notebook,notebook_authoritative,ready_notebook_authoritative,417.00,verified,high,16,,,,,,,Notebook is the authoritative source for this date.
2025-04-24,408.00,notebook,notebook_authoritative,ready_notebook_authoritative,408.00,verified,high,16,,,,,,,Notebook is the authoritative source for this date.
2025-04-25,519.00,notebook,notebook_authoritative,ready_notebook_authoritative,519.00,verified,high,16,,,,,,,Notebook is the authoritative source for this date.
2025-04-26,196.00,notebook,notebook_authoritative,ready_notebook_authoritative,196.00,verified,high,16,,,,,,,Notebook is the authoritative source for this date.
2025-04-28,1572.00,notebook,notebook_authoritative,ready_notebook_authoritative,1572.00,verified,high,16,,,,,,,Notebook is the authoritative source for this date.
2025-04-29,806.00,notebook,notebook_authoritative,ready_notebook_authoritative,806.00,verified,high,16,,,,,,,Notebook is the authoritative source for this date.
2025-04-30,498.00,notebook,notebook_authoritative,ready_notebook_authoritative,498.00,verified,high,16,,,,,,,Notebook is the authoritative source for this date.
2025-05-02,550.00,notebook,notebook_authoritative,ready_notebook_authoritative,550.00,verified,high,17,,,,,,,Notebook is the authoritative source for this date.
2025-05-03,200.00,notebook,notebook_authoritative,ready_notebook_authoritative,200.00,verified,high,17,,,,,,,Notebook is the authoritative source for this date.
2025-05-05,400.00,notebook,notebook_authoritative,ready_notebook_authoritative,400.00,verified,high,17,,,,,,,Notebook is the authoritative source for this date.
2025-05-06,784.00,notebook,notebook_authoritative,ready_notebook_authoritative,784.00,verified,high,17,,,,,,,Notebook is the authoritative source for this date. Notebook note: Nearby (5-8) notation is a side note and is excluded.
2025-05-07,940.00,notebook,notebook_authoritative,ready_notebook_authoritative,940.00,verified,high,17,,,,,,,Notebook is the authoritative source for this date.
2025-05-08,890.00,notebook,notebook_authoritative,ready_notebook_authoritative,890.00,verified,medium,17,,,,,,,Notebook is the authoritative source for this date. Notebook note: Day numeral is faint but follows the calendar sequence.
2025-05-09,1143.00,notebook,notebook_authoritative,ready_notebook_authoritative,1143.00,verified,medium,17,,,,,,,Notebook is the authoritative source for this date. Notebook note: Date numeral omitted; inferred from weekday and source sequence.
2025-05-12,1212.00,notebook,notebook_authoritative,ready_notebook_authoritative,1212.00,verified,medium,17,,,,,,,Notebook is the authoritative source for this date. Notebook note: Date numeral omitted; inferred from weekday and source sequence.
2025-05-13,1169.00,notebook,notebook_authoritative,ready_notebook_authoritative,1169.00,verified,medium,17,,,,,,,Notebook is the authoritative source for this date. Notebook note: Date numeral omitted; inferred from weekday and source sequence.
2025-05-14,865.00,notebook,notebook_authoritative,ready_notebook_authoritative,865.00,verified,medium,17,,,,,,,Notebook is the authoritative source for this date. Notebook note: Date numeral omitted; inferred from weekday and source sequence.
2025-05-15,170.00,notebook,notebook_authoritative,ready_notebook_authoritative,170.00,verified,medium,17,,,,,,,Notebook is the authoritative source for this date. Notebook note: Date numeral omitted; inferred from weekday and source sequence.
2025-05-16,571.00,notebook,notebook_authoritative,ready_notebook_authoritative,571.00,adjudicated,medium,17,,,,,,,Notebook is the authoritative source for this date. Notebook note: Two-agent review and direct crop favor 571 over 521.
2025-05-17,165.00,notebook,notebook_authoritative,ready_notebook_authoritative,165.00,verified,high,17,,,,,,,Notebook is the authoritative source for this date.
2025-05-19,763.00,notebook,notebook_authoritative,ready_notebook_authoritative,763.00,verified,high,17,,,,,,,Notebook is the authoritative source for this date.
2025-05-20,780.00,notebook,notebook_authoritative,ready_notebook_authoritative,780.00,verified,high,17,,,,,,,Notebook is the authoritative source for this date.
2025-05-21,812.00,notebook,notebook_authoritative,ready_notebook_authoritative,812.00,verified,high,17,,,,,,,Notebook is the authoritative source for this date.
2025-05-22,360.00,notebook,notebook_authoritative,ready_notebook_authoritative,360.00,verified,high,17,,,,,,,Notebook is the authoritative source for this date.
2025-05-23,426.00,notebook,notebook_authoritative,ready_notebook_authoritative,426.00,verified,medium,17,,,,,,,Notebook is the authoritative source for this date. Notebook note: Date numeral omitted; inferred from weekday and source sequence.
2025-05-24,180.00,notebook,notebook_authoritative,ready_notebook_authoritative,180.00,verified,medium,17,,,,,,,Notebook is the authoritative source for this date. Notebook note: Date numeral omitted; inferred from weekday and source sequence.
2025-05-26,730.00,notebook,notebook_authoritative,ready_notebook_authoritative,730.00,verified,medium,17,,,,,,,Notebook is the authoritative source for this date. Notebook note: Date numeral omitted; inferred from weekday and source sequence.
2025-05-27,850.00,notebook,notebook_authoritative,ready_notebook_authoritative,850.00,verified,medium,17,,,,,,,Notebook is the authoritative source for this date. Notebook note: Date numeral omitted; inferred from weekday and source sequence.
2025-05-28,800.00,notebook,notebook_authoritative,ready_notebook_authoritative,800.00,verified,medium,17,,,,,,,Notebook is the authoritative source for this date. Notebook note: Date numeral omitted; inferred from weekday and source sequence.
2025-05-29,470.00,notebook,notebook_authoritative,ready_notebook_authoritative,470.00,verified,medium,17,,,,,,,Notebook is the authoritative source for this date. Notebook note: Date numeral omitted; inferred from weekday and source sequence.
2025-05-30,420.00,notebook,notebook_authoritative,ready_notebook_authoritative,420.00,verified,medium,17,,,,,,,Notebook is the authoritative source for this date. Notebook note: Date numeral omitted; inferred from weekday and source sequence.
2025-05-31,240.00,notebook,notebook_authoritative,ready_notebook_authoritative,240.00,verified,medium,17,,,,,,,Notebook is the authoritative source for this date. Notebook note: Date numeral omitted; inferred from weekday and source sequence.
2025-06-02,602.00,notebook,notebook_authoritative,ready_notebook_authoritative,602.00,verified,high,17,,,,,,,Notebook is the authoritative source for this date.
2025-06-03,600.00,notebook,notebook_authoritative,ready_notebook_authoritative,600.00,verified,high,17,,,,,,,Notebook is the authoritative source for this date.
2025-06-04,939.00,notebook,notebook_authoritative,ready_notebook_authoritative,939.00,verified,high,17,,,,,,,Notebook is the authoritative source for this date.
2025-06-05,1077.00,notebook,notebook_authoritative,ready_notebook_authoritative,1077.00,verified,high,17,,,,,,,Notebook is the authoritative source for this date.
2025-06-06,800.00,notebook,notebook_authoritative,ready_notebook_authoritative,800.00,verified,high,17,,,,,,,Notebook is the authoritative source for this date.
2025-06-09,1050.00,notebook,notebook_authoritative,ready_notebook_authoritative,1050.00,verified,high,17,,,,,,,Notebook is the authoritative source for this date.
2025-06-10,579.00,notebook,notebook_authoritative,ready_notebook_authoritative,579.00,adjudicated,medium,17,,,,,,,Notebook is the authoritative source for this date. Notebook note: Agents split between 519 and 579. Direct high-resolution glyph review favors 579; the resulting visible subtotal remains 320 above the written figure.
2025-06-11,1164.00,notebook,notebook_authoritative,ready_notebook_authoritative,1164.00,verified,medium,17,,,,,,,Notebook is the authoritative source for this date. Notebook note: Date numeral omitted; inferred from weekday and source sequence.
2025-06-12,581.00,notebook,notebook_authoritative,ready_notebook_authoritative,581.00,verified,medium,17,,,,,,,Notebook is the authoritative source for this date. Notebook note: Date numeral omitted; inferred from weekday and source sequence.
2025-06-13,740.00,notebook,notebook_authoritative,ready_notebook_authoritative,740.00,adjudicated,medium,17,,,,,,,Notebook is the authoritative source for this date. Notebook note: First digit is overwritten; two-agent review favors 740.
2025-06-14,464.00,notebook,notebook_authoritative,ready_notebook_authoritative,464.00,verified,medium,17,,,,,,,Notebook is the authoritative source for this date. Notebook note: Date numeral omitted; inferred from weekday and source sequence.
2025-06-16,295.00,notebook,notebook_authoritative,ready_notebook_authoritative,295.00,verified,high,17,,,,,,,Notebook is the authoritative source for this date.
2025-06-17,710.00,notebook,notebook_authoritative,ready_notebook_authoritative,710.00,verified,high,17,,,,,,,Notebook is the authoritative source for this date.
2025-06-18,984.00,notebook,notebook_authoritative,ready_notebook_authoritative,984.00,verified,high,17,,,,,,,Notebook is the authoritative source for this date.
2025-06-19,596.00,notebook,notebook_authoritative,ready_notebook_authoritative,596.00,verified,high,17,,,,,,,Notebook is the authoritative source for this date.
2025-06-20,472.00,notebook,notebook_authoritative,ready_notebook_authoritative,472.00,verified,high,17,,,,,,,"Notebook is the authoritative source for this date. Notebook note: Small plus sign is stray notation, not an amount adjustment."
2025-06-21,200.00,notebook,notebook_authoritative,ready_notebook_authoritative,200.00,verified,high,17,,,,,,,Notebook is the authoritative source for this date.
2025-06-23,608.00,notebook,notebook_authoritative,ready_notebook_authoritative,608.00,adjudicated,medium,17,,,,,,,Notebook is the authoritative source for this date. Notebook note: Date inferred from sequence; final digit is heavily retraced and two-agent review favors 608.
2025-06-24,440.00,notebook,notebook_authoritative,ready_notebook_authoritative,440.00,adjudicated,medium,17,,,,,,,Notebook is the authoritative source for this date. Notebook note: Agents split between 420 and 440. Direct high-resolution glyph review favors 440.
2025-06-25,575.00,notebook,notebook_authoritative,ready_notebook_authoritative,575.00,verified,medium,17,,,,,,,Notebook is the authoritative source for this date. Notebook note: Date numeral omitted; inferred from weekday and source sequence.
2025-06-26,565.00,notebook,notebook_authoritative,ready_notebook_authoritative,565.00,verified,medium,17,,,,,,,Notebook is the authoritative source for this date. Notebook note: Date numeral omitted; inferred from weekday and source sequence.
2025-06-27,370.00,notebook,notebook_authoritative,ready_notebook_authoritative,370.00,verified,medium,17,,,,,,,Notebook is the authoritative source for this date. Notebook note: Date numeral omitted; inferred from weekday and source sequence.
2025-06-28,316.00,notebook,notebook_authoritative,ready_notebook_authoritative,316.00,verified,medium,17,,,,,,,Notebook is the authoritative source for this date. Notebook note: Date numeral omitted; inferred from weekday and source sequence.
2025-06-30,630.00,notebook,notebook_authoritative,ready_notebook_authoritative,630.00,adjudicated,medium,17,,,,,,,Notebook is the authoritative source for this date. Notebook note: Isolated amount below June 28; assigned to Monday June 30 from calendar sequence.
2025-07-01,365.00,notebook,notebook_authoritative,ready_notebook_authoritative,365.00,verified,high,19,,,,,,,Notebook is the authoritative source for this date.
2025-07-02,412.00,notebook,notebook_authoritative,ready_notebook_authoritative,412.00,verified,high,19,,,,,,,Notebook is the authoritative source for this date.
2025-07-03,1030.00,notebook,notebook_authoritative,ready_notebook_authoritative,1030.00,verified,high,19,,,,,,,Notebook is the authoritative source for this date.
2025-07-04,206.00,notebook,notebook_authoritative,ready_notebook_authoritative,206.00,verified,high,19,,,,,,,Notebook is the authoritative source for this date.
2025-07-05,412.00,notebook,notebook_authoritative,ready_notebook_authoritative,412.00,verified,high,19,,,,,,,Notebook is the authoritative source for this date.
2025-07-07,703.00,notebook,notebook_authoritative,ready_notebook_authoritative,703.00,verified,high,19,,,,,,,Notebook is the authoritative source for this date.
2025-07-08,590.00,notebook,notebook_authoritative,ready_notebook_authoritative,590.00,verified,medium,19,,,,,,,Notebook is the authoritative source for this date. Notebook note: Date numeral omitted; inferred from weekday and source sequence.
2025-07-14,480.00,notebook,notebook_authoritative,ready_notebook_authoritative,480.00,verified,high,19,,,,,,,Notebook is the authoritative source for this date.
2025-07-15,319.00,notebook,notebook_authoritative,ready_notebook_authoritative,319.00,verified,high,19,,,,,,,Notebook is the authoritative source for this date.
2025-07-16,1068.00,notebook,notebook_authoritative,ready_notebook_authoritative,1068.00,verified,high,19,,,,,,,Notebook is the authoritative source for this date.
2025-07-17,665.00,notebook,notebook_authoritative,ready_notebook_authoritative,665.00,verified,high,19,,,,,,,Notebook is the authoritative source for this date.
2025-07-18,96.00,notebook,notebook_authoritative,ready_notebook_authoritative,96.00,verified,high,19,,,,,,,Notebook is the authoritative source for this date.
2025-07-21,302.00,notebook,notebook_authoritative,ready_notebook_authoritative,302.00,adjudicated,medium,19,,,,,,,Notebook is the authoritative source for this date. Notebook note: Literal date is two days early; normalized by Monday/calendar sequence. Explicit deposit 231 is excluded from daily sales.
2025-07-22,210.00,notebook,notebook_authoritative,ready_notebook_authoritative,210.00,adjudicated,medium,19,,,,,,,Notebook is the authoritative source for this date. Notebook note: Literal date is two days early; normalized by weekday/calendar sequence.
2025-07-23,600.00,notebook,notebook_authoritative,ready_notebook_authoritative,600.00,adjudicated,medium,19,,,,,,,Notebook is the authoritative source for this date. Notebook note: Literal date is two days early; normalized by weekday/calendar sequence.
2025-07-24,354.00,notebook,notebook_authoritative,ready_notebook_authoritative,354.00,adjudicated,medium,19,,,,,,,Notebook is the authoritative source for this date. Notebook note: Literal date is two days early; normalized by weekday/calendar sequence.
2025-07-25,398.00,notebook,notebook_authoritative,ready_notebook_authoritative,398.00,verified,medium,19,,,,,,,Notebook is the authoritative source for this date. Notebook note: Date numeral omitted; inferred from shifted weekday sequence.
2025-07-28,309.00,notebook,notebook_authoritative,ready_notebook_authoritative,309.00,verified,medium,19,,,,,,,Notebook is the authoritative source for this date. Notebook note: Date numeral omitted; inferred from shifted weekday sequence.
2025-07-29,209.00,notebook,notebook_authoritative,ready_notebook_authoritative,209.00,adjudicated,medium,19,,,,,,,Notebook is the authoritative source for this date. Notebook note: Date numeral omitted. First digit is overwritten; two-agent review favors 209. A forced 227 would reconcile the written subtotal but is not visually supported.
2025-07-30,2377.00,notebook,notebook_authoritative,ready_notebook_authoritative,2377.00,verified,medium,19,,,,,,,Notebook is the authoritative source for this date. Notebook note: Date numeral omitted; inferred from shifted weekday sequence.
2025-07-31,466.00,notebook,notebook_authoritative,ready_notebook_authoritative,466.00,verified,medium,19,,,,,,,Notebook is the authoritative source for this date. Notebook note: Date numeral omitted; inferred from shifted weekday sequence.
2025-08-01,740.00,notebook,notebook_authoritative,ready_notebook_authoritative,740.00,adjudicated,medium,19,,,,,,,"Notebook is the authoritative source for this date. Notebook note: Leading 7 is faded; 740 makes the written 5,934 subtotal exact. Separate MP 100 is excluded."
2025-08-04,400.00,notebook,notebook_authoritative,ready_notebook_authoritative,400.00,adjudicated,high,19,,,,,,,"Notebook is the authoritative source for this date. Notebook note: Primary read initially proposed 1,100, but direct glyph review and exact section subtotal establish 400."
2025-08-05,369.00,notebook,notebook_authoritative,ready_notebook_authoritative,369.00,verified,high,19,,,,,,,Notebook is the authoritative source for this date.
2025-08-06,163.00,notebook,notebook_authoritative,ready_notebook_authoritative,163.00,verified,high,19,,,,,,,Notebook is the authoritative source for this date.
2025-08-07,450.00,notebook,notebook_authoritative,ready_notebook_authoritative,450.00,verified,high,19,,,,,,,Notebook is the authoritative source for this date.
2025-08-08,834.00,notebook,notebook_authoritative,ready_notebook_authoritative,834.00,verified,high,19,,,,,,,Notebook is the authoritative source for this date.
2025-08-09,125.00,notebook,notebook_authoritative,ready_notebook_authoritative,125.00,verified,high,19,,,,,,,Notebook is the authoritative source for this date.
2025-08-11,611.00,notebook,notebook_authoritative,ready_notebook_authoritative,611.00,verified,medium,19,,,,,,,Notebook is the authoritative source for this date. Notebook note: Irregular weekday abbreviation; amount reads 611.
2025-08-12,565.00,notebook,notebook_authoritative,ready_notebook_authoritative,565.00,verified,high,19,,,,,,,Notebook is the authoritative source for this date.
2025-08-13,663.00,notebook,notebook_authoritative,ready_notebook_authoritative,663.00,verified,high,19,,,,,,,Notebook is the authoritative source for this date.
2025-08-14,441.00,notebook,notebook_authoritative,ready_notebook_authoritative,441.00,verified,high,19,,,,,,,Notebook is the authoritative source for this date.
2025-08-15,573.00,notebook,notebook_authoritative,ready_notebook_authoritative,573.00,verified,high,19,,,,,,,Notebook is the authoritative source for this date.
2025-08-16,750.00,notebook,notebook_authoritative,ready_notebook_authoritative,750.00,adjudicated,high,20,,,,,,,Notebook is the authoritative source for this date. Notebook note: Explicit row arithmetic evaluates to 750.
2025-08-18,617.00,notebook,notebook_authoritative,ready_notebook_authoritative,617.00,adjudicated,low,20,,,,,,,Notebook is the authoritative source for this date. Notebook note: Final surviving reading is 617; earlier strokes are obscured.
2025-08-19,835.00,notebook,notebook_authoritative,ready_notebook_authoritative,835.00,verified,high,20,,,,,,,Notebook is the authoritative source for this date.
2025-08-20,450.00,notebook,notebook_authoritative,ready_notebook_authoritative,450.00,verified,high,20,,,,,,,Notebook is the authoritative source for this date.
2025-08-21,518.00,notebook,notebook_authoritative,ready_notebook_authoritative,518.00,verified,high,20,,,,,,,Notebook is the authoritative source for this date.
2025-08-22,260.00,notebook,notebook_authoritative,ready_notebook_authoritative,260.00,verified,high,20,,,,,,,Notebook is the authoritative source for this date.
2025-08-23,362.00,notebook,notebook_authoritative,ready_notebook_authoritative,362.00,adjudicated,medium,20,,,,,,,Notebook is the authoritative source for this date. Notebook note: Agents split between 362 and 368; direct high-resolution crop favors 362.
2025-08-25,1025.00,notebook,notebook_authoritative,ready_notebook_authoritative,1025.00,verified,high,20,,,,,,,Notebook is the authoritative source for this date.
2025-08-26,1820.00,notebook,notebook_authoritative,ready_notebook_authoritative,1820.00,adjudicated,high,20,,,,,,,"Notebook is the authoritative source for this date. Notebook note: Explicit row arithmetic evaluates to 1,820."
2025-08-27,970.00,notebook,notebook_authoritative,ready_notebook_authoritative,970.00,verified,high,20,,,,,,,Notebook is the authoritative source for this date.
2025-08-28,1033.00,notebook,notebook_authoritative,ready_notebook_authoritative,1033.00,verified,high,20,,,,,,,Notebook is the authoritative source for this date.
2025-08-29,1667.00,notebook,notebook_authoritative,ready_notebook_authoritative,1667.00,verified,high,20,,,,,,,Notebook is the authoritative source for this date.
2025-08-30,1668.00,notebook,notebook_authoritative,ready_notebook_authoritative,1668.00,verified,high,20,,,,,,,Notebook is the authoritative source for this date.
2025-09-01,3320.00,notebook,notebook_authoritative,ready_notebook_authoritative,3320.00,verified,high,20,,,,,,,Notebook is the authoritative source for this date. Notebook note: Separate MP 100 is excluded from daily sales.
2025-09-02,3831.00,notebook,notebook_authoritative,ready_notebook_authoritative,3831.00,verified,high,20,,,,,,,Notebook is the authoritative source for this date.
2025-09-03,1205.00,notebook,notebook_authoritative,ready_notebook_authoritative,1205.00,verified,high,20,,,,,,,Notebook is the authoritative source for this date.
2025-09-04,1980.00,notebook,notebook_authoritative,ready_notebook_authoritative,1980.00,verified,high,20,,,,,,,Notebook is the authoritative source for this date.
2025-09-05,653.00,notebook,notebook_authoritative,ready_notebook_authoritative,653.00,adjudicated,medium,20,,,,,,,"Notebook is the authoritative source for this date. Notebook note: Direct glyph reads 653. Reading 643 would reconcile separate arithmetic, but is not visually supported."
2025-09-06,1902.00,notebook,notebook_authoritative,ready_notebook_authoritative,1902.00,verified,high,20,,,,,,,Notebook is the authoritative source for this date.
2025-09-08,1971.00,notebook,notebook_authoritative,ready_notebook_authoritative,1971.00,verified,high,20,,,,,,,Notebook is the authoritative source for this date.
2025-09-09,1822.00,notebook,notebook_authoritative,ready_notebook_authoritative,1822.00,verified,high,20,,,,,,,Notebook is the authoritative source for this date.
2025-09-10,1360.00,notebook,notebook_authoritative,ready_notebook_authoritative,1360.00,verified,high,20,,,,,,,Notebook is the authoritative source for this date.
2025-09-11,748.00,notebook,notebook_authoritative,ready_notebook_authoritative,748.00,verified,high,20,,,,,,,Notebook is the authoritative source for this date.
2025-09-12,950.00,notebook,notebook_authoritative,ready_notebook_authoritative,950.00,verified,high,20,,,,,,,Notebook is the authoritative source for this date.
2025-09-13,557.00,notebook,notebook_authoritative,ready_notebook_authoritative,557.00,verified,high,20,,,,,,,Notebook is the authoritative source for this date.
2025-09-15,740.00,notebook,notebook_authoritative,ready_notebook_authoritative,740.00,verified,high,20,,,,,,,Notebook is the authoritative source for this date.
2025-09-17,1515.00,notebook,notebook_authoritative,ready_notebook_authoritative,1515.00,verified,high,20,,,,,,,Notebook is the authoritative source for this date.
2025-09-18,1020.00,notebook,notebook_authoritative,ready_notebook_authoritative,1020.00,verified,high,20,,,,,,,Notebook is the authoritative source for this date.
2025-09-19,685.00,notebook,notebook_authoritative,ready_notebook_authoritative,685.00,verified,high,20,,,,,,,Notebook is the authoritative source for this date.
2025-09-20,130.00,notebook,notebook_authoritative,ready_notebook_authoritative,130.00,verified,high,20,,,,,,,Notebook is the authoritative source for this date.
2025-09-22,1106.00,notebook,notebook_authoritative,ready_notebook_authoritative,1106.00,adjudicated,medium,20,,,,,,,Notebook is the authoritative source for this date. Notebook note: Literal date is one day early; normalized by Monday/calendar sequence.
2025-09-23,690.00,notebook,notebook_authoritative,ready_notebook_authoritative,690.00,adjudicated,medium,20,,,,,,,Notebook is the authoritative source for this date. Notebook note: Literal date is one day early; normalized by weekday/calendar sequence.
2025-09-24,570.00,notebook,notebook_authoritative,ready_notebook_authoritative,570.00,adjudicated,medium,20,,,,,,,Notebook is the authoritative source for this date. Notebook note: Literal date is one day early; normalized by weekday/calendar sequence.
2025-09-25,470.00,notebook,notebook_authoritative,ready_notebook_authoritative,470.00,adjudicated,medium,20,,,,,,,Notebook is the authoritative source for this date. Notebook note: Literal date is one day early; normalized by weekday/calendar sequence.
2025-09-26,861.00,notebook,notebook_authoritative,ready_notebook_authoritative,861.00,adjudicated,medium,20,,,,,,,Notebook is the authoritative source for this date. Notebook note: Literal date is one day early; normalized by weekday/calendar sequence.
2025-09-27,240.00,notebook,notebook_authoritative,ready_notebook_authoritative,240.00,adjudicated,medium,20,,,,,,,Notebook is the authoritative source for this date. Notebook note: Literal date is one day early; normalized by weekday/calendar sequence.
2025-09-29,867.00,notebook,notebook_authoritative,ready_notebook_authoritative,867.00,adjudicated,medium,20,,,,,,,Notebook is the authoritative source for this date. Notebook note: Literal date is two days early; normalized to Monday September 29 by calendar sequence.
2025-09-30,1142.00,notebook,notebook_authoritative,ready_notebook_authoritative,1142.00,verified,high,20,,,,,,,Notebook is the authoritative source for this date.
2025-10-01,950.00,notebook,notebook_authoritative,ready_notebook_authoritative,950.00,verified,high,21,,,,,,,Notebook is the authoritative source for this date.
2025-10-02,900.00,notebook,notebook_authoritative,ready_notebook_authoritative,900.00,verified,high,21,,,,,,,Notebook is the authoritative source for this date.
2025-10-03,1273.00,notebook,notebook_authoritative,ready_notebook_authoritative,1273.00,verified,high,21,,,,,,,Notebook is the authoritative source for this date.
2025-10-06,720.00,notebook,notebook_authoritative,ready_notebook_authoritative,720.00,verified,high,21,,,,,,,Notebook is the authoritative source for this date.
2025-10-07,906.00,notebook,notebook_authoritative,ready_notebook_authoritative,906.00,adjudicated,medium,21,,,,,,,Notebook is the authoritative source for this date. Notebook note: High-resolution glyph review favors 906 over 986.
2025-10-08,830.00,notebook,notebook_authoritative,ready_notebook_authoritative,830.00,verified,high,21,,,,,,,Notebook is the authoritative source for this date.
2025-10-09,432.00,notebook,notebook_authoritative,ready_notebook_authoritative,432.00,verified,medium,21,,,,,,,Notebook is the authoritative source for this date. Notebook note: Written weekday conflicts with the 2025 calendar; explicit date is preserved.
2025-10-10,185.00,notebook,notebook_authoritative,ready_notebook_authoritative,185.00,verified,high,21,,,,,,,Notebook is the authoritative source for this date. Notebook note: Explicit +300 side amount is excluded from the daily sale base.
2025-10-13,1268.00,notebook,notebook_authoritative,ready_notebook_authoritative,1268.00,verified,high,21,,,,,,,Notebook is the authoritative source for this date.
2025-10-14,850.00,notebook,notebook_authoritative,ready_notebook_authoritative,850.00,verified,high,21,,,,,,,Notebook is the authoritative source for this date.
2025-10-15,1394.00,notebook,notebook_authoritative,ready_notebook_authoritative,1394.00,adjudicated,medium,21,,,,,,,Notebook is the authoritative source for this date. Notebook note: Standalone underlined amount after October 14 is treated as an inferred October 15 daily row; no date is written.
2025-10-16,866.00,notebook,notebook_authoritative,ready_notebook_authoritative,866.00,verified,high,21,,,,,,,Notebook is the authoritative source for this date.
2025-10-17,748.00,notebook,notebook_authoritative,ready_notebook_authoritative,748.00,verified,high,21,,,,,,,Notebook is the authoritative source for this date.
2025-10-18,250.00,notebook,notebook_authoritative,ready_notebook_authoritative,250.00,verified,high,21,,,,,,,Notebook is the authoritative source for this date.
2025-10-20,1480.00,notebook,notebook_authoritative,ready_notebook_authoritative,1480.00,verified,high,21,,,,,,,Notebook is the authoritative source for this date.
2025-10-21,1550.00,notebook,notebook_authoritative,ready_notebook_authoritative,1550.00,verified,high,21,,,,,,,Notebook is the authoritative source for this date.
2025-10-22,106.00,notebook,notebook_authoritative,ready_notebook_authoritative,106.00,verified,high,21,,,,,,,Notebook is the authoritative source for this date.
2025-10-23,1711.00,notebook,notebook_authoritative,ready_notebook_authoritative,1711.00,verified,high,21,,,,,,,Notebook is the authoritative source for this date.
2025-10-24,1031.00,notebook,notebook_authoritative,ready_notebook_authoritative,1031.00,verified,high,21,,,,,,,Notebook is the authoritative source for this date.
2025-10-25,253.00,notebook,notebook_authoritative,ready_notebook_authoritative,253.00,verified,high,21,,,,,,,Notebook is the authoritative source for this date.
2025-10-27,2162.00,notebook,notebook_authoritative,ready_notebook_authoritative,2162.00,verified,high,21,,,,,,,Notebook is the authoritative source for this date.
2025-10-28,1080.00,notebook,notebook_authoritative,ready_notebook_authoritative,1080.00,verified,high,21,,,,,,,Notebook is the authoritative source for this date.
2025-10-29,1597.00,notebook,notebook_authoritative,ready_notebook_authoritative,1597.00,verified,high,21,,,,,,,Notebook is the authoritative source for this date.
2025-10-30,868.00,notebook,notebook_authoritative,ready_notebook_authoritative,868.00,verified,medium,21,,,,,,,Notebook is the authoritative source for this date. Notebook note: Date numeral omitted; inferred from sequence.
2025-10-31,1016.00,notebook,notebook_authoritative,ready_notebook_authoritative,1016.00,verified,medium,21,,,,,,,Notebook is the authoritative source for this date. Notebook note: Date numeral omitted; inferred from sequence.
2025-11-03,1233.00,notebook,notebook_authoritative,ready_notebook_authoritative,1233.00,verified,high,21,,,,,,,Notebook is the authoritative source for this date.
2025-11-04,290.00,notebook,notebook_authoritative,ready_notebook_authoritative,290.00,verified,high,21,,,,,,,Notebook is the authoritative source for this date.
2025-11-05,920.00,notebook,notebook_authoritative,ready_notebook_authoritative,920.00,verified,high,21,,,,,,,Notebook is the authoritative source for this date.
2025-11-06,718.00,notebook,notebook_authoritative,ready_notebook_authoritative,718.00,verified,high,21,,,,,,,Notebook is the authoritative source for this date.
2025-11-07,604.00,notebook,notebook_authoritative,ready_notebook_authoritative,604.00,verified,high,21,,,,,,,Notebook is the authoritative source for this date.
2025-11-08,120.00,notebook,notebook_authoritative,ready_notebook_authoritative,120.00,verified,high,21,,,,,,,Notebook is the authoritative source for this date.
2025-11-10,830.00,notebook,notebook_authoritative,ready_notebook_authoritative,830.00,verified,high,21,,,,,,,Notebook is the authoritative source for this date.
2025-11-11,820.00,notebook,notebook_authoritative,ready_notebook_authoritative,820.00,verified,high,21,,,,,,,Notebook is the authoritative source for this date.
2025-11-12,660.00,notebook,notebook_authoritative,ready_notebook_authoritative,660.00,verified,high,21,,,,,,,Notebook is the authoritative source for this date.
2025-11-13,310.00,notebook,notebook_authoritative,ready_notebook_authoritative,310.00,verified,high,21,,,,,,,Notebook is the authoritative source for this date.
2025-11-14,544.00,notebook,notebook_authoritative,ready_notebook_authoritative,544.00,verified,high,21,,,,,,,Notebook is the authoritative source for this date.
2025-11-15,220.00,notebook,notebook_authoritative,ready_notebook_authoritative,220.00,verified,high,21,,,,,,,Notebook is the authoritative source for this date.
2025-11-17,990.00,notebook,notebook_authoritative,ready_notebook_authoritative,990.00,verified,high,22,,,,,,,Notebook is the authoritative source for this date.
2025-11-18,750.00,notebook,notebook_authoritative,ready_notebook_authoritative,750.00,verified,high,22,,,,,,,Notebook is the authoritative source for this date.
2025-11-19,1007.00,notebook,notebook_authoritative,ready_notebook_authoritative,1007.00,verified,high,22,,,,,,,Notebook is the authoritative source for this date.
2025-11-20,990.00,notebook,notebook_authoritative,ready_notebook_authoritative,990.00,adjudicated,low,22,,,,,,,Notebook is the authoritative source for this date. Notebook note: Overwritten amount most likely reads 990; alternatives 920/995 are less likely and no written subtotal reconciles.
2025-11-21,750.00,notebook,notebook_authoritative,ready_notebook_authoritative,750.00,verified,high,22,,,,,,,Notebook is the authoritative source for this date.
2025-11-22,570.00,notebook,notebook_authoritative,ready_notebook_authoritative,570.00,verified,high,22,,,,,,,Notebook is the authoritative source for this date.
2025-11-24,980.00,notebook,notebook_authoritative,ready_notebook_authoritative,980.00,verified,high,22,,,,,,,Notebook is the authoritative source for this date.
2025-11-25,871.00,notebook,notebook_authoritative,ready_notebook_authoritative,871.00,verified,high,22,,,,,,,Notebook is the authoritative source for this date.
2025-11-26,1062.00,notebook,notebook_authoritative,ready_notebook_authoritative,1062.00,verified,high,22,,,,,,,Notebook is the authoritative source for this date.
2025-11-27,565.00,notebook,notebook_authoritative,ready_notebook_authoritative,565.00,verified,high,22,,,,,,,Notebook is the authoritative source for this date. Notebook note: Nearby bola 54 is a side note and is excluded.
2025-11-28,521.00,notebook,notebook_authoritative,ready_notebook_authoritative,521.00,verified,high,22,,,,,,,Notebook is the authoritative source for this date.
2025-11-29,530.00,notebook,notebook_authoritative,ready_notebook_authoritative,530.00,verified,high,22,,,,,,,Notebook is the authoritative source for this date.
2025-12-01,1050.00,notebook,notebook_authoritative,ready_notebook_authoritative,1050.00,verified,high,22,,,,,,,Notebook is the authoritative source for this date.
2025-12-02,1116.00,notebook,notebook_authoritative,ready_notebook_authoritative,1116.00,verified,high,22,,,,,,,Notebook is the authoritative source for this date.
2025-12-03,912.00,notebook,notebook_authoritative,ready_notebook_authoritative,912.00,verified,high,22,,,,,,,Notebook is the authoritative source for this date.
2025-12-04,1235.00,notebook,notebook_authoritative,ready_notebook_authoritative,1235.00,verified,high,22,,,,,,,Notebook is the authoritative source for this date.
2025-12-05,761.00,notebook,notebook_authoritative,ready_notebook_authoritative,761.00,verified,high,22,,,,,,,Notebook is the authoritative source for this date.
2025-12-08,1389.00,notebook,notebook_authoritative,ready_notebook_authoritative,1389.00,verified,high,22,,,,,,,Notebook is the authoritative source for this date.
2025-12-09,1257.00,notebook,notebook_authoritative,ready_notebook_authoritative,1257.00,verified,high,22,,,,,,,Notebook is the authoritative source for this date.
2025-12-10,1183.00,notebook,notebook_authoritative,ready_notebook_authoritative,1183.00,verified,high,22,,,,,,,Notebook is the authoritative source for this date.
2025-12-11,1460.00,notebook,notebook_authoritative,ready_notebook_authoritative,1460.00,verified,high,22,,,,,,,Notebook is the authoritative source for this date.
2025-12-12,689.00,notebook,notebook_authoritative,ready_notebook_authoritative,689.00,verified,high,22,,,,,,,Notebook is the authoritative source for this date.
2025-12-13,320.00,notebook,notebook_authoritative,ready_notebook_authoritative,320.00,verified,high,22,,,,,,,Notebook is the authoritative source for this date.
2025-12-16,539.00,notebook,notebook_authoritative,ready_notebook_authoritative,539.00,verified,high,22,,,,,,,Notebook is the authoritative source for this date.
2025-12-17,442.00,notebook,notebook_authoritative,ready_notebook_authoritative,442.00,verified,high,22,,,,,,,Notebook is the authoritative source for this date.
2025-12-18,576.00,notebook,notebook_authoritative,ready_notebook_authoritative,576.00,verified,high,22,,,,,,,Notebook is the authoritative source for this date.
2025-12-19,350.00,notebook,notebook_authoritative,ready_notebook_authoritative,350.00,verified,high,22,,,,,,,Notebook is the authoritative source for this date.
2025-12-20,400.00,notebook,notebook_authoritative,ready_notebook_authoritative,400.00,verified,high,22,,,,,,,Notebook is the authoritative source for this date.
2025-12-22,683.00,notebook,notebook_authoritative,ready_notebook_authoritative,683.00,verified,high,22,,,,,,,Notebook is the authoritative source for this date.
2025-12-23,637.00,notebook,notebook_authoritative,ready_notebook_authoritative,637.00,verified,high,22,,,,,,,Notebook is the authoritative source for this date.
2025-12-24,180.00,notebook,notebook_authoritative,ready_notebook_authoritative,180.00,verified,high,22,,,,,,,Notebook is the authoritative source for this date.
2025-12-29,390.00,notebook,notebook_authoritative,ready_notebook_authoritative,390.00,verified,high,22,,,,,,,Notebook is the authoritative source for this date.
2025-12-30,50.00,notebook,notebook_authoritative,ready_notebook_authoritative,50.00,verified,high,22,,,,,,,Notebook is the authoritative source for this date.
2025-12-31,235.00,notebook,notebook_authoritative,ready_notebook_authoritative,235.00,verified,high,22,,,,,,,Notebook is the authoritative source for this date.
2026-01-05,750.00,notebook,notebook_authoritative,ready_notebook_authoritative,750.00,verified,high,23,,,,,,,Notebook is the authoritative source for this date.
2026-01-06,584.00,notebook,notebook_authoritative,ready_notebook_authoritative,584.00,verified,high,23,,,,,,,Notebook is the authoritative source for this date.
2026-01-07,710.00,notebook,notebook_authoritative,ready_notebook_authoritative,710.00,verified,high,23,,,,,,,Notebook is the authoritative source for this date. Notebook note: Separate MP 287 is excluded from daily sales.
2026-01-08,673.00,notebook,notebook_authoritative,ready_notebook_authoritative,673.00,verified,high,23,,,,,,,Notebook is the authoritative source for this date.
2026-01-09,600.00,notebook,notebook_authoritative,ready_notebook_authoritative,600.00,verified,high,23,,,,,,,Notebook is the authoritative source for this date.
2026-01-12,1099.00,notebook,notebook_authoritative,ready_notebook_authoritative,1099.00,verified,high,23,,,,,,,Notebook is the authoritative source for this date.
2026-01-13,1166.00,notebook,notebook_authoritative,ready_notebook_authoritative,1166.00,verified,high,23,,,,,,,Notebook is the authoritative source for this date.
2026-01-14,688.00,notebook,notebook_authoritative,ready_notebook_authoritative,688.00,verified,high,23,,,,,,,Notebook is the authoritative source for this date.
2026-01-15,650.00,notebook,notebook_authoritative,ready_notebook_authoritative,650.00,verified,high,23,,,,,,,Notebook is the authoritative source for this date.
2026-01-16,228.00,notebook,notebook_authoritative,ready_notebook_authoritative,228.00,verified,high,23,,,,,,,Notebook is the authoritative source for this date.
2026-01-17,270.00,notebook,notebook_authoritative,ready_notebook_authoritative,270.00,verified,high,23,,,,,,,Notebook is the authoritative source for this date.
2026-01-19,760.00,notebook,notebook_authoritative,ready_notebook_authoritative,760.00,verified,high,23,,,,,,,Notebook is the authoritative source for this date.
2026-01-20,849.00,notebook,notebook_authoritative,ready_notebook_authoritative,849.00,verified,high,23,,,,,,,Notebook is the authoritative source for this date.
2026-01-21,1058.00,notebook,notebook_authoritative,ready_notebook_authoritative,1058.00,verified,high,23,,,,,,,Notebook is the authoritative source for this date.
2026-01-22,786.00,notebook,notebook_authoritative,ready_notebook_authoritative,786.00,verified,high,23,,,,,,,Notebook is the authoritative source for this date.
2026-01-23,580.00,notebook,notebook_authoritative,ready_notebook_authoritative,580.00,verified,high,23,,,,,,,Notebook is the authoritative source for this date.
2026-01-24,150.00,notebook,notebook_authoritative,ready_notebook_authoritative,150.00,verified,high,23,,,,,,,Notebook is the authoritative source for this date.
2026-01-26,834.00,notebook,notebook_authoritative,ready_notebook_authoritative,834.00,verified,high,23,,,,,,,Notebook is the authoritative source for this date.
2026-01-27,858.00,notebook,notebook_authoritative,ready_notebook_authoritative,858.00,verified,high,23,,,,,,,Notebook is the authoritative source for this date.
2026-01-28,932.00,notebook,notebook_authoritative,ready_notebook_authoritative,932.00,verified,high,23,,,,,,,Notebook is the authoritative source for this date.
2026-01-29,402.00,notebook,notebook_authoritative,ready_notebook_authoritative,402.00,verified,high,23,,,,,,,Notebook is the authoritative source for this date.
2026-01-30,600.00,notebook,notebook_authoritative,ready_notebook_authoritative,600.00,verified,high,23,,,,,,,Notebook is the authoritative source for this date.
2026-01-31,377.00,notebook,notebook_authoritative,ready_notebook_authoritative,377.00,verified,high,23,,,,,,,Notebook is the authoritative source for this date.
2026-02-02,410.00,notebook,notebook_authoritative,ready_notebook_authoritative,410.00,verified,high,23,,,,,,,Notebook is the authoritative source for this date.
2026-02-03,1022.00,notebook,notebook_authoritative,ready_notebook_authoritative,1022.00,verified,high,23,,,,,,,Notebook is the authoritative source for this date.
2026-02-04,1257.00,notebook,notebook_authoritative,ready_notebook_authoritative,1257.00,verified,high,23,,,,,,,Notebook is the authoritative source for this date.
2026-02-05,1168.00,notebook,notebook_authoritative,ready_notebook_authoritative,1168.00,verified,high,23,,,,,,,Notebook is the authoritative source for this date.
2026-02-06,810.00,notebook,notebook_authoritative,ready_notebook_authoritative,810.00,verified,high,23,,,,,,,Notebook is the authoritative source for this date.
2026-02-07,210.00,notebook,notebook_authoritative,ready_notebook_authoritative,210.00,verified,high,23,,,,,,,Notebook is the authoritative source for this date.
2026-02-09,1200.00,notebook,notebook_authoritative,ready_notebook_authoritative,1200.00,verified,high,23,,,,,,,Notebook is the authoritative source for this date. Notebook note: Mercado 685 is a separate annotation and is excluded.
2026-02-10,1130.00,notebook,notebook_authoritative,ready_notebook_authoritative,1130.00,verified,high,23,,,,,,,Notebook is the authoritative source for this date.
2026-02-11,1075.00,notebook,notebook_authoritative,ready_notebook_authoritative,1075.00,verified,high,23,,,,,,,Notebook is the authoritative source for this date.
2026-02-12,1339.00,notebook,notebook_authoritative,ready_notebook_authoritative,1339.00,verified,high,23,,,,,,,Notebook is the authoritative source for this date.
2026-02-13,1200.00,notebook,notebook_authoritative,ready_notebook_authoritative,1200.00,verified,high,23,,,,,,,Notebook is the authoritative source for this date.
2026-02-14,525.00,notebook,notebook_authoritative,ready_notebook_authoritative,525.00,verified,high,23,,,,,,,Notebook is the authoritative source for this date.
2026-02-16,580.00,notebook,notebook_authoritative,ready_notebook_authoritative,580.00,verified,high,24,,,,,,,Notebook is the authoritative source for this date.
2026-02-17,888.00,notebook,notebook_authoritative,ready_notebook_authoritative,888.00,verified,high,24,,,,,,,Notebook is the authoritative source for this date.
2026-02-18,777.00,notebook,notebook_authoritative,ready_notebook_authoritative,777.00,verified,high,24,,,,,,,Notebook is the authoritative source for this date.
2026-02-19,1179.00,notebook,notebook_authoritative,ready_notebook_authoritative,1179.00,verified,high,24,,,,,,,Notebook is the authoritative source for this date.
2026-02-20,870.00,notebook,notebook_authoritative,ready_notebook_authoritative,870.00,adjudicated,medium,24,,,,,,,Notebook is the authoritative source for this date. Notebook note: Direct glyph review favors 870. This does not force the written section total.
2026-02-21,290.00,notebook,notebook_authoritative,ready_notebook_authoritative,290.00,verified,high,24,,,,,,,Notebook is the authoritative source for this date.
