date,amount_mxn,amount_basis,mdb_gross_sales_mxn,returns_mxn,mdb_net_sales_mxn,journal_sales_mxn,notebook_sales_mxn,mdb_minus_journal_mxn,source_method,source_snapshot,validation_status,notes
2019-06-17,135.00,completed_journal_sales_cut_reconciled,,,,135.00,,,journal_completed_sales,mpro-pos-20260820T172538Z-1-001.zip::mpro-pos/JOURNAL/00010120190617.jrn,adjudicated_journal_only_cut_match,ManagementPro-recorded sales only; not confirmed complete store revenue. No corresponding valid Venta rows in the canonical MDB; retained from the journal audit.
2019-07-18,105.70,gross_valid_pos_sales_excluding_cancellations,105.70,0.00,105.70,102.00,,3.70,mdb_valid_pos_sales,megamanagepro-20260820T172552Z-1-001.zip::megamanagepro/DbPos.mdb,review_mdb_journal_difference,ManagementPro-recorded sales only; not confirmed complete store revenue. Authoritative MDB differs from journal audit by 3.70 MXN.
2019-07-19,5.00,completed_journal_sales_cut_reconciled,,,,5.00,,,journal_completed_sales,mpro-pos-20260820T172538Z-1-001.zip::mpro-pos/JOURNAL/00010120190719.jrn,adjudicated_journal_only_cut_match,ManagementPro-recorded sales only; not confirmed complete store revenue. No corresponding valid Venta rows in the canonical MDB; retained from the journal audit.
2019-07-20,24.00,gross_valid_pos_sales_excluding_cancellations,24.00,0.00,24.00,,,,mdb_valid_pos_sales,megamanagepro-20260820T172552Z-1-001.zip::megamanagepro/DbPos.mdb,verified_mdb_only,ManagementPro-recorded sales only; not confirmed complete store revenue.
2019-07-21,24.00,completed_journal_sales_cut_reconciled,,,,24.00,,,journal_completed_sales,mpro-pos-20260820T172538Z-1-001.zip::mpro-pos/JOURNAL/00010120190721.jrn,adjudicated_journal_only_cut_match,ManagementPro-recorded sales only; not confirmed complete store revenue. No corresponding valid Venta rows in the canonical MDB; retained from the journal audit.
2019-07-22,163.50,gross_valid_pos_sales_excluding_cancellations,163.50,0.00,163.50,163.50,,0.00,mdb_valid_pos_sales,megamanagepro-20260820T172552Z-1-001.zip::megamanagepro/DbPos.mdb,verified_mdb_journal_match,ManagementPro-recorded sales only; not confirmed complete store revenue.
2019-07-23,53.50,gross_valid_pos_sales_excluding_cancellations,53.50,0.00,53.50,53.50,,0.00,mdb_valid_pos_sales,megamanagepro-20260820T172552Z-1-001.zip::megamanagepro/DbPos.mdb,verified_mdb_journal_match,ManagementPro-recorded sales only; not confirmed complete store revenue.
2019-07-24,33.50,gross_valid_pos_sales_excluding_cancellations,33.50,0.00,33.50,33.50,,0.00,mdb_valid_pos_sales,megamanagepro-20260820T172552Z-1-001.zip::megamanagepro/DbPos.mdb,verified_mdb_journal_match,ManagementPro-recorded sales only; not confirmed complete store revenue.
2019-07-26,186.00,gross_valid_pos_sales_excluding_cancellations,186.00,0.00,186.00,98.50,,87.50,mdb_valid_pos_sales,megamanagepro-20260820T172552Z-1-001.zip::megamanagepro/DbPos.mdb,review_mdb_journal_difference,ManagementPro-recorded sales only; not confirmed complete store revenue. Authoritative MDB differs from journal audit by 87.50 MXN.
2019-07-27,87.50,completed_journal_sales_cut_reconciled,,,,87.50,,,journal_completed_sales,mpro-pos-20260820T172538Z-1-001.zip::mpro-pos/JOURNAL/00010120190727.jrn,adjudicated_journal_only_cut_match,ManagementPro-recorded sales only; not confirmed complete store revenue. No corresponding valid Venta rows in the canonical MDB; retained from the journal audit.
2019-07-28,79.00,gross_valid_pos_sales_excluding_cancellations,79.00,0.00,79.00,79.00,,0.00,mdb_valid_pos_sales,megamanagepro-20260820T172552Z-1-001.zip::megamanagepro/DbPos.mdb,verified_mdb_journal_match,ManagementPro-recorded sales only; not confirmed complete store revenue.
2019-07-29,84.00,gross_valid_pos_sales_excluding_cancellations,84.00,0.00,84.00,84.00,,0.00,mdb_valid_pos_sales,megamanagepro-20260820T172552Z-1-001.zip::megamanagepro/DbPos.mdb,verified_mdb_journal_match,ManagementPro-recorded sales only; not confirmed complete store revenue.
2019-07-30,37.50,gross_valid_pos_sales_excluding_cancellations,37.50,0.00,37.50,37.50,,0.00,mdb_valid_pos_sales,megamanagepro-20260820T172552Z-1-001.zip::megamanagepro/DbPos.mdb,verified_mdb_journal_match,ManagementPro-recorded sales only; not confirmed complete store revenue.
2019-07-31,90.50,gross_valid_pos_sales_excluding_cancellations,90.50,0.00,90.50,90.50,,0.00,mdb_valid_pos_sales,megamanagepro-20260820T172552Z-1-001.zip::megamanagepro/DbPos.mdb,verified_mdb_journal_match,ManagementPro-recorded sales only; not confirmed complete store revenue.
2019-08-02,19.50,gross_valid_pos_sales_excluding_cancellations,19.50,0.00,19.50,19.50,,0.00,mdb_valid_pos_sales,megamanagepro-20260820T172552Z-1-001.zip::megamanagepro/DbPos.mdb,verified_mdb_journal_match,ManagementPro-recorded sales only; not confirmed complete store revenue.
2019-08-03,121.50,gross_valid_pos_sales_excluding_cancellations,121.50,0.00,121.50,121.50,,0.00,mdb_valid_pos_sales,megamanagepro-20260820T172552Z-1-001.zip::megamanagepro/DbPos.mdb,verified_mdb_journal_match,ManagementPro-recorded sales only; not confirmed complete store revenue.
2019-08-04,22.00,gross_valid_pos_sales_excluding_cancellations,22.00,0.00,22.00,22.00,,0.00,mdb_valid_pos_sales,megamanagepro-20260820T172552Z-1-001.zip::megamanagepro/DbPos.mdb,verified_mdb_journal_match,ManagementPro-recorded sales only; not confirmed complete store revenue.
2019-08-05,143.00,gross_valid_pos_sales_excluding_cancellations,143.00,0.00,143.00,143.00,,0.00,mdb_valid_pos_sales,megamanagepro-20260820T172552Z-1-001.zip::megamanagepro/DbPos.mdb,verified_mdb_journal_match,ManagementPro-recorded sales only; not confirmed complete store revenue.
2019-08-06,30.00,gross_valid_pos_sales_excluding_cancellations,30.00,0.00,30.00,30.00,,0.00,mdb_valid_pos_sales,megamanagepro-20260820T172552Z-1-001.zip::megamanagepro/DbPos.mdb,verified_mdb_journal_match,ManagementPro-recorded sales only; not confirmed complete store revenue.
2019-08-07,73.50,gross_valid_pos_sales_excluding_cancellations,73.50,0.00,73.50,73.50,,0.00,mdb_valid_pos_sales,megamanagepro-20260820T172552Z-1-001.zip::megamanagepro/DbPos.mdb,verified_mdb_journal_match,ManagementPro-recorded sales only; not confirmed complete store revenue.
2019-08-09,307.95,gross_valid_pos_sales_excluding_cancellations,307.95,0.00,307.95,330.50,,-22.55,mdb_valid_pos_sales,megamanagepro-20260820T172552Z-1-001.zip::megamanagepro/DbPos.mdb,review_mdb_journal_difference,ManagementPro-recorded sales only; not confirmed complete store revenue. Authoritative MDB differs from journal audit by -22.55 MXN.
2019-08-10,11.50,gross_valid_pos_sales_excluding_cancellations,11.50,0.00,11.50,11.50,,0.00,mdb_valid_pos_sales,megamanagepro-20260820T172552Z-1-001.zip::megamanagepro/DbPos.mdb,verified_mdb_journal_match,ManagementPro-recorded sales only; not confirmed complete store revenue.
2019-08-11,65.50,gross_valid_pos_sales_excluding_cancellations,65.50,0.00,65.50,65.50,,0.00,mdb_valid_pos_sales,megamanagepro-20260820T172552Z-1-001.zip::megamanagepro/DbPos.mdb,verified_mdb_journal_match,ManagementPro-recorded sales only; not confirmed complete store revenue.
2019-08-12,130.50,gross_valid_pos_sales_excluding_cancellations,130.50,0.00,130.50,130.50,,0.00,mdb_valid_pos_sales,megamanagepro-20260820T172552Z-1-001.zip::megamanagepro/DbPos.mdb,verified_mdb_journal_match,ManagementPro-recorded sales only; not confirmed complete store revenue.
2019-08-13,187.50,gross_valid_pos_sales_excluding_cancellations,187.50,0.00,187.50,195.50,,-8.00,mdb_valid_pos_sales,megamanagepro-20260820T172552Z-1-001.zip::megamanagepro/DbPos.mdb,review_mdb_journal_difference,ManagementPro-recorded sales only; not confirmed complete store revenue. Authoritative MDB differs from journal audit by -8.00 MXN.
2019-08-15,65.00,gross_valid_pos_sales_excluding_cancellations,65.00,0.00,65.00,65.00,,0.00,mdb_valid_pos_sales,megamanagepro-20260820T172552Z-1-001.zip::megamanagepro/DbPos.mdb,verified_mdb_journal_match,ManagementPro-recorded sales only; not confirmed complete store revenue.
2019-08-16,62.00,gross_valid_pos_sales_excluding_cancellations,62.00,0.00,62.00,62.00,,0.00,mdb_valid_pos_sales,megamanagepro-20260820T172552Z-1-001.zip::megamanagepro/DbPos.mdb,verified_mdb_journal_match,ManagementPro-recorded sales only; not confirmed complete store revenue.
2019-08-17,115.50,gross_valid_pos_sales_excluding_cancellations,115.50,0.00,115.50,115.50,,0.00,mdb_valid_pos_sales,megamanagepro-20260820T172552Z-1-001.zip::megamanagepro/DbPos.mdb,verified_mdb_journal_match,ManagementPro-recorded sales only; not confirmed complete store revenue.
2019-08-18,167.00,gross_valid_pos_sales_excluding_cancellations,167.00,0.00,167.00,167.00,,0.00,mdb_valid_pos_sales,megamanagepro-20260820T172552Z-1-001.zip::megamanagepro/DbPos.mdb,verified_mdb_journal_match,ManagementPro-recorded sales only; not confirmed complete store revenue.
2019-08-19,89.00,gross_valid_pos_sales_excluding_cancellations,89.00,0.00,89.00,89.00,,0.00,mdb_valid_pos_sales,megamanagepro-20260820T172552Z-1-001.zip::megamanagepro/DbPos.mdb,verified_mdb_journal_match,ManagementPro-recorded sales only; not confirmed complete store revenue.
2019-08-20,115.50,gross_valid_pos_sales_excluding_cancellations,115.50,0.00,115.50,115.50,,0.00,mdb_valid_pos_sales,megamanagepro-20260820T172552Z-1-001.zip::megamanagepro/DbPos.mdb,verified_mdb_journal_match,ManagementPro-recorded sales only; not confirmed complete store revenue.
2019-08-21,541.00,gross_valid_pos_sales_excluding_cancellations,541.00,0.00,541.00,541.00,,0.00,mdb_valid_pos_sales,megamanagepro-20260820T172552Z-1-001.zip::megamanagepro/DbPos.mdb,verified_mdb_journal_match,ManagementPro-recorded sales only; not confirmed complete store revenue.
2019-08-22,71.00,gross_valid_pos_sales_excluding_cancellations,71.00,0.00,71.00,71.00,,0.00,mdb_valid_pos_sales,megamanagepro-20260820T172552Z-1-001.zip::megamanagepro/DbPos.mdb,verified_mdb_journal_match,ManagementPro-recorded sales only; not confirmed complete store revenue.
2019-08-23,138.00,gross_valid_pos_sales_excluding_cancellations,138.00,0.00,138.00,138.00,,0.00,mdb_valid_pos_sales,megamanagepro-20260820T172552Z-1-001.zip::megamanagepro/DbPos.mdb,verified_mdb_journal_match,ManagementPro-recorded sales only; not confirmed complete store revenue.
2019-08-24,525.61,gross_valid_pos_sales_excluding_cancellations,525.61,0.00,525.61,558.00,,-32.39,mdb_valid_pos_sales,megamanagepro-20260820T172552Z-1-001.zip::megamanagepro/DbPos.mdb,review_mdb_journal_difference,ManagementPro-recorded sales only; not confirmed complete store revenue. Authoritative MDB differs from journal audit by -32.39 MXN.
2019-08-25,243.50,gross_valid_pos_sales_excluding_cancellations,243.50,0.00,243.50,243.50,,0.00,mdb_valid_pos_sales,megamanagepro-20260820T172552Z-1-001.zip::megamanagepro/DbPos.mdb,verified_mdb_journal_match,ManagementPro-recorded sales only; not confirmed complete store revenue.
2019-08-26,639.00,gross_valid_pos_sales_excluding_cancellations,639.00,0.00,639.00,639.00,,0.00,mdb_valid_pos_sales,megamanagepro-20260820T172552Z-1-001.zip::megamanagepro/DbPos.mdb,verified_mdb_journal_match,ManagementPro-recorded sales only; not confirmed complete store revenue.
2019-08-27,700.90,gross_valid_pos_sales_excluding_cancellations,700.90,0.00,700.90,710.50,,-9.60,mdb_valid_pos_sales,megamanagepro-20260820T172552Z-1-001.zip::megamanagepro/DbPos.mdb,review_mdb_journal_difference,ManagementPro-recorded sales only; not confirmed complete store revenue. Authoritative MDB differs from journal audit by -9.60 MXN.
2019-08-28,402.00,gross_valid_pos_sales_excluding_cancellations,402.00,0.00,402.00,402.00,,0.00,mdb_valid_pos_sales,megamanagepro-20260820T172552Z-1-001.zip::megamanagepro/DbPos.mdb,verified_mdb_journal_match,ManagementPro-recorded sales only; not confirmed complete store revenue.
2019-08-29,301.00,gross_valid_pos_sales_excluding_cancellations,301.00,0.00,301.00,301.00,,0.00,mdb_valid_pos_sales,megamanagepro-20260820T172552Z-1-001.zip::megamanagepro/DbPos.mdb,verified_mdb_journal_match,ManagementPro-recorded sales only; not confirmed complete store revenue.
2019-08-30,109.50,gross_valid_pos_sales_excluding_cancellations,109.50,0.00,109.50,109.50,,0.00,mdb_valid_pos_sales,megamanagepro-20260820T172552Z-1-001.zip::megamanagepro/DbPos.mdb,verified_mdb_journal_match,ManagementPro-recorded sales only; not confirmed complete store revenue.
2019-08-31,212.00,gross_valid_pos_sales_excluding_cancellations,212.00,0.00,212.00,213.50,,-1.50,mdb_valid_pos_sales,megamanagepro-20260820T172552Z-1-001.zip::megamanagepro/DbPos.mdb,review_mdb_journal_difference,ManagementPro-recorded sales only; not confirmed complete store revenue. Authoritative MDB differs from journal audit by -1.50 MXN.
2019-09-01,400.50,gross_valid_pos_sales_excluding_cancellations,400.50,0.00,400.50,400.50,,0.00,mdb_valid_pos_sales,megamanagepro-20260820T172552Z-1-001.zip::megamanagepro/DbPos.mdb,verified_mdb_journal_match,ManagementPro-recorded sales only; not confirmed complete store revenue.
2019-09-02,199.00,gross_valid_pos_sales_excluding_cancellations,199.00,0.00,199.00,199.00,,0.00,mdb_valid_pos_sales,megamanagepro-20260820T172552Z-1-001.zip::megamanagepro/DbPos.mdb,verified_mdb_journal_match,ManagementPro-recorded sales only; not confirmed complete store revenue.
2019-09-03,82.00,gross_valid_pos_sales_excluding_cancellations,82.00,0.00,82.00,82.00,,0.00,mdb_valid_pos_sales,megamanagepro-20260820T172552Z-1-001.zip::megamanagepro/DbPos.mdb,verified_mdb_journal_match,ManagementPro-recorded sales only; not confirmed complete store revenue.
2019-09-04,165.00,gross_valid_pos_sales_excluding_cancellations,165.00,0.00,165.00,165.00,,0.00,mdb_valid_pos_sales,megamanagepro-20260820T172552Z-1-001.zip::megamanagepro/DbPos.mdb,verified_mdb_journal_match,ManagementPro-recorded sales only; not confirmed complete store revenue.
2019-09-05,78.00,gross_valid_pos_sales_excluding_cancellations,78.00,0.00,78.00,78.00,,0.00,mdb_valid_pos_sales,megamanagepro-20260820T172552Z-1-001.zip::megamanagepro/DbPos.mdb,verified_mdb_journal_match,ManagementPro-recorded sales only; not confirmed complete store revenue.
2019-09-06,95.00,gross_valid_pos_sales_excluding_cancellations,95.00,0.00,95.00,95.00,,0.00,mdb_valid_pos_sales,megamanagepro-20260820T172552Z-1-001.zip::megamanagepro/DbPos.mdb,verified_mdb_journal_match,ManagementPro-recorded sales only; not confirmed complete store revenue.
2019-09-07,64.00,gross_valid_pos_sales_excluding_cancellations,64.00,0.00,64.00,64.00,,0.00,mdb_valid_pos_sales,megamanagepro-20260820T172552Z-1-001.zip::megamanagepro/DbPos.mdb,verified_mdb_journal_match,ManagementPro-recorded sales only; not confirmed complete store revenue.
2019-09-08,86.00,gross_valid_pos_sales_excluding_cancellations,86.00,0.00,86.00,86.00,,0.00,mdb_valid_pos_sales,megamanagepro-20260820T172552Z-1-001.zip::megamanagepro/DbPos.mdb,verified_mdb_journal_match,ManagementPro-recorded sales only; not confirmed complete store revenue.
2019-09-09,134.00,gross_valid_pos_sales_excluding_cancellations,134.00,0.00,134.00,134.00,,0.00,mdb_valid_pos_sales,megamanagepro-20260820T172552Z-1-001.zip::megamanagepro/DbPos.mdb,verified_mdb_journal_match,ManagementPro-recorded sales only; not confirmed complete store revenue.
2019-09-10,161.50,gross_valid_pos_sales_excluding_cancellations,161.50,0.00,161.50,161.50,,0.00,mdb_valid_pos_sales,megamanagepro-20260820T172552Z-1-001.zip::megamanagepro/DbPos.mdb,verified_mdb_journal_match,ManagementPro-recorded sales only; not confirmed complete store revenue.
2019-09-11,131.50,gross_valid_pos_sales_excluding_cancellations,131.50,0.00,131.50,131.50,,0.00,mdb_valid_pos_sales,megamanagepro-20260820T172552Z-1-001.zip::megamanagepro/DbPos.mdb,verified_mdb_journal_match,ManagementPro-recorded sales only; not confirmed complete store revenue.
2019-09-12,102.50,gross_valid_pos_sales_excluding_cancellations,102.50,0.00,102.50,102.50,,0.00,mdb_valid_pos_sales,megamanagepro-20260820T172552Z-1-001.zip::megamanagepro/DbPos.mdb,verified_mdb_journal_match,ManagementPro-recorded sales only; not confirmed complete store revenue.
2019-09-13,242.50,gross_valid_pos_sales_excluding_cancellations,242.50,0.00,242.50,242.50,,0.00,mdb_valid_pos_sales,megamanagepro-20260820T172552Z-1-001.zip::megamanagepro/DbPos.mdb,verified_mdb_journal_match,ManagementPro-recorded sales only; not confirmed complete store revenue.
2019-09-14,53.00,gross_valid_pos_sales_excluding_cancellations,53.00,0.00,53.00,53.00,,0.00,mdb_valid_pos_sales,megamanagepro-20260820T172552Z-1-001.zip::megamanagepro/DbPos.mdb,verified_mdb_journal_match,ManagementPro-recorded sales only; not confirmed complete store revenue.
2019-09-15,5.00,gross_valid_pos_sales_excluding_cancellations,5.00,0.00,5.00,5.00,,0.00,mdb_valid_pos_sales,megamanagepro-20260820T172552Z-1-001.zip::megamanagepro/DbPos.mdb,verified_mdb_journal_match,ManagementPro-recorded sales only; not confirmed complete store revenue.
2019-09-16,36.50,gross_valid_pos_sales_excluding_cancellations,36.50,0.00,36.50,36.50,,0.00,mdb_valid_pos_sales,megamanagepro-20260820T172552Z-1-001.zip::megamanagepro/DbPos.mdb,verified_mdb_journal_match,ManagementPro-recorded sales only; not confirmed complete store revenue.
2019-09-17,239.00,gross_valid_pos_sales_excluding_cancellations,239.00,0.00,239.00,239.00,,0.00,mdb_valid_pos_sales,megamanagepro-20260820T172552Z-1-001.zip::megamanagepro/DbPos.mdb,verified_mdb_journal_match,ManagementPro-recorded sales only; not confirmed complete store revenue.
2019-09-18,360.00,gross_valid_pos_sales_excluding_cancellations,360.00,0.00,360.00,360.00,,0.00,mdb_valid_pos_sales,megamanagepro-20260820T172552Z-1-001.zip::megamanagepro/DbPos.mdb,verified_mdb_journal_match,ManagementPro-recorded sales only; not confirmed complete store revenue.
2019-09-19,106.00,gross_valid_pos_sales_excluding_cancellations,106.00,0.00,106.00,106.00,,0.00,mdb_valid_pos_sales,megamanagepro-20260820T172552Z-1-001.zip::megamanagepro/DbPos.mdb,verified_mdb_journal_match,ManagementPro-recorded sales only; not confirmed complete store revenue.
2019-09-20,136.00,gross_valid_pos_sales_excluding_cancellations,136.00,0.00,136.00,136.00,,0.00,mdb_valid_pos_sales,megamanagepro-20260820T172552Z-1-001.zip::megamanagepro/DbPos.mdb,verified_mdb_journal_match,ManagementPro-recorded sales only; not confirmed complete store revenue.
2019-09-21,146.00,gross_valid_pos_sales_excluding_cancellations,146.00,0.00,146.00,146.00,,0.00,mdb_valid_pos_sales,megamanagepro-20260820T172552Z-1-001.zip::megamanagepro/DbPos.mdb,verified_mdb_journal_match,ManagementPro-recorded sales only; not confirmed complete store revenue.
2019-09-22,163.00,gross_valid_pos_sales_excluding_cancellations,163.00,0.00,163.00,163.00,,0.00,mdb_valid_pos_sales,megamanagepro-20260820T172552Z-1-001.zip::megamanagepro/DbPos.mdb,verified_mdb_journal_match,ManagementPro-recorded sales only; not confirmed complete store revenue.
2019-09-23,166.50,gross_valid_pos_sales_excluding_cancellations,166.50,0.00,166.50,166.50,,0.00,mdb_valid_pos_sales,megamanagepro-20260820T172552Z-1-001.zip::megamanagepro/DbPos.mdb,verified_mdb_journal_match,ManagementPro-recorded sales only; not confirmed complete store revenue.
2019-09-24,388.00,gross_valid_pos_sales_excluding_cancellations,388.00,0.00,388.00,388.00,,0.00,mdb_valid_pos_sales,megamanagepro-20260820T172552Z-1-001.zip::megamanagepro/DbPos.mdb,verified_mdb_journal_match,ManagementPro-recorded sales only; not confirmed complete store revenue.
2019-09-25,233.00,gross_valid_pos_sales_excluding_cancellations,233.00,0.00,233.00,233.00,,0.00,mdb_valid_pos_sales,megamanagepro-20260820T172552Z-1-001.zip::megamanagepro/DbPos.mdb,verified_mdb_journal_match,ManagementPro-recorded sales only; not confirmed complete store revenue.
2019-09-26,133.00,gross_valid_pos_sales_excluding_cancellations,133.00,0.00,133.00,133.00,,0.00,mdb_valid_pos_sales,megamanagepro-20260820T172552Z-1-001.zip::megamanagepro/DbPos.mdb,verified_mdb_journal_match,ManagementPro-recorded sales only; not confirmed complete store revenue.
2019-09-27,207.50,gross_valid_pos_sales_excluding_cancellations,207.50,0.00,207.50,207.50,,0.00,mdb_valid_pos_sales,megamanagepro-20260820T172552Z-1-001.zip::megamanagepro/DbPos.mdb,verified_mdb_journal_match,ManagementPro-recorded sales only; not confirmed complete store revenue.
2019-09-28,45.00,gross_valid_pos_sales_excluding_cancellations,45.00,0.00,45.00,45.00,,0.00,mdb_valid_pos_sales,megamanagepro-20260820T172552Z-1-001.zip::megamanagepro/DbPos.mdb,verified_mdb_journal_match,ManagementPro-recorded sales only; not confirmed complete store revenue.
2019-09-29,192.50,gross_valid_pos_sales_excluding_cancellations,192.50,0.00,192.50,192.50,,0.00,mdb_valid_pos_sales,megamanagepro-20260820T172552Z-1-001.zip::megamanagepro/DbPos.mdb,verified_mdb_journal_match,ManagementPro-recorded sales only; not confirmed complete store revenue.
2019-09-30,239.50,gross_valid_pos_sales_excluding_cancellations,239.50,0.00,239.50,239.50,,0.00,mdb_valid_pos_sales,megamanagepro-20260820T172552Z-1-001.zip::megamanagepro/DbPos.mdb,verified_mdb_journal_match,ManagementPro-recorded sales only; not confirmed complete store revenue.
2019-10-01,226.00,gross_valid_pos_sales_excluding_cancellations,226.00,0.00,226.00,226.00,,0.00,mdb_valid_pos_sales,megamanagepro-20260820T172552Z-1-001.zip::megamanagepro/DbPos.mdb,verified_mdb_journal_match,ManagementPro-recorded sales only; not confirmed complete store revenue.
2019-10-02,329.00,gross_valid_pos_sales_excluding_cancellations,329.00,0.00,329.00,329.00,,0.00,mdb_valid_pos_sales,megamanagepro-20260820T172552Z-1-001.zip::megamanagepro/DbPos.mdb,verified_mdb_journal_match,ManagementPro-recorded sales only; not confirmed complete store revenue.
2019-10-03,174.00,gross_valid_pos_sales_excluding_cancellations,174.00,0.00,174.00,174.00,,0.00,mdb_valid_pos_sales,megamanagepro-20260820T172552Z-1-001.zip::megamanagepro/DbPos.mdb,verified_mdb_journal_match,ManagementPro-recorded sales only; not confirmed complete store revenue.
2019-10-05,161.50,gross_valid_pos_sales_excluding_cancellations,161.50,0.00,161.50,161.50,,0.00,mdb_valid_pos_sales,megamanagepro-20260820T172552Z-1-001.zip::megamanagepro/DbPos.mdb,verified_mdb_journal_match,ManagementPro-recorded sales only; not confirmed complete store revenue.
2019-10-06,163.00,gross_valid_pos_sales_excluding_cancellations,163.00,0.00,163.00,163.00,,0.00,mdb_valid_pos_sales,megamanagepro-20260820T172552Z-1-001.zip::megamanagepro/DbPos.mdb,verified_mdb_journal_match,ManagementPro-recorded sales only; not confirmed complete store revenue.
2019-10-07,102.50,gross_valid_pos_sales_excluding_cancellations,102.50,0.00,102.50,102.50,,0.00,mdb_valid_pos_sales,megamanagepro-20260820T172552Z-1-001.zip::megamanagepro/DbPos.mdb,verified_mdb_journal_match,ManagementPro-recorded sales only; not confirmed complete store revenue.
2019-10-08,183.00,gross_valid_pos_sales_excluding_cancellations,183.00,0.00,183.00,183.00,,0.00,mdb_valid_pos_sales,megamanagepro-20260820T172552Z-1-001.zip::megamanagepro/DbPos.mdb,verified_mdb_journal_match,ManagementPro-recorded sales only; not confirmed complete store revenue.
2019-10-09,286.00,gross_valid_pos_sales_excluding_cancellations,286.00,0.00,286.00,286.00,,0.00,mdb_valid_pos_sales,megamanagepro-20260820T172552Z-1-001.zip::megamanagepro/DbPos.mdb,verified_mdb_journal_match,ManagementPro-recorded sales only; not confirmed complete store revenue.
2019-10-10,113.50,gross_valid_pos_sales_excluding_cancellations,113.50,0.00,113.50,113.50,,0.00,mdb_valid_pos_sales,megamanagepro-20260820T172552Z-1-001.zip::megamanagepro/DbPos.mdb,verified_mdb_journal_match,ManagementPro-recorded sales only; not confirmed complete store revenue.
2019-10-11,172.00,gross_valid_pos_sales_excluding_cancellations,172.00,0.00,172.00,172.00,,0.00,mdb_valid_pos_sales,megamanagepro-20260820T172552Z-1-001.zip::megamanagepro/DbPos.mdb,verified_mdb_journal_match,ManagementPro-recorded sales only; not confirmed complete store revenue.
2019-10-12,158.50,gross_valid_pos_sales_excluding_cancellations,158.50,0.00,158.50,158.50,,0.00,mdb_valid_pos_sales,megamanagepro-20260820T172552Z-1-001.zip::megamanagepro/DbPos.mdb,verified_mdb_journal_match,ManagementPro-recorded sales only; not confirmed complete store revenue.
2019-10-13,60.50,gross_valid_pos_sales_excluding_cancellations,60.50,0.00,60.50,60.50,,0.00,mdb_valid_pos_sales,megamanagepro-20260820T172552Z-1-001.zip::megamanagepro/DbPos.mdb,verified_mdb_journal_match,ManagementPro-recorded sales only; not confirmed complete store revenue.
2019-10-14,264.00,gross_valid_pos_sales_excluding_cancellations,264.00,0.00,264.00,264.00,,0.00,mdb_valid_pos_sales,megamanagepro-20260820T172552Z-1-001.zip::megamanagepro/DbPos.mdb,verified_mdb_journal_match,ManagementPro-recorded sales only; not confirmed complete store revenue.
2019-10-15,115.50,gross_valid_pos_sales_excluding_cancellations,115.50,0.00,115.50,115.50,,0.00,mdb_valid_pos_sales,megamanagepro-20260820T172552Z-1-001.zip::megamanagepro/DbPos.mdb,verified_mdb_journal_match,ManagementPro-recorded sales only; not confirmed complete store revenue.
2019-10-16,170.50,gross_valid_pos_sales_excluding_cancellations,170.50,0.00,170.50,170.50,,0.00,mdb_valid_pos_sales,megamanagepro-20260820T172552Z-1-001.zip::megamanagepro/DbPos.mdb,verified_mdb_journal_match,ManagementPro-recorded sales only; not confirmed complete store revenue.
2019-10-17,247.00,gross_valid_pos_sales_excluding_cancellations,247.00,0.00,247.00,247.00,,0.00,mdb_valid_pos_sales,megamanagepro-20260820T172552Z-1-001.zip::megamanagepro/DbPos.mdb,verified_mdb_journal_match,ManagementPro-recorded sales only; not confirmed complete store revenue.
2019-10-18,60.00,gross_valid_pos_sales_excluding_cancellations,60.00,0.00,60.00,60.00,,0.00,mdb_valid_pos_sales,megamanagepro-20260820T172552Z-1-001.zip::megamanagepro/DbPos.mdb,verified_mdb_journal_match,ManagementPro-recorded sales only; not confirmed complete store revenue.
2019-10-20,146.00,gross_valid_pos_sales_excluding_cancellations,146.00,0.00,146.00,146.00,,0.00,mdb_valid_pos_sales,megamanagepro-20260820T172552Z-1-001.zip::megamanagepro/DbPos.mdb,verified_mdb_journal_match,ManagementPro-recorded sales only; not confirmed complete store revenue.
2019-10-21,154.00,gross_valid_pos_sales_excluding_cancellations,154.00,0.00,154.00,154.00,,0.00,mdb_valid_pos_sales,megamanagepro-20260820T172552Z-1-001.zip::megamanagepro/DbPos.mdb,verified_mdb_journal_match,ManagementPro-recorded sales only; not confirmed complete store revenue.
2019-10-22,255.00,gross_valid_pos_sales_excluding_cancellations,255.00,0.00,255.00,255.00,,0.00,mdb_valid_pos_sales,megamanagepro-20260820T172552Z-1-001.zip::megamanagepro/DbPos.mdb,verified_mdb_journal_match,ManagementPro-recorded sales only; not confirmed complete store revenue.
2019-10-23,269.50,gross_valid_pos_sales_excluding_cancellations,269.50,0.00,269.50,269.50,,0.00,mdb_valid_pos_sales,megamanagepro-20260820T172552Z-1-001.zip::megamanagepro/DbPos.mdb,verified_mdb_journal_match,ManagementPro-recorded sales only; not confirmed complete store revenue.
2019-10-24,175.50,gross_valid_pos_sales_excluding_cancellations,175.50,0.00,175.50,175.50,,0.00,mdb_valid_pos_sales,megamanagepro-20260820T172552Z-1-001.zip::megamanagepro/DbPos.mdb,verified_mdb_journal_match,ManagementPro-recorded sales only; not confirmed complete store revenue.
2019-10-25,130.50,gross_valid_pos_sales_excluding_cancellations,130.50,0.00,130.50,130.50,,0.00,mdb_valid_pos_sales,megamanagepro-20260820T172552Z-1-001.zip::megamanagepro/DbPos.mdb,verified_mdb_journal_match,ManagementPro-recorded sales only; not confirmed complete store revenue.
2019-10-26,90.50,gross_valid_pos_sales_excluding_cancellations,90.50,0.00,90.50,90.50,,0.00,mdb_valid_pos_sales,megamanagepro-20260820T172552Z-1-001.zip::megamanagepro/DbPos.mdb,verified_mdb_journal_match,ManagementPro-recorded sales only; not confirmed complete store revenue.
2019-10-27,55.00,gross_valid_pos_sales_excluding_cancellations,55.00,0.00,55.00,55.00,,0.00,mdb_valid_pos_sales,megamanagepro-20260820T172552Z-1-001.zip::megamanagepro/DbPos.mdb,verified_mdb_journal_match,ManagementPro-recorded sales only; not confirmed complete store revenue.
2019-10-28,323.50,gross_valid_pos_sales_excluding_cancellations,323.50,0.00,323.50,323.50,,0.00,mdb_valid_pos_sales,megamanagepro-20260820T172552Z-1-001.zip::megamanagepro/DbPos.mdb,verified_mdb_journal_match,ManagementPro-recorded sales only; not confirmed complete store revenue.
2019-10-29,138.50,gross_valid_pos_sales_excluding_cancellations,138.50,0.00,138.50,138.50,,0.00,mdb_valid_pos_sales,megamanagepro-20260820T172552Z-1-001.zip::megamanagepro/DbPos.mdb,verified_mdb_journal_match,ManagementPro-recorded sales only; not confirmed complete store revenue.
2019-10-30,347.50,gross_valid_pos_sales_excluding_cancellations,347.50,0.00,347.50,347.50,,0.00,mdb_valid_pos_sales,megamanagepro-20260820T172552Z-1-001.zip::megamanagepro/DbPos.mdb,verified_mdb_journal_match,ManagementPro-recorded sales only; not confirmed complete store revenue.
2019-10-31,268.50,gross_valid_pos_sales_excluding_cancellations,268.50,0.00,268.50,268.50,,0.00,mdb_valid_pos_sales,megamanagepro-20260820T172552Z-1-001.zip::megamanagepro/DbPos.mdb,verified_mdb_journal_match,ManagementPro-recorded sales only; not confirmed complete store revenue.
2019-11-01,279.50,gross_valid_pos_sales_excluding_cancellations,279.50,0.00,279.50,279.50,,0.00,mdb_valid_pos_sales,megamanagepro-20260820T172552Z-1-001.zip::megamanagepro/DbPos.mdb,verified_mdb_journal_match,ManagementPro-recorded sales only; not confirmed complete store revenue.
2019-11-02,158.00,gross_valid_pos_sales_excluding_cancellations,158.00,0.00,158.00,158.00,,0.00,mdb_valid_pos_sales,megamanagepro-20260820T172552Z-1-001.zip::megamanagepro/DbPos.mdb,verified_mdb_journal_match,ManagementPro-recorded sales only; not confirmed complete store revenue.
2019-11-03,171.00,gross_valid_pos_sales_excluding_cancellations,171.00,0.00,171.00,171.00,,0.00,mdb_valid_pos_sales,megamanagepro-20260820T172552Z-1-001.zip::megamanagepro/DbPos.mdb,verified_mdb_journal_match,ManagementPro-recorded sales only; not confirmed complete store revenue.
2019-11-04,279.00,gross_valid_pos_sales_excluding_cancellations,279.00,0.00,279.00,279.00,,0.00,mdb_valid_pos_sales,megamanagepro-20260820T172552Z-1-001.zip::megamanagepro/DbPos.mdb,verified_mdb_journal_match,ManagementPro-recorded sales only; not confirmed complete store revenue.
2019-11-05,135.50,gross_valid_pos_sales_excluding_cancellations,135.50,0.00,135.50,135.50,,0.00,mdb_valid_pos_sales,megamanagepro-20260820T172552Z-1-001.zip::megamanagepro/DbPos.mdb,verified_mdb_journal_match,ManagementPro-recorded sales only; not confirmed complete store revenue.
2019-11-06,119.00,gross_valid_pos_sales_excluding_cancellations,119.00,0.00,119.00,119.00,,0.00,mdb_valid_pos_sales,megamanagepro-20260820T172552Z-1-001.zip::megamanagepro/DbPos.mdb,verified_mdb_journal_match,ManagementPro-recorded sales only; not confirmed complete store revenue.
2019-11-07,174.00,gross_valid_pos_sales_excluding_cancellations,174.00,0.00,174.00,174.00,,0.00,mdb_valid_pos_sales,megamanagepro-20260820T172552Z-1-001.zip::megamanagepro/DbPos.mdb,verified_mdb_journal_match,ManagementPro-recorded sales only; not confirmed complete store revenue.
2019-11-08,123.00,gross_valid_pos_sales_excluding_cancellations,123.00,0.00,123.00,123.00,,0.00,mdb_valid_pos_sales,megamanagepro-20260820T172552Z-1-001.zip::megamanagepro/DbPos.mdb,verified_mdb_journal_match,ManagementPro-recorded sales only; not confirmed complete store revenue.
2019-11-09,156.00,gross_valid_pos_sales_excluding_cancellations,156.00,0.00,156.00,156.00,,0.00,mdb_valid_pos_sales,megamanagepro-20260820T172552Z-1-001.zip::megamanagepro/DbPos.mdb,verified_mdb_journal_match,ManagementPro-recorded sales only; not confirmed complete store revenue.
2019-11-10,97.00,gross_valid_pos_sales_excluding_cancellations,97.00,0.00,97.00,97.00,,0.00,mdb_valid_pos_sales,megamanagepro-20260820T172552Z-1-001.zip::megamanagepro/DbPos.mdb,verified_mdb_journal_match,ManagementPro-recorded sales only; not confirmed complete store revenue.
2019-11-11,88.00,gross_valid_pos_sales_excluding_cancellations,88.00,0.00,88.00,88.00,,0.00,mdb_valid_pos_sales,megamanagepro-20260820T172552Z-1-001.zip::megamanagepro/DbPos.mdb,verified_mdb_journal_match,ManagementPro-recorded sales only; not confirmed complete store revenue.
2019-11-12,139.00,gross_valid_pos_sales_excluding_cancellations,139.00,0.00,139.00,139.00,,0.00,mdb_valid_pos_sales,megamanagepro-20260820T172552Z-1-001.zip::megamanagepro/DbPos.mdb,verified_mdb_journal_match,ManagementPro-recorded sales only; not confirmed complete store revenue.
2019-11-13,162.00,gross_valid_pos_sales_excluding_cancellations,162.00,0.00,162.00,162.00,,0.00,mdb_valid_pos_sales,megamanagepro-20260820T172552Z-1-001.zip::megamanagepro/DbPos.mdb,verified_mdb_journal_match,ManagementPro-recorded sales only; not confirmed complete store revenue.
2019-11-14,119.50,gross_valid_pos_sales_excluding_cancellations,119.50,0.00,119.50,119.50,,0.00,mdb_valid_pos_sales,megamanagepro-20260820T172552Z-1-001.zip::megamanagepro/DbPos.mdb,verified_mdb_journal_match,ManagementPro-recorded sales only; not confirmed complete store revenue.
2019-11-16,76.50,gross_valid_pos_sales_excluding_cancellations,76.50,0.00,76.50,76.50,,0.00,mdb_valid_pos_sales,megamanagepro-20260820T172552Z-1-001.zip::megamanagepro/DbPos.mdb,verified_mdb_journal_match,ManagementPro-recorded sales only; not confirmed complete store revenue.
2019-11-17,61.00,gross_valid_pos_sales_excluding_cancellations,61.00,0.00,61.00,61.00,,0.00,mdb_valid_pos_sales,megamanagepro-20260820T172552Z-1-001.zip::megamanagepro/DbPos.mdb,verified_mdb_journal_match,ManagementPro-recorded sales only; not confirmed complete store revenue.
2019-11-18,126.00,gross_valid_pos_sales_excluding_cancellations,126.00,0.00,126.00,126.00,,0.00,mdb_valid_pos_sales,megamanagepro-20260820T172552Z-1-001.zip::megamanagepro/DbPos.mdb,verified_mdb_journal_match,ManagementPro-recorded sales only; not confirmed complete store revenue.
2019-11-19,128.00,gross_valid_pos_sales_excluding_cancellations,128.00,0.00,128.00,128.00,,0.00,mdb_valid_pos_sales,megamanagepro-20260820T172552Z-1-001.zip::megamanagepro/DbPos.mdb,verified_mdb_journal_match,ManagementPro-recorded sales only; not confirmed complete store revenue.
2019-11-20,233.50,gross_valid_pos_sales_excluding_cancellations,233.50,0.00,233.50,233.50,,0.00,mdb_valid_pos_sales,megamanagepro-20260820T172552Z-1-001.zip::megamanagepro/DbPos.mdb,verified_mdb_journal_match,ManagementPro-recorded sales only; not confirmed complete store revenue.
2019-11-21,266.00,gross_valid_pos_sales_excluding_cancellations,266.00,0.00,266.00,266.00,,0.00,mdb_valid_pos_sales,megamanagepro-20260820T172552Z-1-001.zip::megamanagepro/DbPos.mdb,verified_mdb_journal_match,ManagementPro-recorded sales only; not confirmed complete store revenue.
2019-11-22,100.50,gross_valid_pos_sales_excluding_cancellations,100.50,0.00,100.50,100.50,,0.00,mdb_valid_pos_sales,megamanagepro-20260820T172552Z-1-001.zip::megamanagepro/DbPos.mdb,verified_mdb_journal_match,ManagementPro-recorded sales only; not confirmed complete store revenue.
2019-11-23,181.00,gross_valid_pos_sales_excluding_cancellations,181.00,0.00,181.00,181.00,,0.00,mdb_valid_pos_sales,megamanagepro-20260820T172552Z-1-001.zip::megamanagepro/DbPos.mdb,verified_mdb_journal_match,ManagementPro-recorded sales only; not confirmed complete store revenue.
2019-11-24,133.50,gross_valid_pos_sales_excluding_cancellations,133.50,0.00,133.50,133.50,,0.00,mdb_valid_pos_sales,megamanagepro-20260820T172552Z-1-001.zip::megamanagepro/DbPos.mdb,verified_mdb_journal_match,ManagementPro-recorded sales only; not confirmed complete store revenue.
2019-11-25,184.50,gross_valid_pos_sales_excluding_cancellations,184.50,0.00,184.50,184.50,,0.00,mdb_valid_pos_sales,megamanagepro-20260820T172552Z-1-001.zip::megamanagepro/DbPos.mdb,verified_mdb_journal_match,ManagementPro-recorded sales only; not confirmed complete store revenue.
2019-11-26,310.00,gross_valid_pos_sales_excluding_cancellations,310.00,0.00,310.00,310.00,,0.00,mdb_valid_pos_sales,megamanagepro-20260820T172552Z-1-001.zip::megamanagepro/DbPos.mdb,verified_mdb_journal_match,ManagementPro-recorded sales only; not confirmed complete store revenue.
2019-11-27,141.50,gross_valid_pos_sales_excluding_cancellations,141.50,0.00,141.50,141.50,,0.00,mdb_valid_pos_sales,megamanagepro-20260820T172552Z-1-001.zip::megamanagepro/DbPos.mdb,verified_mdb_journal_match,ManagementPro-recorded sales only; not confirmed complete store revenue.
2019-11-28,194.50,gross_valid_pos_sales_excluding_cancellations,194.50,0.00,194.50,194.50,,0.00,mdb_valid_pos_sales,megamanagepro-20260820T172552Z-1-001.zip::megamanagepro/DbPos.mdb,verified_mdb_journal_match,ManagementPro-recorded sales only; not confirmed complete store revenue.
2019-11-29,94.00,gross_valid_pos_sales_excluding_cancellations,94.00,0.00,94.00,94.00,,0.00,mdb_valid_pos_sales,megamanagepro-20260820T172552Z-1-001.zip::megamanagepro/DbPos.mdb,verified_mdb_journal_match,ManagementPro-recorded sales only; not confirmed complete store revenue.
2019-11-30,102.00,gross_valid_pos_sales_excluding_cancellations,102.00,0.00,102.00,102.00,,0.00,mdb_valid_pos_sales,megamanagepro-20260820T172552Z-1-001.zip::megamanagepro/DbPos.mdb,verified_mdb_journal_match,ManagementPro-recorded sales only; not confirmed complete store revenue.
2019-12-01,99.50,gross_valid_pos_sales_excluding_cancellations,99.50,0.00,99.50,99.50,,0.00,mdb_valid_pos_sales,megamanagepro-20260820T172552Z-1-001.zip::megamanagepro/DbPos.mdb,verified_mdb_journal_match,ManagementPro-recorded sales only; not confirmed complete store revenue.
2019-12-02,320.00,gross_valid_pos_sales_excluding_cancellations,320.00,0.00,320.00,320.00,,0.00,mdb_valid_pos_sales,megamanagepro-20260820T172552Z-1-001.zip::megamanagepro/DbPos.mdb,verified_mdb_journal_match,ManagementPro-recorded sales only; not confirmed complete store revenue.
2019-12-03,257.00,gross_valid_pos_sales_excluding_cancellations,257.00,0.00,257.00,257.00,,0.00,mdb_valid_pos_sales,megamanagepro-20260820T172552Z-1-001.zip::megamanagepro/DbPos.mdb,verified_mdb_journal_match,ManagementPro-recorded sales only; not confirmed complete store revenue.
2019-12-04,148.50,gross_valid_pos_sales_excluding_cancellations,148.50,0.00,148.50,148.50,,0.00,mdb_valid_pos_sales,megamanagepro-20260820T172552Z-1-001.zip::megamanagepro/DbPos.mdb,verified_mdb_journal_match,ManagementPro-recorded sales only; not confirmed complete store revenue.
2019-12-05,257.50,gross_valid_pos_sales_excluding_cancellations,257.50,0.00,257.50,257.50,,0.00,mdb_valid_pos_sales,megamanagepro-20260820T172552Z-1-001.zip::megamanagepro/DbPos.mdb,verified_mdb_journal_match,ManagementPro-recorded sales only; not confirmed complete store revenue.
2019-12-06,110.00,gross_valid_pos_sales_excluding_cancellations,110.00,0.00,110.00,110.00,,0.00,mdb_valid_pos_sales,megamanagepro-20260820T172552Z-1-001.zip::megamanagepro/DbPos.mdb,verified_mdb_journal_match,ManagementPro-recorded sales only; not confirmed complete store revenue.
2019-12-07,115.50,gross_valid_pos_sales_excluding_cancellations,115.50,0.00,115.50,115.50,,0.00,mdb_valid_pos_sales,megamanagepro-20260820T172552Z-1-001.zip::megamanagepro/DbPos.mdb,verified_mdb_journal_match,ManagementPro-recorded sales only; not confirmed complete store revenue.
2019-12-08,235.00,gross_valid_pos_sales_excluding_cancellations,235.00,0.00,235.00,235.00,,0.00,mdb_valid_pos_sales,megamanagepro-20260820T172552Z-1-001.zip::megamanagepro/DbPos.mdb,verified_mdb_journal_match,ManagementPro-recorded sales only; not confirmed complete store revenue.
2019-12-09,418.50,gross_valid_pos_sales_excluding_cancellations,418.50,0.00,418.50,418.50,,0.00,mdb_valid_pos_sales,megamanagepro-20260820T172552Z-1-001.zip::megamanagepro/DbPos.mdb,verified_mdb_journal_match,ManagementPro-recorded sales only; not confirmed complete store revenue.
2019-12-10,268.50,gross_valid_pos_sales_excluding_cancellations,268.50,0.00,268.50,268.50,,0.00,mdb_valid_pos_sales,megamanagepro-20260820T172552Z-1-001.zip::megamanagepro/DbPos.mdb,verified_mdb_journal_match,ManagementPro-recorded sales only; not confirmed complete store revenue.
2019-12-11,295.50,gross_valid_pos_sales_excluding_cancellations,295.50,0.00,295.50,295.50,,0.00,mdb_valid_pos_sales,megamanagepro-20260820T172552Z-1-001.zip::megamanagepro/DbPos.mdb,verified_mdb_journal_match,ManagementPro-recorded sales only; not confirmed complete store revenue.
2019-12-12,161.00,gross_valid_pos_sales_excluding_cancellations,161.00,0.00,161.00,161.00,,0.00,mdb_valid_pos_sales,megamanagepro-20260820T172552Z-1-001.zip::megamanagepro/DbPos.mdb,verified_mdb_journal_match,ManagementPro-recorded sales only; not confirmed complete store revenue.
2019-12-13,206.50,gross_valid_pos_sales_excluding_cancellations,206.50,0.00,206.50,206.50,,0.00,mdb_valid_pos_sales,megamanagepro-20260820T172552Z-1-001.zip::megamanagepro/DbPos.mdb,verified_mdb_journal_match,ManagementPro-recorded sales only; not confirmed complete store revenue.
2019-12-14,54.50,gross_valid_pos_sales_excluding_cancellations,54.50,0.00,54.50,54.50,,0.00,mdb_valid_pos_sales,megamanagepro-20260820T172552Z-1-001.zip::megamanagepro/DbPos.mdb,verified_mdb_journal_match,ManagementPro-recorded sales only; not confirmed complete store revenue.
2019-12-15,195.00,gross_valid_pos_sales_excluding_cancellations,195.00,0.00,195.00,195.00,,0.00,mdb_valid_pos_sales,megamanagepro-20260820T172552Z-1-001.zip::megamanagepro/DbPos.mdb,verified_mdb_journal_match,ManagementPro-recorded sales only; not confirmed complete store revenue.
2019-12-16,138.50,gross_valid_pos_sales_excluding_cancellations,138.50,0.00,138.50,138.50,,0.00,mdb_valid_pos_sales,megamanagepro-20260820T172552Z-1-001.zip::megamanagepro/DbPos.mdb,verified_mdb_journal_match,ManagementPro-recorded sales only; not confirmed complete store revenue.
2019-12-17,231.50,gross_valid_pos_sales_excluding_cancellations,231.50,0.00,231.50,72.00,,159.50,mdb_valid_pos_sales,megamanagepro-20260820T172552Z-1-001.zip::megamanagepro/DbPos.mdb,review_mdb_journal_difference,ManagementPro-recorded sales only; not confirmed complete store revenue. Authoritative MDB differs from journal audit by 159.50 MXN.
2019-12-18,,unresolved_journal_candidate,,,,159.50,,,journal_completed_sales,mpro-pos-20260820T172538Z-1-001.zip::mpro-pos/JOURNAL/00010120191218.jrn,review_possible_date_shift_duplicate,ManagementPro-recorded sales only; not confirmed complete store revenue. Candidate amount is preserved in journal_sales_mxn but intentionally excluded from amount_mxn pending date/duplicate review. No corresponding valid Venta rows in the canonical MDB; retained from the journal audit.
2019-12-19,160.00,gross_valid_pos_sales_excluding_cancellations,160.00,0.00,160.00,160.00,,0.00,mdb_valid_pos_sales,megamanagepro-20260820T172552Z-1-001.zip::megamanagepro/DbPos.mdb,verified_mdb_journal_match,ManagementPro-recorded sales only; not confirmed complete store revenue.
2019-12-20,88.00,gross_valid_pos_sales_excluding_cancellations,88.00,0.00,88.00,88.00,,0.00,mdb_valid_pos_sales,megamanagepro-20260820T172552Z-1-001.zip::megamanagepro/DbPos.mdb,verified_mdb_journal_match,ManagementPro-recorded sales only; not confirmed complete store revenue.
2019-12-21,13.00,gross_valid_pos_sales_excluding_cancellations,13.00,0.00,13.00,13.00,,0.00,mdb_valid_pos_sales,megamanagepro-20260820T172552Z-1-001.zip::megamanagepro/DbPos.mdb,verified_mdb_journal_match,ManagementPro-recorded sales only; not confirmed complete store revenue.
2019-12-22,25.50,gross_valid_pos_sales_excluding_cancellations,25.50,0.00,25.50,25.50,,0.00,mdb_valid_pos_sales,megamanagepro-20260820T172552Z-1-001.zip::megamanagepro/DbPos.mdb,verified_mdb_journal_match,ManagementPro-recorded sales only; not confirmed complete store revenue.
2019-12-23,260.00,gross_valid_pos_sales_excluding_cancellations,260.00,0.00,260.00,260.00,,0.00,mdb_valid_pos_sales,megamanagepro-20260820T172552Z-1-001.zip::megamanagepro/DbPos.mdb,verified_mdb_journal_match,ManagementPro-recorded sales only; not confirmed complete store revenue.
2019-12-28,31.00,gross_valid_pos_sales_excluding_cancellations,31.00,0.00,31.00,,,,mdb_valid_pos_sales,megamanagepro-20260820T172552Z-1-001.zip::megamanagepro/DbPos.mdb,verified_mdb_only,ManagementPro-recorded sales only; not confirmed complete store revenue.
2019-12-29,31.00,completed_journal_sales_cut_reconciled,,,,31.00,,,journal_completed_sales,mpro-pos-20260820T172538Z-1-001.zip::mpro-pos/JOURNAL/00010120191229.jrn,adjudicated_journal_only_cut_match,ManagementPro-recorded sales only; not confirmed complete store revenue. No corresponding valid Venta rows in the canonical MDB; retained from the journal audit.
2019-12-30,155.50,gross_valid_pos_sales_excluding_cancellations,155.50,0.00,155.50,155.50,,0.00,mdb_valid_pos_sales,megamanagepro-20260820T172552Z-1-001.zip::megamanagepro/DbPos.mdb,verified_mdb_journal_match,ManagementPro-recorded sales only; not confirmed complete store revenue.
2020-01-02,272.00,gross_valid_pos_sales_excluding_cancellations,272.00,0.00,272.00,,,,mdb_valid_pos_sales,megamanagepro-20260820T172552Z-1-001.zip::megamanagepro/DbPos.mdb,verified_mdb_only,ManagementPro-recorded sales only; not confirmed complete store revenue.
2020-01-03,272.00,completed_journal_sales_cut_reconciled,,,,272.00,,,journal_completed_sales,mpro-pos-20260820T172538Z-1-001.zip::mpro-pos/JOURNAL/00010120200103.jrn,adjudicated_journal_only_cut_match,ManagementPro-recorded sales only; not confirmed complete store revenue. No corresponding valid Venta rows in the canonical MDB; retained from the journal audit.
2020-01-04,49.50,gross_valid_pos_sales_excluding_cancellations,49.50,0.00,49.50,49.50,,0.00,mdb_valid_pos_sales,megamanagepro-20260820T172552Z-1-001.zip::megamanagepro/DbPos.mdb,verified_mdb_journal_match,ManagementPro-recorded sales only; not confirmed complete store revenue.
2020-01-05,23.00,gross_valid_pos_sales_excluding_cancellations,23.00,0.00,23.00,23.00,,0.00,mdb_valid_pos_sales,megamanagepro-20260820T172552Z-1-001.zip::megamanagepro/DbPos.mdb,verified_mdb_journal_match,ManagementPro-recorded sales only; not confirmed complete store revenue.
2020-01-08,262.50,gross_valid_pos_sales_excluding_cancellations,262.50,0.00,262.50,262.50,,0.00,mdb_valid_pos_sales,megamanagepro-20260820T172552Z-1-001.zip::megamanagepro/DbPos.mdb,verified_mdb_journal_match,ManagementPro-recorded sales only; not confirmed complete store revenue.
2020-01-09,45.50,gross_valid_pos_sales_excluding_cancellations,45.50,0.00,45.50,45.50,,0.00,mdb_valid_pos_sales,megamanagepro-20260820T172552Z-1-001.zip::megamanagepro/DbPos.mdb,verified_mdb_journal_match,ManagementPro-recorded sales only; not confirmed complete store revenue.
2020-01-10,149.00,gross_valid_pos_sales_excluding_cancellations,149.00,0.00,149.00,149.00,,0.00,mdb_valid_pos_sales,megamanagepro-20260820T172552Z-1-001.zip::megamanagepro/DbPos.mdb,verified_mdb_journal_match,ManagementPro-recorded sales only; not confirmed complete store revenue.
2020-01-11,134.50,gross_valid_pos_sales_excluding_cancellations,134.50,0.00,134.50,134.50,,0.00,mdb_valid_pos_sales,megamanagepro-20260820T172552Z-1-001.zip::megamanagepro/DbPos.mdb,verified_mdb_journal_match,ManagementPro-recorded sales only; not confirmed complete store revenue.
2020-01-12,279.00,gross_valid_pos_sales_excluding_cancellations,279.00,0.00,279.00,279.00,,0.00,mdb_valid_pos_sales,megamanagepro-20260820T172552Z-1-001.zip::megamanagepro/DbPos.mdb,verified_mdb_journal_match,ManagementPro-recorded sales only; not confirmed complete store revenue.
2020-01-13,221.50,gross_valid_pos_sales_excluding_cancellations,221.50,0.00,221.50,221.50,,0.00,mdb_valid_pos_sales,megamanagepro-20260820T172552Z-1-001.zip::megamanagepro/DbPos.mdb,verified_mdb_journal_match,ManagementPro-recorded sales only; not confirmed complete store revenue.
2020-01-14,151.00,gross_valid_pos_sales_excluding_cancellations,151.00,0.00,151.00,151.00,,0.00,mdb_valid_pos_sales,megamanagepro-20260820T172552Z-1-001.zip::megamanagepro/DbPos.mdb,verified_mdb_journal_match,ManagementPro-recorded sales only; not confirmed complete store revenue.
2020-01-15,306.50,gross_valid_pos_sales_excluding_cancellations,306.50,0.00,306.50,306.50,,0.00,mdb_valid_pos_sales,megamanagepro-20260820T172552Z-1-001.zip::megamanagepro/DbPos.mdb,verified_mdb_journal_match,ManagementPro-recorded sales only; not confirmed complete store revenue.
2020-01-16,325.50,gross_valid_pos_sales_excluding_cancellations,325.50,0.00,325.50,325.50,,0.00,mdb_valid_pos_sales,megamanagepro-20260820T172552Z-1-001.zip::megamanagepro/DbPos.mdb,verified_mdb_journal_match,ManagementPro-recorded sales only; not confirmed complete store revenue.
2020-01-17,80.00,gross_valid_pos_sales_excluding_cancellations,80.00,0.00,80.00,80.00,,0.00,mdb_valid_pos_sales,megamanagepro-20260820T172552Z-1-001.zip::megamanagepro/DbPos.mdb,verified_mdb_journal_match,ManagementPro-recorded sales only; not confirmed complete store revenue.
2020-01-18,70.50,gross_valid_pos_sales_excluding_cancellations,70.50,0.00,70.50,70.50,,0.00,mdb_valid_pos_sales,megamanagepro-20260820T172552Z-1-001.zip::megamanagepro/DbPos.mdb,verified_mdb_journal_match,ManagementPro-recorded sales only; not confirmed complete store revenue.
2020-01-19,163.50,gross_valid_pos_sales_excluding_cancellations,163.50,0.00,163.50,163.50,,0.00,mdb_valid_pos_sales,megamanagepro-20260820T172552Z-1-001.zip::megamanagepro/DbPos.mdb,verified_mdb_journal_match,ManagementPro-recorded sales only; not confirmed complete store revenue.
2020-01-20,463.50,gross_valid_pos_sales_excluding_cancellations,463.50,0.00,463.50,463.50,,0.00,mdb_valid_pos_sales,megamanagepro-20260820T172552Z-1-001.zip::megamanagepro/DbPos.mdb,verified_mdb_journal_match,ManagementPro-recorded sales only; not confirmed complete store revenue.
2020-01-21,317.50,gross_valid_pos_sales_excluding_cancellations,317.50,0.00,317.50,317.50,,0.00,mdb_valid_pos_sales,megamanagepro-20260820T172552Z-1-001.zip::megamanagepro/DbPos.mdb,verified_mdb_journal_match,ManagementPro-recorded sales only; not confirmed complete store revenue.
2020-01-22,202.50,gross_valid_pos_sales_excluding_cancellations,202.50,0.00,202.50,202.50,,0.00,mdb_valid_pos_sales,megamanagepro-20260820T172552Z-1-001.zip::megamanagepro/DbPos.mdb,verified_mdb_journal_match,ManagementPro-recorded sales only; not confirmed complete store revenue.
2020-01-23,28.00,gross_valid_pos_sales_excluding_cancellations,28.00,0.00,28.00,28.00,,0.00,mdb_valid_pos_sales,megamanagepro-20260820T172552Z-1-001.zip::megamanagepro/DbPos.mdb,verified_mdb_journal_match,ManagementPro-recorded sales only; not confirmed complete store revenue.
2020-01-24,100.00,gross_valid_pos_sales_excluding_cancellations,100.00,0.00,100.00,100.00,,0.00,mdb_valid_pos_sales,megamanagepro-20260820T172552Z-1-001.zip::megamanagepro/DbPos.mdb,verified_mdb_journal_match,ManagementPro-recorded sales only; not confirmed complete store revenue.
2020-01-25,102.50,gross_valid_pos_sales_excluding_cancellations,102.50,0.00,102.50,102.50,,0.00,mdb_valid_pos_sales,megamanagepro-20260820T172552Z-1-001.zip::megamanagepro/DbPos.mdb,verified_mdb_journal_match,ManagementPro-recorded sales only; not confirmed complete store revenue.
2020-01-26,154.50,gross_valid_pos_sales_excluding_cancellations,154.50,0.00,154.50,154.50,,0.00,mdb_valid_pos_sales,megamanagepro-20260820T172552Z-1-001.zip::megamanagepro/DbPos.mdb,verified_mdb_journal_match,ManagementPro-recorded sales only; not confirmed complete store revenue.
2020-01-27,152.00,gross_valid_pos_sales_excluding_cancellations,152.00,0.00,152.00,152.00,,0.00,mdb_valid_pos_sales,megamanagepro-20260820T172552Z-1-001.zip::megamanagepro/DbPos.mdb,verified_mdb_journal_match,ManagementPro-recorded sales only; not confirmed complete store revenue.
2020-01-28,131.50,gross_valid_pos_sales_excluding_cancellations,131.50,0.00,131.50,131.50,,0.00,mdb_valid_pos_sales,megamanagepro-20260820T172552Z-1-001.zip::megamanagepro/DbPos.mdb,verified_mdb_journal_match,ManagementPro-recorded sales only; not confirmed complete store revenue.
2020-01-29,270.50,gross_valid_pos_sales_excluding_cancellations,270.50,0.00,270.50,270.50,,0.00,mdb_valid_pos_sales,megamanagepro-20260820T172552Z-1-001.zip::megamanagepro/DbPos.mdb,verified_mdb_journal_match,ManagementPro-recorded sales only; not confirmed complete store revenue.
2020-01-30,80.50,gross_valid_pos_sales_excluding_cancellations,80.50,0.00,80.50,80.50,,0.00,mdb_valid_pos_sales,megamanagepro-20260820T172552Z-1-001.zip::megamanagepro/DbPos.mdb,verified_mdb_journal_match,ManagementPro-recorded sales only; not confirmed complete store revenue.
2020-02-01,115.00,gross_valid_pos_sales_excluding_cancellations,115.00,0.00,115.00,115.00,,0.00,mdb_valid_pos_sales,megamanagepro-20260820T172552Z-1-001.zip::megamanagepro/DbPos.mdb,verified_mdb_journal_match,ManagementPro-recorded sales only; not confirmed complete store revenue.
2020-02-02,139.00,gross_valid_pos_sales_excluding_cancellations,139.00,0.00,139.00,139.00,,0.00,mdb_valid_pos_sales,megamanagepro-20260820T172552Z-1-001.zip::megamanagepro/DbPos.mdb,verified_mdb_journal_match,ManagementPro-recorded sales only; not confirmed complete store revenue.
2020-02-04,211.50,gross_valid_pos_sales_excluding_cancellations,211.50,0.00,211.50,211.50,,0.00,mdb_valid_pos_sales,megamanagepro-20260820T172552Z-1-001.zip::megamanagepro/DbPos.mdb,verified_mdb_journal_match,ManagementPro-recorded sales only; not confirmed complete store revenue.
2020-02-05,258.00,gross_valid_pos_sales_excluding_cancellations,258.00,0.00,258.00,258.00,,0.00,mdb_valid_pos_sales,megamanagepro-20260820T172552Z-1-001.zip::megamanagepro/DbPos.mdb,verified_mdb_journal_match,ManagementPro-recorded sales only; not confirmed complete store revenue.
2020-02-06,314.60,gross_valid_pos_sales_excluding_cancellations,314.60,0.00,314.60,314.60,,0.00,mdb_valid_pos_sales,megamanagepro-20260820T172552Z-1-001.zip::megamanagepro/DbPos.mdb,verified_mdb_journal_match,ManagementPro-recorded sales only; not confirmed complete store revenue.
2020-02-07,134.00,gross_valid_pos_sales_excluding_cancellations,134.00,0.00,134.00,134.00,,0.00,mdb_valid_pos_sales,megamanagepro-20260820T172552Z-1-001.zip::megamanagepro/DbPos.mdb,verified_mdb_journal_match,ManagementPro-recorded sales only; not confirmed complete store revenue.
2020-02-08,16.50,gross_valid_pos_sales_excluding_cancellations,16.50,0.00,16.50,16.50,,0.00,mdb_valid_pos_sales,megamanagepro-20260820T172552Z-1-001.zip::megamanagepro/DbPos.mdb,verified_mdb_journal_match,ManagementPro-recorded sales only; not confirmed complete store revenue.
2020-02-11,243.50,gross_valid_pos_sales_excluding_cancellations,243.50,0.00,243.50,243.50,,0.00,mdb_valid_pos_sales,megamanagepro-20260820T172552Z-1-001.zip::megamanagepro/DbPos.mdb,verified_mdb_journal_match,ManagementPro-recorded sales only; not confirmed complete store revenue.
2020-02-12,133.00,gross_valid_pos_sales_excluding_cancellations,133.00,0.00,133.00,133.00,,0.00,mdb_valid_pos_sales,megamanagepro-20260820T172552Z-1-001.zip::megamanagepro/DbPos.mdb,verified_mdb_journal_match,ManagementPro-recorded sales only; not confirmed complete store revenue.
2020-02-13,531.00,gross_valid_pos_sales_excluding_cancellations,531.00,0.00,531.00,531.00,,0.00,mdb_valid_pos_sales,megamanagepro-20260820T172552Z-1-001.zip::megamanagepro/DbPos.mdb,verified_mdb_journal_match,ManagementPro-recorded sales only; not confirmed complete store revenue.
2020-02-14,28.00,gross_valid_pos_sales_excluding_cancellations,28.00,0.00,28.00,28.00,,0.00,mdb_valid_pos_sales,megamanagepro-20260820T172552Z-1-001.zip::megamanagepro/DbPos.mdb,verified_mdb_journal_match,ManagementPro-recorded sales only; not confirmed complete store revenue.
2020-02-15,47.00,gross_valid_pos_sales_excluding_cancellations,47.00,0.00,47.00,47.00,,0.00,mdb_valid_pos_sales,megamanagepro-20260820T172552Z-1-001.zip::megamanagepro/DbPos.mdb,verified_mdb_journal_match,ManagementPro-recorded sales only; not confirmed complete store revenue.
2020-02-16,36.00,gross_valid_pos_sales_excluding_cancellations,36.00,0.00,36.00,36.00,,0.00,mdb_valid_pos_sales,megamanagepro-20260820T172552Z-1-001.zip::megamanagepro/DbPos.mdb,verified_mdb_journal_match,ManagementPro-recorded sales only; not confirmed complete store revenue.
2020-02-17,435.00,gross_valid_pos_sales_excluding_cancellations,435.00,0.00,435.00,435.00,,0.00,mdb_valid_pos_sales,megamanagepro-20260820T172552Z-1-001.zip::megamanagepro/DbPos.mdb,verified_mdb_journal_match,ManagementPro-recorded sales only; not confirmed complete store revenue.
2020-02-18,110.00,gross_valid_pos_sales_excluding_cancellations,110.00,0.00,110.00,110.00,,0.00,mdb_valid_pos_sales,megamanagepro-20260820T172552Z-1-001.zip::megamanagepro/DbPos.mdb,verified_mdb_journal_match,ManagementPro-recorded sales only; not confirmed complete store revenue.
2020-02-19,291.00,gross_valid_pos_sales_excluding_cancellations,291.00,0.00,291.00,291.00,,0.00,mdb_valid_pos_sales,megamanagepro-20260820T172552Z-1-001.zip::megamanagepro/DbPos.mdb,verified_mdb_journal_match,ManagementPro-recorded sales only; not confirmed complete store revenue.
2020-02-20,203.00,gross_valid_pos_sales_excluding_cancellations,203.00,0.00,203.00,203.00,,0.00,mdb_valid_pos_sales,megamanagepro-20260820T172552Z-1-001.zip::megamanagepro/DbPos.mdb,verified_mdb_journal_match,ManagementPro-recorded sales only; not confirmed complete store revenue.
2020-02-21,71.00,gross_valid_pos_sales_excluding_cancellations,71.00,0.00,71.00,71.00,,0.00,mdb_valid_pos_sales,megamanagepro-20260820T172552Z-1-001.zip::megamanagepro/DbPos.mdb,verified_mdb_journal_match,ManagementPro-recorded sales only; not confirmed complete store revenue.
2020-02-22,106.00,gross_valid_pos_sales_excluding_cancellations,106.00,0.00,106.00,106.00,,0.00,mdb_valid_pos_sales,megamanagepro-20260820T172552Z-1-001.zip::megamanagepro/DbPos.mdb,verified_mdb_journal_match,ManagementPro-recorded sales only; not confirmed complete store revenue.
2020-02-23,169.50,gross_valid_pos_sales_excluding_cancellations,169.50,0.00,169.50,169.50,,0.00,mdb_valid_pos_sales,megamanagepro-20260820T172552Z-1-001.zip::megamanagepro/DbPos.mdb,verified_mdb_journal_match,ManagementPro-recorded sales only; not confirmed complete store revenue.
2020-02-24,353.50,gross_valid_pos_sales_excluding_cancellations,353.50,0.00,353.50,353.50,,0.00,mdb_valid_pos_sales,megamanagepro-20260820T172552Z-1-001.zip::megamanagepro/DbPos.mdb,verified_mdb_journal_match,ManagementPro-recorded sales only; not confirmed complete store revenue.
2020-02-25,183.50,gross_valid_pos_sales_excluding_cancellations,183.50,0.00,183.50,183.50,,0.00,mdb_valid_pos_sales,megamanagepro-20260820T172552Z-1-001.zip::megamanagepro/DbPos.mdb,verified_mdb_journal_match,ManagementPro-recorded sales only; not confirmed complete store revenue.
2020-02-26,148.00,gross_valid_pos_sales_excluding_cancellations,148.00,0.00,148.00,148.00,,0.00,mdb_valid_pos_sales,megamanagepro-20260820T172552Z-1-001.zip::megamanagepro/DbPos.mdb,verified_mdb_journal_match,ManagementPro-recorded sales only; not confirmed complete store revenue.
2020-02-27,311.50,gross_valid_pos_sales_excluding_cancellations,311.50,0.00,311.50,311.50,,0.00,mdb_valid_pos_sales,megamanagepro-20260820T172552Z-1-001.zip::megamanagepro/DbPos.mdb,verified_mdb_journal_match,ManagementPro-recorded sales only; not confirmed complete store revenue.
2020-02-28,98.50,gross_valid_pos_sales_excluding_cancellations,98.50,0.00,98.50,98.50,,0.00,mdb_valid_pos_sales,megamanagepro-20260820T172552Z-1-001.zip::megamanagepro/DbPos.mdb,verified_mdb_journal_match,ManagementPro-recorded sales only; not confirmed complete store revenue.
2020-03-01,97.50,gross_valid_pos_sales_excluding_cancellations,97.50,0.00,97.50,97.50,,0.00,mdb_valid_pos_sales,megamanagepro-20260820T172552Z-1-001.zip::megamanagepro/DbPos.mdb,verified_mdb_journal_match,ManagementPro-recorded sales only; not confirmed complete store revenue.
2020-03-02,402.00,gross_valid_pos_sales_excluding_cancellations,402.00,0.00,402.00,402.00,,0.00,mdb_valid_pos_sales,megamanagepro-20260820T172552Z-1-001.zip::megamanagepro/DbPos.mdb,verified_mdb_journal_match,ManagementPro-recorded sales only; not confirmed complete store revenue.
2020-03-03,157.50,gross_valid_pos_sales_excluding_cancellations,157.50,0.00,157.50,157.50,,0.00,mdb_valid_pos_sales,megamanagepro-20260820T172552Z-1-001.zip::megamanagepro/DbPos.mdb,verified_mdb_journal_match,ManagementPro-recorded sales only; not confirmed complete store revenue.
2020-03-04,298.00,gross_valid_pos_sales_excluding_cancellations,298.00,0.00,298.00,298.00,,0.00,mdb_valid_pos_sales,megamanagepro-20260820T172552Z-1-001.zip::megamanagepro/DbPos.mdb,verified_mdb_journal_match,ManagementPro-recorded sales only; not confirmed complete store revenue.
2020-03-05,337.50,gross_valid_pos_sales_excluding_cancellations,337.50,0.00,337.50,337.50,,0.00,mdb_valid_pos_sales,megamanagepro-20260820T172552Z-1-001.zip::megamanagepro/DbPos.mdb,verified_mdb_journal_match,ManagementPro-recorded sales only; not confirmed complete store revenue.
2020-03-06,257.50,gross_valid_pos_sales_excluding_cancellations,257.50,0.00,257.50,257.50,,0.00,mdb_valid_pos_sales,megamanagepro-20260820T172552Z-1-001.zip::megamanagepro/DbPos.mdb,verified_mdb_journal_match,ManagementPro-recorded sales only; not confirmed complete store revenue.
2020-03-07,33.50,gross_valid_pos_sales_excluding_cancellations,33.50,0.00,33.50,33.50,,0.00,mdb_valid_pos_sales,megamanagepro-20260820T172552Z-1-001.zip::megamanagepro/DbPos.mdb,verified_mdb_journal_match,ManagementPro-recorded sales only; not confirmed complete store revenue.
2020-03-08,14.50,gross_valid_pos_sales_excluding_cancellations,14.50,0.00,14.50,14.50,,0.00,mdb_valid_pos_sales,megamanagepro-20260820T172552Z-1-001.zip::megamanagepro/DbPos.mdb,verified_mdb_journal_match,ManagementPro-recorded sales only; not confirmed complete store revenue.
2020-03-10,202.50,gross_valid_pos_sales_excluding_cancellations,202.50,0.00,202.50,202.50,,0.00,mdb_valid_pos_sales,megamanagepro-20260820T172552Z-1-001.zip::megamanagepro/DbPos.mdb,verified_mdb_journal_match,ManagementPro-recorded sales only; not confirmed complete store revenue.
2020-03-11,211.00,gross_valid_pos_sales_excluding_cancellations,211.00,0.00,211.00,211.00,,0.00,mdb_valid_pos_sales,megamanagepro-20260820T172552Z-1-001.zip::megamanagepro/DbPos.mdb,verified_mdb_journal_match,ManagementPro-recorded sales only; not confirmed complete store revenue.
2020-03-12,79.50,gross_valid_pos_sales_excluding_cancellations,79.50,0.00,79.50,79.50,,0.00,mdb_valid_pos_sales,megamanagepro-20260820T172552Z-1-001.zip::megamanagepro/DbPos.mdb,verified_mdb_journal_match,ManagementPro-recorded sales only; not confirmed complete store revenue.
2020-03-13,85.50,gross_valid_pos_sales_excluding_cancellations,85.50,0.00,85.50,85.50,,0.00,mdb_valid_pos_sales,megamanagepro-20260820T172552Z-1-001.zip::megamanagepro/DbPos.mdb,verified_mdb_journal_match,ManagementPro-recorded sales only; not confirmed complete store revenue.
2020-03-14,115.50,gross_valid_pos_sales_excluding_cancellations,115.50,0.00,115.50,115.50,,0.00,mdb_valid_pos_sales,megamanagepro-20260820T172552Z-1-001.zip::megamanagepro/DbPos.mdb,verified_mdb_journal_match,ManagementPro-recorded sales only; not confirmed complete store revenue.
2020-03-15,169.50,gross_valid_pos_sales_excluding_cancellations,169.50,0.00,169.50,169.50,,0.00,mdb_valid_pos_sales,megamanagepro-20260820T172552Z-1-001.zip::megamanagepro/DbPos.mdb,verified_mdb_journal_match,ManagementPro-recorded sales only; not confirmed complete store revenue.
2020-03-17,98.00,gross_valid_pos_sales_excluding_cancellations,98.00,0.00,98.00,98.00,,0.00,mdb_valid_pos_sales,megamanagepro-20260820T172552Z-1-001.zip::megamanagepro/DbPos.mdb,verified_mdb_journal_match,ManagementPro-recorded sales only; not confirmed complete store revenue.
2020-03-18,260.00,gross_valid_pos_sales_excluding_cancellations,260.00,0.00,260.00,260.00,,0.00,mdb_valid_pos_sales,megamanagepro-20260820T172552Z-1-001.zip::megamanagepro/DbPos.mdb,verified_mdb_journal_match,ManagementPro-recorded sales only; not confirmed complete store revenue.
2020-03-19,82.50,gross_valid_pos_sales_excluding_cancellations,82.50,0.00,82.50,82.50,,0.00,mdb_valid_pos_sales,megamanagepro-20260820T172552Z-1-001.zip::megamanagepro/DbPos.mdb,verified_mdb_journal_match,ManagementPro-recorded sales only; not confirmed complete store revenue.
2020-03-20,78.00,gross_valid_pos_sales_excluding_cancellations,78.00,0.00,78.00,78.00,,0.00,mdb_valid_pos_sales,megamanagepro-20260820T172552Z-1-001.zip::megamanagepro/DbPos.mdb,verified_mdb_journal_match,ManagementPro-recorded sales only; not confirmed complete store revenue.
2020-03-21,167.00,gross_valid_pos_sales_excluding_cancellations,167.00,0.00,167.00,57.00,,110.00,mdb_valid_pos_sales,megamanagepro-20260820T172552Z-1-001.zip::megamanagepro/DbPos.mdb,review_mdb_journal_difference,ManagementPro-recorded sales only; not confirmed complete store revenue. Authoritative MDB differs from journal audit by 110.00 MXN.
2020-03-30,110.00,completed_journal_sales_cut_reconciled,,,,110.00,,,journal_completed_sales,mpro-pos-20260820T172538Z-1-001.zip::mpro-pos/JOURNAL/00010120200330.jrn,adjudicated_journal_only_cut_match,ManagementPro-recorded sales only; not confirmed complete store revenue. No corresponding valid Venta rows in the canonical MDB; retained from the journal audit.
2020-03-31,185.50,gross_valid_pos_sales_excluding_cancellations,185.50,0.00,185.50,185.50,,0.00,mdb_valid_pos_sales,megamanagepro-20260820T172552Z-1-001.zip::megamanagepro/DbPos.mdb,verified_mdb_journal_match,ManagementPro-recorded sales only; not confirmed complete store revenue.
2020-06-01,146.00,gross_valid_pos_sales_excluding_cancellations,146.00,0.00,146.00,146.00,,0.00,mdb_valid_pos_sales,megamanagepro-20260820T172552Z-1-001.zip::megamanagepro/DbPos.mdb,verified_mdb_journal_match,ManagementPro-recorded sales only; not confirmed complete store revenue.
2020-06-02,125.00,gross_valid_pos_sales_excluding_cancellations,125.00,0.00,125.00,125.00,,0.00,mdb_valid_pos_sales,megamanagepro-20260820T172552Z-1-001.zip::megamanagepro/DbPos.mdb,verified_mdb_journal_match,ManagementPro-recorded sales only; not confirmed complete store revenue.
2020-06-03,57.00,gross_valid_pos_sales_excluding_cancellations,57.00,0.00,57.00,57.00,,0.00,mdb_valid_pos_sales,megamanagepro-20260820T172552Z-1-001.zip::megamanagepro/DbPos.mdb,verified_mdb_journal_match,ManagementPro-recorded sales only; not confirmed complete store revenue.
2020-06-04,122.50,gross_valid_pos_sales_excluding_cancellations,122.50,0.00,122.50,122.50,,0.00,mdb_valid_pos_sales,megamanagepro-20260820T172552Z-1-001.zip::megamanagepro/DbPos.mdb,verified_mdb_journal_match,ManagementPro-recorded sales only; not confirmed complete store revenue.
2020-06-05,68.00,gross_valid_pos_sales_excluding_cancellations,68.00,0.00,68.00,68.00,,0.00,mdb_valid_pos_sales,megamanagepro-20260820T172552Z-1-001.zip::megamanagepro/DbPos.mdb,verified_mdb_journal_match,ManagementPro-recorded sales only; not confirmed complete store revenue.
2020-06-06,75.50,gross_valid_pos_sales_excluding_cancellations,75.50,0.00,75.50,75.50,,0.00,mdb_valid_pos_sales,megamanagepro-20260820T172552Z-1-001.zip::megamanagepro/DbPos.mdb,verified_mdb_journal_match,ManagementPro-recorded sales only; not confirmed complete store revenue.
2020-06-07,27.00,gross_valid_pos_sales_excluding_cancellations,27.00,0.00,27.00,27.00,,0.00,mdb_valid_pos_sales,megamanagepro-20260820T172552Z-1-001.zip::megamanagepro/DbPos.mdb,verified_mdb_journal_match,ManagementPro-recorded sales only; not confirmed complete store revenue.
2020-06-08,147.50,gross_valid_pos_sales_excluding_cancellations,147.50,0.00,147.50,147.50,,0.00,mdb_valid_pos_sales,megamanagepro-20260820T172552Z-1-001.zip::megamanagepro/DbPos.mdb,verified_mdb_journal_match,ManagementPro-recorded sales only; not confirmed complete store revenue.
2020-06-09,81.00,gross_valid_pos_sales_excluding_cancellations,81.00,0.00,81.00,81.00,,0.00,mdb_valid_pos_sales,megamanagepro-20260820T172552Z-1-001.zip::megamanagepro/DbPos.mdb,verified_mdb_journal_match,ManagementPro-recorded sales only; not confirmed complete store revenue.
2020-06-10,106.00,gross_valid_pos_sales_excluding_cancellations,106.00,0.00,106.00,106.00,,0.00,mdb_valid_pos_sales,megamanagepro-20260820T172552Z-1-001.zip::megamanagepro/DbPos.mdb,verified_mdb_journal_match,ManagementPro-recorded sales only; not confirmed complete store revenue.
2020-06-11,203.50,gross_valid_pos_sales_excluding_cancellations,203.50,0.00,203.50,203.50,,0.00,mdb_valid_pos_sales,megamanagepro-20260820T172552Z-1-001.zip::megamanagepro/DbPos.mdb,verified_mdb_journal_match,ManagementPro-recorded sales only; not confirmed complete store revenue.
2020-06-12,10.00,gross_valid_pos_sales_excluding_cancellations,10.00,0.00,10.00,10.00,,0.00,mdb_valid_pos_sales,megamanagepro-20260820T172552Z-1-001.zip::megamanagepro/DbPos.mdb,verified_mdb_journal_match,ManagementPro-recorded sales only; not confirmed complete store revenue.
2020-06-13,33.00,gross_valid_pos_sales_excluding_cancellations,33.00,0.00,33.00,33.00,,0.00,mdb_valid_pos_sales,megamanagepro-20260820T172552Z-1-001.zip::megamanagepro/DbPos.mdb,verified_mdb_journal_match,ManagementPro-recorded sales only; not confirmed complete store revenue.
2020-06-14,99.50,gross_valid_pos_sales_excluding_cancellations,99.50,0.00,99.50,99.50,,0.00,mdb_valid_pos_sales,megamanagepro-20260820T172552Z-1-001.zip::megamanagepro/DbPos.mdb,verified_mdb_journal_match,ManagementPro-recorded sales only; not confirmed complete store revenue.
2020-06-15,213.00,gross_valid_pos_sales_excluding_cancellations,213.00,0.00,213.00,213.00,,0.00,mdb_valid_pos_sales,megamanagepro-20260820T172552Z-1-001.zip::megamanagepro/DbPos.mdb,verified_mdb_journal_match,ManagementPro-recorded sales only; not confirmed complete store revenue.
2020-06-16,135.00,gross_valid_pos_sales_excluding_cancellations,135.00,0.00,135.00,135.00,,0.00,mdb_valid_pos_sales,megamanagepro-20260820T172552Z-1-001.zip::megamanagepro/DbPos.mdb,verified_mdb_journal_match,ManagementPro-recorded sales only; not confirmed complete store revenue.
2020-06-17,207.00,gross_valid_pos_sales_excluding_cancellations,207.00,0.00,207.00,207.00,,0.00,mdb_valid_pos_sales,megamanagepro-20260820T172552Z-1-001.zip::megamanagepro/DbPos.mdb,verified_mdb_journal_match,ManagementPro-recorded sales only; not confirmed complete store revenue.
2020-06-18,67.50,gross_valid_pos_sales_excluding_cancellations,67.50,0.00,67.50,67.50,,0.00,mdb_valid_pos_sales,megamanagepro-20260820T172552Z-1-001.zip::megamanagepro/DbPos.mdb,verified_mdb_journal_match,ManagementPro-recorded sales only; not confirmed complete store revenue.
2020-06-19,74.50,gross_valid_pos_sales_excluding_cancellations,74.50,0.00,74.50,74.50,,0.00,mdb_valid_pos_sales,megamanagepro-20260820T172552Z-1-001.zip::megamanagepro/DbPos.mdb,verified_mdb_journal_match,ManagementPro-recorded sales only; not confirmed complete store revenue.
2020-06-20,92.00,gross_valid_pos_sales_excluding_cancellations,92.00,0.00,92.00,92.00,,0.00,mdb_valid_pos_sales,megamanagepro-20260820T172552Z-1-001.zip::megamanagepro/DbPos.mdb,verified_mdb_journal_match,ManagementPro-recorded sales only; not confirmed complete store revenue.
2020-06-21,35.50,gross_valid_pos_sales_excluding_cancellations,35.50,0.00,35.50,35.50,,0.00,mdb_valid_pos_sales,megamanagepro-20260820T172552Z-1-001.zip::megamanagepro/DbPos.mdb,verified_mdb_journal_match,ManagementPro-recorded sales only; not confirmed complete store revenue.
2020-06-22,80.50,gross_valid_pos_sales_excluding_cancellations,80.50,0.00,80.50,17.00,,63.50,mdb_valid_pos_sales,megamanagepro-20260820T172552Z-1-001.zip::megamanagepro/DbPos.mdb,review_mdb_journal_difference,ManagementPro-recorded sales only; not confirmed complete store revenue. Authoritative MDB differs from journal audit by 63.50 MXN.
2020-06-23,,unresolved_journal_candidate,,,,63.50,,,journal_completed_sales,mpro-pos-20260820T172538Z-1-001.zip::mpro-pos/JOURNAL/00010120200623.jrn,review_possible_date_shift_duplicate,ManagementPro-recorded sales only; not confirmed complete store revenue. Candidate amount is preserved in journal_sales_mxn but intentionally excluded from amount_mxn pending date/duplicate review. No corresponding valid Venta rows in the canonical MDB; retained from the journal audit.
2020-06-24,19.00,gross_valid_pos_sales_excluding_cancellations,19.00,0.00,19.00,19.00,,0.00,mdb_valid_pos_sales,megamanagepro-20260820T172552Z-1-001.zip::megamanagepro/DbPos.mdb,verified_mdb_journal_match,ManagementPro-recorded sales only; not confirmed complete store revenue.
2020-06-25,65.00,gross_valid_pos_sales_excluding_cancellations,65.00,0.00,65.00,65.00,,0.00,mdb_valid_pos_sales,megamanagepro-20260820T172552Z-1-001.zip::megamanagepro/DbPos.mdb,verified_mdb_journal_match,ManagementPro-recorded sales only; not confirmed complete store revenue.
2020-06-26,54.00,gross_valid_pos_sales_excluding_cancellations,54.00,0.00,54.00,54.00,,0.00,mdb_valid_pos_sales,megamanagepro-20260820T172552Z-1-001.zip::megamanagepro/DbPos.mdb,verified_mdb_journal_match,ManagementPro-recorded sales only; not confirmed complete store revenue.
2020-06-27,12.00,gross_valid_pos_sales_excluding_cancellations,12.00,0.00,12.00,12.00,,0.00,mdb_valid_pos_sales,megamanagepro-20260820T172552Z-1-001.zip::megamanagepro/DbPos.mdb,verified_mdb_journal_match,ManagementPro-recorded sales only; not confirmed complete store revenue.
2020-06-28,67.50,gross_valid_pos_sales_excluding_cancellations,67.50,0.00,67.50,67.50,,0.00,mdb_valid_pos_sales,megamanagepro-20260820T172552Z-1-001.zip::megamanagepro/DbPos.mdb,verified_mdb_journal_match,ManagementPro-recorded sales only; not confirmed complete store revenue.
2020-06-29,122.00,gross_valid_pos_sales_excluding_cancellations,122.00,0.00,122.00,122.00,,0.00,mdb_valid_pos_sales,megamanagepro-20260820T172552Z-1-001.zip::megamanagepro/DbPos.mdb,verified_mdb_journal_match,ManagementPro-recorded sales only; not confirmed complete store revenue.
2020-06-30,118.00,gross_valid_pos_sales_excluding_cancellations,118.00,0.00,118.00,118.00,,0.00,mdb_valid_pos_sales,megamanagepro-20260820T172552Z-1-001.zip::megamanagepro/DbPos.mdb,verified_mdb_journal_match,ManagementPro-recorded sales only; not confirmed complete store revenue.
2020-07-01,117.50,gross_valid_pos_sales_excluding_cancellations,117.50,0.00,117.50,117.50,,0.00,mdb_valid_pos_sales,megamanagepro-20260820T172552Z-1-001.zip::megamanagepro/DbPos.mdb,verified_mdb_journal_match,ManagementPro-recorded sales only; not confirmed complete store revenue.
2020-07-02,38.50,gross_valid_pos_sales_excluding_cancellations,38.50,0.00,38.50,38.50,,0.00,mdb_valid_pos_sales,megamanagepro-20260820T172552Z-1-001.zip::megamanagepro/DbPos.mdb,verified_mdb_journal_match,ManagementPro-recorded sales only; not confirmed complete store revenue.
2020-07-03,37.00,gross_valid_pos_sales_excluding_cancellations,37.00,0.00,37.00,37.00,,0.00,mdb_valid_pos_sales,megamanagepro-20260820T172552Z-1-001.zip::megamanagepro/DbPos.mdb,verified_mdb_journal_match,ManagementPro-recorded sales only; not confirmed complete store revenue.
2020-07-04,23.00,gross_valid_pos_sales_excluding_cancellations,23.00,0.00,23.00,23.00,,0.00,mdb_valid_pos_sales,megamanagepro-20260820T172552Z-1-001.zip::megamanagepro/DbPos.mdb,verified_mdb_journal_match,ManagementPro-recorded sales only; not confirmed complete store revenue.
2020-07-05,37.00,gross_valid_pos_sales_excluding_cancellations,37.00,0.00,37.00,37.00,,0.00,mdb_valid_pos_sales,megamanagepro-20260820T172552Z-1-001.zip::megamanagepro/DbPos.mdb,verified_mdb_journal_match,ManagementPro-recorded sales only; not confirmed complete store revenue.
2020-07-06,41.50,gross_valid_pos_sales_excluding_cancellations,41.50,0.00,41.50,41.50,,0.00,mdb_valid_pos_sales,megamanagepro-20260820T172552Z-1-001.zip::megamanagepro/DbPos.mdb,verified_mdb_journal_match,ManagementPro-recorded sales only; not confirmed complete store revenue.
2020-07-07,95.00,gross_valid_pos_sales_excluding_cancellations,95.00,0.00,95.00,95.00,,0.00,mdb_valid_pos_sales,megamanagepro-20260820T172552Z-1-001.zip::megamanagepro/DbPos.mdb,verified_mdb_journal_match,ManagementPro-recorded sales only; not confirmed complete store revenue.
2020-07-08,44.00,gross_valid_pos_sales_excluding_cancellations,44.00,0.00,44.00,44.00,,0.00,mdb_valid_pos_sales,megamanagepro-20260820T172552Z-1-001.zip::megamanagepro/DbPos.mdb,verified_mdb_journal_match,ManagementPro-recorded sales only; not confirmed complete store revenue.
2020-07-09,70.00,gross_valid_pos_sales_excluding_cancellations,70.00,0.00,70.00,70.00,,0.00,mdb_valid_pos_sales,megamanagepro-20260820T172552Z-1-001.zip::megamanagepro/DbPos.mdb,verified_mdb_journal_match,ManagementPro-recorded sales only; not confirmed complete store revenue.
2020-07-11,20.00,gross_valid_pos_sales_excluding_cancellations,20.00,0.00,20.00,,,,mdb_valid_pos_sales,megamanagepro-20260820T172552Z-1-001.zip::megamanagepro/DbPos.mdb,verified_mdb_only,ManagementPro-recorded sales only; not confirmed complete store revenue.
2020-07-12,20.00,completed_journal_sales_cut_reconciled,,,,20.00,,,journal_completed_sales,mpro-pos-20260820T172538Z-1-001.zip::mpro-pos/JOURNAL/00010120200712.jrn,adjudicated_journal_only_cut_match,ManagementPro-recorded sales only; not confirmed complete store revenue. No corresponding valid Venta rows in the canonical MDB; retained from the journal audit.
2020-07-13,14.00,gross_valid_pos_sales_excluding_cancellations,14.00,0.00,14.00,14.00,,0.00,mdb_valid_pos_sales,megamanagepro-20260820T172552Z-1-001.zip::megamanagepro/DbPos.mdb,verified_mdb_journal_match,ManagementPro-recorded sales only; not confirmed complete store revenue.
2020-07-14,98.00,gross_valid_pos_sales_excluding_cancellations,98.00,0.00,98.00,,,,mdb_valid_pos_sales,megamanagepro-20260820T172552Z-1-001.zip::megamanagepro/DbPos.mdb,verified_mdb_only,ManagementPro-recorded sales only; not confirmed complete store revenue.
2020-07-16,98.00,completed_journal_sales_cut_reconciled,,,,98.00,,,journal_completed_sales,mpro-pos-20260820T172538Z-1-001.zip::mpro-pos/JOURNAL/00010120200716.jrn,adjudicated_journal_only_cut_match,ManagementPro-recorded sales only; not confirmed complete store revenue. No corresponding valid Venta rows in the canonical MDB; retained from the journal audit.
2020-07-17,25.50,gross_valid_pos_sales_excluding_cancellations,25.50,0.00,25.50,25.50,,0.00,mdb_valid_pos_sales,megamanagepro-20260820T172552Z-1-001.zip::megamanagepro/DbPos.mdb,verified_mdb_journal_match,ManagementPro-recorded sales only; not confirmed complete store revenue.
2020-07-18,45.00,gross_valid_pos_sales_excluding_cancellations,45.00,0.00,45.00,45.00,,0.00,mdb_valid_pos_sales,megamanagepro-20260820T172552Z-1-001.zip::megamanagepro/DbPos.mdb,verified_mdb_journal_match,ManagementPro-recorded sales only; not confirmed complete store revenue.
2020-07-19,97.00,gross_valid_pos_sales_excluding_cancellations,97.00,0.00,97.00,97.00,,0.00,mdb_valid_pos_sales,megamanagepro-20260820T172552Z-1-001.zip::megamanagepro/DbPos.mdb,verified_mdb_journal_match,ManagementPro-recorded sales only; not confirmed complete store revenue.
2020-07-20,58.00,gross_valid_pos_sales_excluding_cancellations,58.00,0.00,58.00,58.00,,0.00,mdb_valid_pos_sales,megamanagepro-20260820T172552Z-1-001.zip::megamanagepro/DbPos.mdb,verified_mdb_journal_match,ManagementPro-recorded sales only; not confirmed complete store revenue.
2020-07-21,88.50,gross_valid_pos_sales_excluding_cancellations,88.50,0.00,88.50,88.50,,0.00,mdb_valid_pos_sales,megamanagepro-20260820T172552Z-1-001.zip::megamanagepro/DbPos.mdb,verified_mdb_journal_match,ManagementPro-recorded sales only; not confirmed complete store revenue.
2020-07-22,85.00,gross_valid_pos_sales_excluding_cancellations,85.00,0.00,85.00,85.00,,0.00,mdb_valid_pos_sales,megamanagepro-20260820T172552Z-1-001.zip::megamanagepro/DbPos.mdb,verified_mdb_journal_match,ManagementPro-recorded sales only; not confirmed complete store revenue.
2020-07-23,105.50,gross_valid_pos_sales_excluding_cancellations,105.50,0.00,105.50,105.50,,0.00,mdb_valid_pos_sales,megamanagepro-20260820T172552Z-1-001.zip::megamanagepro/DbPos.mdb,verified_mdb_journal_match,ManagementPro-recorded sales only; not confirmed complete store revenue.
2020-07-24,39.50,gross_valid_pos_sales_excluding_cancellations,39.50,0.00,39.50,39.50,,0.00,mdb_valid_pos_sales,megamanagepro-20260820T172552Z-1-001.zip::megamanagepro/DbPos.mdb,verified_mdb_journal_match,ManagementPro-recorded sales only; not confirmed complete store revenue.
2020-07-25,78.00,gross_valid_pos_sales_excluding_cancellations,78.00,0.00,78.00,78.00,,0.00,mdb_valid_pos_sales,megamanagepro-20260820T172552Z-1-001.zip::megamanagepro/DbPos.mdb,verified_mdb_journal_match,ManagementPro-recorded sales only; not confirmed complete store revenue.
2020-07-26,44.00,gross_valid_pos_sales_excluding_cancellations,44.00,0.00,44.00,44.00,,0.00,mdb_valid_pos_sales,megamanagepro-20260820T172552Z-1-001.zip::megamanagepro/DbPos.mdb,verified_mdb_journal_match,ManagementPro-recorded sales only; not confirmed complete store revenue.
2020-07-27,69.00,gross_valid_pos_sales_excluding_cancellations,69.00,0.00,69.00,69.00,,0.00,mdb_valid_pos_sales,megamanagepro-20260820T172552Z-1-001.zip::megamanagepro/DbPos.mdb,verified_mdb_journal_match,ManagementPro-recorded sales only; not confirmed complete store revenue.
2020-07-28,179.50,gross_valid_pos_sales_excluding_cancellations,179.50,0.00,179.50,179.50,,0.00,mdb_valid_pos_sales,megamanagepro-20260820T172552Z-1-001.zip::megamanagepro/DbPos.mdb,verified_mdb_journal_match,ManagementPro-recorded sales only; not confirmed complete store revenue.
2020-07-29,64.50,gross_valid_pos_sales_excluding_cancellations,64.50,0.00,64.50,64.50,,0.00,mdb_valid_pos_sales,megamanagepro-20260820T172552Z-1-001.zip::megamanagepro/DbPos.mdb,verified_mdb_journal_match,ManagementPro-recorded sales only; not confirmed complete store revenue.
2020-07-30,22.50,gross_valid_pos_sales_excluding_cancellations,22.50,0.00,22.50,22.50,,0.00,mdb_valid_pos_sales,megamanagepro-20260820T172552Z-1-001.zip::megamanagepro/DbPos.mdb,verified_mdb_journal_match,ManagementPro-recorded sales only; not confirmed complete store revenue.
2020-07-31,36.00,gross_valid_pos_sales_excluding_cancellations,36.00,0.00,36.00,,,,mdb_valid_pos_sales,megamanagepro-20260820T172552Z-1-001.zip::megamanagepro/DbPos.mdb,verified_mdb_only,ManagementPro-recorded sales only; not confirmed complete store revenue.
2020-08-01,36.00,completed_journal_sales_cut_reconciled,,,,36.00,,,journal_completed_sales,mpro-pos-20260820T172538Z-1-001.zip::mpro-pos/JOURNAL/00010120200801.jrn,adjudicated_journal_only_cut_match,ManagementPro-recorded sales only; not confirmed complete store revenue. No corresponding valid Venta rows in the canonical MDB; retained from the journal audit.
2020-08-03,29.00,gross_valid_pos_sales_excluding_cancellations,29.00,0.00,29.00,29.00,,0.00,mdb_valid_pos_sales,megamanagepro-20260820T172552Z-1-001.zip::megamanagepro/DbPos.mdb,verified_mdb_journal_match,ManagementPro-recorded sales only; not confirmed complete store revenue.
2020-08-04,149.50,gross_valid_pos_sales_excluding_cancellations,149.50,0.00,149.50,149.50,,0.00,mdb_valid_pos_sales,megamanagepro-20260820T172552Z-1-001.zip::megamanagepro/DbPos.mdb,verified_mdb_journal_match,ManagementPro-recorded sales only; not confirmed complete store revenue.
2020-08-05,95.50,gross_valid_pos_sales_excluding_cancellations,95.50,0.00,95.50,95.50,,0.00,mdb_valid_pos_sales,megamanagepro-20260820T172552Z-1-001.zip::megamanagepro/DbPos.mdb,verified_mdb_journal_match,ManagementPro-recorded sales only; not confirmed complete store revenue.
2020-08-06,110.50,gross_valid_pos_sales_excluding_cancellations,110.50,0.00,110.50,110.50,,0.00,mdb_valid_pos_sales,megamanagepro-20260820T172552Z-1-001.zip::megamanagepro/DbPos.mdb,verified_mdb_journal_match,ManagementPro-recorded sales only; not confirmed complete store revenue.
2020-08-07,41.00,gross_valid_pos_sales_excluding_cancellations,41.00,0.00,41.00,41.00,,0.00,mdb_valid_pos_sales,megamanagepro-20260820T172552Z-1-001.zip::megamanagepro/DbPos.mdb,verified_mdb_journal_match,ManagementPro-recorded sales only; not confirmed complete store revenue.
2020-08-08,21.00,gross_valid_pos_sales_excluding_cancellations,21.00,0.00,21.00,21.00,,0.00,mdb_valid_pos_sales,megamanagepro-20260820T172552Z-1-001.zip::megamanagepro/DbPos.mdb,verified_mdb_journal_match,ManagementPro-recorded sales only; not confirmed complete store revenue.
2020-08-09,133.50,gross_valid_pos_sales_excluding_cancellations,133.50,0.00,133.50,133.50,,0.00,mdb_valid_pos_sales,megamanagepro-20260820T172552Z-1-001.zip::megamanagepro/DbPos.mdb,verified_mdb_journal_match,ManagementPro-recorded sales only; not confirmed complete store revenue.
2020-08-10,58.50,gross_valid_pos_sales_excluding_cancellations,58.50,0.00,58.50,58.50,,0.00,mdb_valid_pos_sales,megamanagepro-20260820T172552Z-1-001.zip::megamanagepro/DbPos.mdb,verified_mdb_journal_match,ManagementPro-recorded sales only; not confirmed complete store revenue.
2020-08-11,50.00,gross_valid_pos_sales_excluding_cancellations,50.00,0.00,50.00,50.00,,0.00,mdb_valid_pos_sales,megamanagepro-20260820T172552Z-1-001.zip::megamanagepro/DbPos.mdb,verified_mdb_journal_match,ManagementPro-recorded sales only; not confirmed complete store revenue.
2020-08-12,78.00,gross_valid_pos_sales_excluding_cancellations,78.00,0.00,78.00,78.00,,0.00,mdb_valid_pos_sales,megamanagepro-20260820T172552Z-1-001.zip::megamanagepro/DbPos.mdb,verified_mdb_journal_match,ManagementPro-recorded sales only; not confirmed complete store revenue.
2020-08-13,7.50,gross_valid_pos_sales_excluding_cancellations,7.50,0.00,7.50,7.50,,0.00,mdb_valid_pos_sales,megamanagepro-20260820T172552Z-1-001.zip::megamanagepro/DbPos.mdb,verified_mdb_journal_match,ManagementPro-recorded sales only; not confirmed complete store revenue.
2020-08-14,22.00,gross_valid_pos_sales_excluding_cancellations,22.00,0.00,22.00,22.00,,0.00,mdb_valid_pos_sales,megamanagepro-20260820T172552Z-1-001.zip::megamanagepro/DbPos.mdb,verified_mdb_journal_match,ManagementPro-recorded sales only; not confirmed complete store revenue.
2020-08-15,33.00,gross_valid_pos_sales_excluding_cancellations,33.00,0.00,33.00,33.00,,0.00,mdb_valid_pos_sales,megamanagepro-20260820T172552Z-1-001.zip::megamanagepro/DbPos.mdb,verified_mdb_journal_match,ManagementPro-recorded sales only; not confirmed complete store revenue.
2020-08-16,104.00,gross_valid_pos_sales_excluding_cancellations,104.00,0.00,104.00,12.00,,92.00,mdb_valid_pos_sales,megamanagepro-20260820T172552Z-1-001.zip::megamanagepro/DbPos.mdb,review_mdb_journal_difference,ManagementPro-recorded sales only; not confirmed complete store revenue. Authoritative MDB differs from journal audit by 92.00 MXN.
2020-08-17,,unresolved_journal_candidate,,,,92.00,,,journal_completed_sales,mpro-pos-20260820T172538Z-1-001.zip::mpro-pos/JOURNAL/00010120200817.jrn,review_possible_date_shift_duplicate,ManagementPro-recorded sales only; not confirmed complete store revenue. Candidate amount is preserved in journal_sales_mxn but intentionally excluded from amount_mxn pending date/duplicate review. No corresponding valid Venta rows in the canonical MDB; retained from the journal audit.
2020-08-18,95.50,gross_valid_pos_sales_excluding_cancellations,95.50,0.00,95.50,95.50,,0.00,mdb_valid_pos_sales,megamanagepro-20260820T172552Z-1-001.zip::megamanagepro/DbPos.mdb,verified_mdb_journal_match,ManagementPro-recorded sales only; not confirmed complete store revenue.
2020-08-19,126.00,gross_valid_pos_sales_excluding_cancellations,126.00,0.00,126.00,126.00,,0.00,mdb_valid_pos_sales,megamanagepro-20260820T172552Z-1-001.zip::megamanagepro/DbPos.mdb,verified_mdb_journal_match,ManagementPro-recorded sales only; not confirmed complete store revenue.
2020-08-20,53.00,gross_valid_pos_sales_excluding_cancellations,53.00,0.00,53.00,53.00,,0.00,mdb_valid_pos_sales,megamanagepro-20260820T172552Z-1-001.zip::megamanagepro/DbPos.mdb,verified_mdb_journal_match,ManagementPro-recorded sales only; not confirmed complete store revenue.
2020-08-21,44.00,gross_valid_pos_sales_excluding_cancellations,44.00,0.00,44.00,44.00,,0.00,mdb_valid_pos_sales,megamanagepro-20260820T172552Z-1-001.zip::megamanagepro/DbPos.mdb,verified_mdb_journal_match,ManagementPro-recorded sales only; not confirmed complete store revenue.
2020-08-22,73.50,gross_valid_pos_sales_excluding_cancellations,73.50,0.00,73.50,73.50,,0.00,mdb_valid_pos_sales,megamanagepro-20260820T172552Z-1-001.zip::megamanagepro/DbPos.mdb,verified_mdb_journal_match,ManagementPro-recorded sales only; not confirmed complete store revenue.
2020-08-23,414.50,gross_valid_pos_sales_excluding_cancellations,414.50,0.00,414.50,414.50,,0.00,mdb_valid_pos_sales,megamanagepro-20260820T172552Z-1-001.zip::megamanagepro/DbPos.mdb,verified_mdb_journal_match,ManagementPro-recorded sales only; not confirmed complete store revenue.
2020-08-24,531.00,gross_valid_pos_sales_excluding_cancellations,531.00,0.00,531.00,433.00,,98.00,mdb_valid_pos_sales,megamanagepro-20260820T172552Z-1-001.zip::megamanagepro/DbPos.mdb,review_mdb_journal_difference,ManagementPro-recorded sales only; not confirmed complete store revenue. Authoritative MDB differs from journal audit by 98.00 MXN.
2020-08-25,955.00,gross_valid_pos_sales_excluding_cancellations,955.00,0.00,955.00,793.00,,162.00,mdb_valid_pos_sales,megamanagepro-20260820T172552Z-1-001.zip::megamanagepro/DbPos.mdb,review_mdb_journal_difference,ManagementPro-recorded sales only; not confirmed complete store revenue. Authoritative MDB differs from journal audit by 162.00 MXN.
2020-08-26,260.00,completed_journal_sales_cut_reconciled,,,,260.00,,,journal_completed_sales,mpro-pos-20260820T172538Z-1-001.zip::mpro-pos/JOURNAL/00010120200826.jrn,adjudicated_journal_only_cut_match,ManagementPro-recorded sales only; not confirmed complete store revenue. No corresponding valid Venta rows in the canonical MDB; retained from the journal audit.
2020-08-27,279.50,gross_valid_pos_sales_excluding_cancellations,279.50,0.00,279.50,279.50,,0.00,mdb_valid_pos_sales,megamanagepro-20260820T172552Z-1-001.zip::megamanagepro/DbPos.mdb,verified_mdb_journal_match,ManagementPro-recorded sales only; not confirmed complete store revenue.
2020-08-28,98.00,gross_valid_pos_sales_excluding_cancellations,98.00,0.00,98.00,98.00,,0.00,mdb_valid_pos_sales,megamanagepro-20260820T172552Z-1-001.zip::megamanagepro/DbPos.mdb,verified_mdb_journal_match,ManagementPro-recorded sales only; not confirmed complete store revenue.
2020-08-29,119.00,gross_valid_pos_sales_excluding_cancellations,119.00,0.00,119.00,119.00,,0.00,mdb_valid_pos_sales,megamanagepro-20260820T172552Z-1-001.zip::megamanagepro/DbPos.mdb,verified_mdb_journal_match,ManagementPro-recorded sales only; not confirmed complete store revenue.
2020-08-30,223.50,gross_valid_pos_sales_excluding_cancellations,223.50,0.00,223.50,223.50,,0.00,mdb_valid_pos_sales,megamanagepro-20260820T172552Z-1-001.zip::megamanagepro/DbPos.mdb,verified_mdb_journal_match,ManagementPro-recorded sales only; not confirmed complete store revenue.
2020-08-31,309.00,gross_valid_pos_sales_excluding_cancellations,309.00,0.00,309.00,309.00,,0.00,mdb_valid_pos_sales,megamanagepro-20260820T172552Z-1-001.zip::megamanagepro/DbPos.mdb,verified_mdb_journal_match,ManagementPro-recorded sales only; not confirmed complete store revenue.
2020-09-01,110.50,gross_valid_pos_sales_excluding_cancellations,110.50,0.00,110.50,110.50,,0.00,mdb_valid_pos_sales,megamanagepro-20260820T172552Z-1-001.zip::megamanagepro/DbPos.mdb,verified_mdb_journal_match,ManagementPro-recorded sales only; not confirmed complete store revenue.
2020-09-02,246.00,gross_valid_pos_sales_excluding_cancellations,246.00,0.00,246.00,246.00,,0.00,mdb_valid_pos_sales,megamanagepro-20260820T172552Z-1-001.zip::megamanagepro/DbPos.mdb,verified_mdb_journal_match,ManagementPro-recorded sales only; not confirmed complete store revenue.
2020-09-03,333.50,gross_valid_pos_sales_excluding_cancellations,333.50,0.00,333.50,333.50,,0.00,mdb_valid_pos_sales,megamanagepro-20260820T172552Z-1-001.zip::megamanagepro/DbPos.mdb,verified_mdb_journal_match,ManagementPro-recorded sales only; not confirmed complete store revenue.
2020-09-04,14.00,gross_valid_pos_sales_excluding_cancellations,14.00,0.00,14.00,14.00,,0.00,mdb_valid_pos_sales,megamanagepro-20260820T172552Z-1-001.zip::megamanagepro/DbPos.mdb,verified_mdb_journal_match,ManagementPro-recorded sales only; not confirmed complete store revenue.
2020-09-05,31.00,gross_valid_pos_sales_excluding_cancellations,31.00,0.00,31.00,31.00,,0.00,mdb_valid_pos_sales,megamanagepro-20260820T172552Z-1-001.zip::megamanagepro/DbPos.mdb,verified_mdb_journal_match,ManagementPro-recorded sales only; not confirmed complete store revenue.
2020-09-06,26.00,gross_valid_pos_sales_excluding_cancellations,26.00,0.00,26.00,26.00,,0.00,mdb_valid_pos_sales,megamanagepro-20260820T172552Z-1-001.zip::megamanagepro/DbPos.mdb,verified_mdb_journal_match,ManagementPro-recorded sales only; not confirmed complete store revenue.
2020-09-07,709.50,gross_valid_pos_sales_excluding_cancellations,709.50,0.00,709.50,709.50,,0.00,mdb_valid_pos_sales,megamanagepro-20260820T172552Z-1-001.zip::megamanagepro/DbPos.mdb,verified_mdb_journal_match,ManagementPro-recorded sales only; not confirmed complete store revenue.
2020-09-08,185.00,gross_valid_pos_sales_excluding_cancellations,185.00,0.00,185.00,185.00,,0.00,mdb_valid_pos_sales,megamanagepro-20260820T172552Z-1-001.zip::megamanagepro/DbPos.mdb,verified_mdb_journal_match,ManagementPro-recorded sales only; not confirmed complete store revenue.
2020-09-09,196.50,gross_valid_pos_sales_excluding_cancellations,196.50,0.00,196.50,196.50,,0.00,mdb_valid_pos_sales,megamanagepro-20260820T172552Z-1-001.zip::megamanagepro/DbPos.mdb,verified_mdb_journal_match,ManagementPro-recorded sales only; not confirmed complete store revenue.
2020-09-10,91.00,gross_valid_pos_sales_excluding_cancellations,91.00,0.00,91.00,91.00,,0.00,mdb_valid_pos_sales,megamanagepro-20260820T172552Z-1-001.zip::megamanagepro/DbPos.mdb,verified_mdb_journal_match,ManagementPro-recorded sales only; not confirmed complete store revenue.
2020-09-11,95.00,gross_valid_pos_sales_excluding_cancellations,95.00,0.00,95.00,95.00,,0.00,mdb_valid_pos_sales,megamanagepro-20260820T172552Z-1-001.zip::megamanagepro/DbPos.mdb,verified_mdb_journal_match,ManagementPro-recorded sales only; not confirmed complete store revenue.
2020-09-12,104.00,gross_valid_pos_sales_excluding_cancellations,104.00,0.00,104.00,104.00,,0.00,mdb_valid_pos_sales,megamanagepro-20260820T172552Z-1-001.zip::megamanagepro/DbPos.mdb,verified_mdb_journal_match,ManagementPro-recorded sales only; not confirmed complete store revenue.
2020-09-13,273.50,gross_valid_pos_sales_excluding_cancellations,273.50,0.00,273.50,273.50,,0.00,mdb_valid_pos_sales,megamanagepro-20260820T172552Z-1-001.zip::megamanagepro/DbPos.mdb,verified_mdb_journal_match,ManagementPro-recorded sales only; not confirmed complete store revenue.
2020-09-14,400.50,gross_valid_pos_sales_excluding_cancellations,400.50,0.00,400.50,400.50,,0.00,mdb_valid_pos_sales,megamanagepro-20260820T172552Z-1-001.zip::megamanagepro/DbPos.mdb,verified_mdb_journal_match,ManagementPro-recorded sales only; not confirmed complete store revenue.
2020-09-15,188.00,gross_valid_pos_sales_excluding_cancellations,188.00,0.00,188.00,188.00,,0.00,mdb_valid_pos_sales,megamanagepro-20260820T172552Z-1-001.zip::megamanagepro/DbPos.mdb,verified_mdb_journal_match,ManagementPro-recorded sales only; not confirmed complete store revenue.
2020-09-16,244.50,gross_valid_pos_sales_excluding_cancellations,244.50,0.00,244.50,244.50,,0.00,mdb_valid_pos_sales,megamanagepro-20260820T172552Z-1-001.zip::megamanagepro/DbPos.mdb,verified_mdb_journal_match,ManagementPro-recorded sales only; not confirmed complete store revenue.
2020-09-17,211.50,gross_valid_pos_sales_excluding_cancellations,211.50,0.00,211.50,211.50,,0.00,mdb_valid_pos_sales,megamanagepro-20260820T172552Z-1-001.zip::megamanagepro/DbPos.mdb,verified_mdb_journal_match,ManagementPro-recorded sales only; not confirmed complete store revenue.
2020-09-18,169.50,gross_valid_pos_sales_excluding_cancellations,169.50,0.00,169.50,169.50,,0.00,mdb_valid_pos_sales,megamanagepro-20260820T172552Z-1-001.zip::megamanagepro/DbPos.mdb,verified_mdb_journal_match,ManagementPro-recorded sales only; not confirmed complete store revenue.
2020-09-19,152.50,gross_valid_pos_sales_excluding_cancellations,152.50,0.00,152.50,152.50,,0.00,mdb_valid_pos_sales,megamanagepro-20260820T172552Z-1-001.zip::megamanagepro/DbPos.mdb,verified_mdb_journal_match,ManagementPro-recorded sales only; not confirmed complete store revenue.
2020-09-20,152.00,gross_valid_pos_sales_excluding_cancellations,152.00,0.00,152.00,152.00,,0.00,mdb_valid_pos_sales,megamanagepro-20260820T172552Z-1-001.zip::megamanagepro/DbPos.mdb,verified_mdb_journal_match,ManagementPro-recorded sales only; not confirmed complete store revenue.
2020-09-21,206.50,gross_valid_pos_sales_excluding_cancellations,206.50,0.00,206.50,206.50,,0.00,mdb_valid_pos_sales,megamanagepro-20260820T172552Z-1-001.zip::megamanagepro/DbPos.mdb,verified_mdb_journal_match,ManagementPro-recorded sales only; not confirmed complete store revenue.
2020-09-22,374.00,gross_valid_pos_sales_excluding_cancellations,374.00,0.00,374.00,374.00,,0.00,mdb_valid_pos_sales,megamanagepro-20260820T172552Z-1-001.zip::megamanagepro/DbPos.mdb,verified_mdb_journal_match,ManagementPro-recorded sales only; not confirmed complete store revenue.
2020-09-23,143.00,gross_valid_pos_sales_excluding_cancellations,143.00,0.00,143.00,143.00,,0.00,mdb_valid_pos_sales,megamanagepro-20260820T172552Z-1-001.zip::megamanagepro/DbPos.mdb,verified_mdb_journal_match,ManagementPro-recorded sales only; not confirmed complete store revenue.
2020-09-24,161.00,gross_valid_pos_sales_excluding_cancellations,161.00,0.00,161.00,161.00,,0.00,mdb_valid_pos_sales,megamanagepro-20260820T172552Z-1-001.zip::megamanagepro/DbPos.mdb,verified_mdb_journal_match,ManagementPro-recorded sales only; not confirmed complete store revenue.
2020-09-25,621.00,gross_valid_pos_sales_excluding_cancellations,621.00,0.00,621.00,130.50,,490.50,mdb_valid_pos_sales,megamanagepro-20260820T172552Z-1-001.zip::megamanagepro/DbPos.mdb,review_mdb_journal_difference,ManagementPro-recorded sales only; not confirmed complete store revenue. Authoritative MDB differs from journal audit by 490.50 MXN.
2020-09-26,490.50,completed_journal_sales_cut_reconciled,,,,490.50,,,journal_completed_sales,mpro-pos-20260820T172538Z-1-001.zip::mpro-pos/JOURNAL/00010120200926.jrn,adjudicated_journal_only_cut_match,ManagementPro-recorded sales only; not confirmed complete store revenue. No corresponding valid Venta rows in the canonical MDB; retained from the journal audit. Journal flags: multiple_sales_under_one_transaction_marker:1.
2020-09-27,122.00,gross_valid_pos_sales_excluding_cancellations,122.00,0.00,122.00,122.00,,0.00,mdb_valid_pos_sales,megamanagepro-20260820T172552Z-1-001.zip::megamanagepro/DbPos.mdb,verified_mdb_journal_match,ManagementPro-recorded sales only; not confirmed complete store revenue.
2020-09-28,174.50,gross_valid_pos_sales_excluding_cancellations,174.50,0.00,174.50,174.50,,0.00,mdb_valid_pos_sales,megamanagepro-20260820T172552Z-1-001.zip::megamanagepro/DbPos.mdb,verified_mdb_journal_match,ManagementPro-recorded sales only; not confirmed complete store revenue.
2020-09-29,288.50,gross_valid_pos_sales_excluding_cancellations,288.50,0.00,288.50,288.50,,0.00,mdb_valid_pos_sales,megamanagepro-20260820T172552Z-1-001.zip::megamanagepro/DbPos.mdb,verified_mdb_journal_match,ManagementPro-recorded sales only; not confirmed complete store revenue.
2020-09-30,360.50,gross_valid_pos_sales_excluding_cancellations,360.50,0.00,360.50,360.50,,0.00,mdb_valid_pos_sales,megamanagepro-20260820T172552Z-1-001.zip::megamanagepro/DbPos.mdb,verified_mdb_journal_match,ManagementPro-recorded sales only; not confirmed complete store revenue.
2020-10-01,207.00,gross_valid_pos_sales_excluding_cancellations,207.00,0.00,207.00,207.00,,0.00,mdb_valid_pos_sales,megamanagepro-20260820T172552Z-1-001.zip::megamanagepro/DbPos.mdb,verified_mdb_journal_match,ManagementPro-recorded sales only; not confirmed complete store revenue.
2020-10-02,89.50,gross_valid_pos_sales_excluding_cancellations,89.50,0.00,89.50,89.50,,0.00,mdb_valid_pos_sales,megamanagepro-20260820T172552Z-1-001.zip::megamanagepro/DbPos.mdb,verified_mdb_journal_match,ManagementPro-recorded sales only; not confirmed complete store revenue.
2020-10-03,326.50,gross_valid_pos_sales_excluding_cancellations,326.50,0.00,326.50,326.50,,0.00,mdb_valid_pos_sales,megamanagepro-20260820T172552Z-1-001.zip::megamanagepro/DbPos.mdb,verified_mdb_journal_match,ManagementPro-recorded sales only; not confirmed complete store revenue.
2020-10-04,129.00,gross_valid_pos_sales_excluding_cancellations,129.00,0.00,129.00,129.00,,0.00,mdb_valid_pos_sales,megamanagepro-20260820T172552Z-1-001.zip::megamanagepro/DbPos.mdb,verified_mdb_journal_match,ManagementPro-recorded sales only; not confirmed complete store revenue.
2020-10-05,181.50,gross_valid_pos_sales_excluding_cancellations,181.50,0.00,181.50,181.50,,0.00,mdb_valid_pos_sales,megamanagepro-20260820T172552Z-1-001.zip::megamanagepro/DbPos.mdb,verified_mdb_journal_match,ManagementPro-recorded sales only; not confirmed complete store revenue.
2020-10-06,231.50,gross_valid_pos_sales_excluding_cancellations,231.50,0.00,231.50,231.50,,0.00,mdb_valid_pos_sales,megamanagepro-20260820T172552Z-1-001.zip::megamanagepro/DbPos.mdb,verified_mdb_journal_match,ManagementPro-recorded sales only; not confirmed complete store revenue.
2020-10-07,202.50,gross_valid_pos_sales_excluding_cancellations,202.50,0.00,202.50,202.50,,0.00,mdb_valid_pos_sales,megamanagepro-20260820T172552Z-1-001.zip::megamanagepro/DbPos.mdb,verified_mdb_journal_match,ManagementPro-recorded sales only; not confirmed complete store revenue.
2020-10-08,500.50,gross_valid_pos_sales_excluding_cancellations,500.50,0.00,500.50,500.50,,0.00,mdb_valid_pos_sales,megamanagepro-20260820T172552Z-1-001.zip::megamanagepro/DbPos.mdb,verified_mdb_journal_match,ManagementPro-recorded sales only; not confirmed complete store revenue.
2020-10-09,125.00,gross_valid_pos_sales_excluding_cancellations,125.00,0.00,125.00,125.00,,0.00,mdb_valid_pos_sales,megamanagepro-20260820T172552Z-1-001.zip::megamanagepro/DbPos.mdb,verified_mdb_journal_match,ManagementPro-recorded sales only; not confirmed complete store revenue.
2020-10-10,132.00,gross_valid_pos_sales_excluding_cancellations,132.00,0.00,132.00,132.00,,0.00,mdb_valid_pos_sales,megamanagepro-20260820T172552Z-1-001.zip::megamanagepro/DbPos.mdb,verified_mdb_journal_match,ManagementPro-recorded sales only; not confirmed complete store revenue.
2020-10-11,360.00,gross_valid_pos_sales_excluding_cancellations,360.00,0.00,360.00,360.00,,0.00,mdb_valid_pos_sales,megamanagepro-20260820T172552Z-1-001.zip::megamanagepro/DbPos.mdb,verified_mdb_journal_match,ManagementPro-recorded sales only; not confirmed complete store revenue.
2020-10-12,846.50,gross_valid_pos_sales_excluding_cancellations,846.50,0.00,846.50,846.50,,0.00,mdb_valid_pos_sales,megamanagepro-20260820T172552Z-1-001.zip::megamanagepro/DbPos.mdb,verified_mdb_journal_match,ManagementPro-recorded sales only; not confirmed complete store revenue.
2020-10-13,386.00,gross_valid_pos_sales_excluding_cancellations,386.00,0.00,386.00,386.00,,0.00,mdb_valid_pos_sales,megamanagepro-20260820T172552Z-1-001.zip::megamanagepro/DbPos.mdb,verified_mdb_journal_match,ManagementPro-recorded sales only; not confirmed complete store revenue.
2020-10-14,488.50,gross_valid_pos_sales_excluding_cancellations,488.50,0.00,488.50,488.50,,0.00,mdb_valid_pos_sales,megamanagepro-20260820T172552Z-1-001.zip::megamanagepro/DbPos.mdb,verified_mdb_journal_match,ManagementPro-recorded sales only; not confirmed complete store revenue.
2020-10-15,208.00,gross_valid_pos_sales_excluding_cancellations,208.00,0.00,208.00,208.00,,0.00,mdb_valid_pos_sales,megamanagepro-20260820T172552Z-1-001.zip::megamanagepro/DbPos.mdb,verified_mdb_journal_match,ManagementPro-recorded sales only; not confirmed complete store revenue.
2020-10-16,266.00,gross_valid_pos_sales_excluding_cancellations,266.00,0.00,266.00,266.00,,0.00,mdb_valid_pos_sales,megamanagepro-20260820T172552Z-1-001.zip::megamanagepro/DbPos.mdb,verified_mdb_journal_match,ManagementPro-recorded sales only; not confirmed complete store revenue.
2020-10-17,460.00,gross_valid_pos_sales_excluding_cancellations,460.00,0.00,460.00,302.00,,158.00,mdb_valid_pos_sales,megamanagepro-20260820T172552Z-1-001.zip::megamanagepro/DbPos.mdb,review_mdb_journal_difference,ManagementPro-recorded sales only; not confirmed complete store revenue. Authoritative MDB differs from journal audit by 158.00 MXN.
2020-10-18,158.00,completed_journal_sales_cut_reconciled,,,,158.00,,,journal_completed_sales,mpro-pos-20260820T172538Z-1-001.zip::mpro-pos/JOURNAL/00010120201018.jrn,adjudicated_journal_only_cut_match,ManagementPro-recorded sales only; not confirmed complete store revenue. No corresponding valid Venta rows in the canonical MDB; retained from the journal audit.
2020-10-19,316.00,gross_valid_pos_sales_excluding_cancellations,316.00,0.00,316.00,316.00,,0.00,mdb_valid_pos_sales,megamanagepro-20260820T172552Z-1-001.zip::megamanagepro/DbPos.mdb,verified_mdb_journal_match,ManagementPro-recorded sales only; not confirmed complete store revenue.
2020-10-20,547.50,gross_valid_pos_sales_excluding_cancellations,547.50,0.00,547.50,547.50,,0.00,mdb_valid_pos_sales,megamanagepro-20260820T172552Z-1-001.zip::megamanagepro/DbPos.mdb,verified_mdb_journal_match,ManagementPro-recorded sales only; not confirmed complete store revenue.
2020-10-21,414.50,gross_valid_pos_sales_excluding_cancellations,414.50,0.00,414.50,414.50,,0.00,mdb_valid_pos_sales,megamanagepro-20260820T172552Z-1-001.zip::megamanagepro/DbPos.mdb,verified_mdb_journal_match,ManagementPro-recorded sales only; not confirmed complete store revenue.
2020-10-22,382.00,gross_valid_pos_sales_excluding_cancellations,382.00,0.00,382.00,382.00,,0.00,mdb_valid_pos_sales,megamanagepro-20260820T172552Z-1-001.zip::megamanagepro/DbPos.mdb,verified_mdb_journal_match,ManagementPro-recorded sales only; not confirmed complete store revenue.
2020-10-23,160.50,gross_valid_pos_sales_excluding_cancellations,160.50,0.00,160.50,160.50,,0.00,mdb_valid_pos_sales,megamanagepro-20260820T172552Z-1-001.zip::megamanagepro/DbPos.mdb,verified_mdb_journal_match,ManagementPro-recorded sales only; not confirmed complete store revenue.
2020-10-24,356.50,gross_valid_pos_sales_excluding_cancellations,356.50,0.00,356.50,356.50,,0.00,mdb_valid_pos_sales,megamanagepro-20260820T172552Z-1-001.zip::megamanagepro/DbPos.mdb,verified_mdb_journal_match,ManagementPro-recorded sales only; not confirmed complete store revenue.
2020-10-25,257.50,gross_valid_pos_sales_excluding_cancellations,257.50,0.00,257.50,257.50,,0.00,mdb_valid_pos_sales,megamanagepro-20260820T172552Z-1-001.zip::megamanagepro/DbPos.mdb,verified_mdb_journal_match,ManagementPro-recorded sales only; not confirmed complete store revenue.
2020-10-26,302.50,gross_valid_pos_sales_excluding_cancellations,302.50,0.00,302.50,302.50,,0.00,mdb_valid_pos_sales,megamanagepro-20260820T172552Z-1-001.zip::megamanagepro/DbPos.mdb,verified_mdb_journal_match,ManagementPro-recorded sales only; not confirmed complete store revenue.
2020-10-27,189.00,gross_valid_pos_sales_excluding_cancellations,189.00,0.00,189.00,189.00,,0.00,mdb_valid_pos_sales,megamanagepro-20260820T172552Z-1-001.zip::megamanagepro/DbPos.mdb,verified_mdb_journal_match,ManagementPro-recorded sales only; not confirmed complete store revenue.
2020-10-28,234.00,gross_valid_pos_sales_excluding_cancellations,234.00,0.00,234.00,234.00,,0.00,mdb_valid_pos_sales,megamanagepro-20260820T172552Z-1-001.zip::megamanagepro/DbPos.mdb,verified_mdb_journal_match,ManagementPro-recorded sales only; not confirmed complete store revenue.
2020-10-29,527.50,gross_valid_pos_sales_excluding_cancellations,527.50,0.00,527.50,527.50,,0.00,mdb_valid_pos_sales,megamanagepro-20260820T172552Z-1-001.zip::megamanagepro/DbPos.mdb,verified_mdb_journal_match,ManagementPro-recorded sales only; not confirmed complete store revenue.
2020-10-30,319.00,gross_valid_pos_sales_excluding_cancellations,319.00,0.00,319.00,319.00,,0.00,mdb_valid_pos_sales,megamanagepro-20260820T172552Z-1-001.zip::megamanagepro/DbPos.mdb,verified_mdb_journal_match,ManagementPro-recorded sales only; not confirmed complete store revenue.
2020-11-02,481.00,gross_valid_pos_sales_excluding_cancellations,481.00,0.00,481.00,481.00,,0.00,mdb_valid_pos_sales,megamanagepro-20260820T172552Z-1-001.zip::megamanagepro/DbPos.mdb,verified_mdb_journal_match,ManagementPro-recorded sales only; not confirmed complete store revenue.
2020-11-03,196.00,gross_valid_pos_sales_excluding_cancellations,196.00,0.00,196.00,196.00,,0.00,mdb_valid_pos_sales,megamanagepro-20260820T172552Z-1-001.zip::megamanagepro/DbPos.mdb,verified_mdb_journal_match,ManagementPro-recorded sales only; not confirmed complete store revenue.
2020-11-04,140.00,gross_valid_pos_sales_excluding_cancellations,140.00,0.00,140.00,140.00,,0.00,mdb_valid_pos_sales,megamanagepro-20260820T172552Z-1-001.zip::megamanagepro/DbPos.mdb,verified_mdb_journal_match,ManagementPro-recorded sales only; not confirmed complete store revenue.
2020-11-05,405.00,gross_valid_pos_sales_excluding_cancellations,405.00,0.00,405.00,405.00,,0.00,mdb_valid_pos_sales,megamanagepro-20260820T172552Z-1-001.zip::megamanagepro/DbPos.mdb,verified_mdb_journal_match,ManagementPro-recorded sales only; not confirmed complete store revenue.
2020-11-06,476.00,gross_valid_pos_sales_excluding_cancellations,476.00,0.00,476.00,476.00,,0.00,mdb_valid_pos_sales,megamanagepro-20260820T172552Z-1-001.zip::megamanagepro/DbPos.mdb,verified_mdb_journal_match,ManagementPro-recorded sales only; not confirmed complete store revenue.
2020-11-09,598.00,gross_valid_pos_sales_excluding_cancellations,598.00,0.00,598.00,598.00,,0.00,mdb_valid_pos_sales,megamanagepro-20260820T172552Z-1-001.zip::megamanagepro/DbPos.mdb,verified_mdb_journal_match,ManagementPro-recorded sales only; not confirmed complete store revenue.
2020-11-10,640.00,gross_valid_pos_sales_excluding_cancellations,640.00,0.00,640.00,640.00,,0.00,mdb_valid_pos_sales,megamanagepro-20260820T172552Z-1-001.zip::megamanagepro/DbPos.mdb,verified_mdb_journal_match,ManagementPro-recorded sales only; not confirmed complete store revenue.
2020-11-11,251.50,gross_valid_pos_sales_excluding_cancellations,251.50,0.00,251.50,251.50,,0.00,mdb_valid_pos_sales,megamanagepro-20260820T172552Z-1-001.zip::megamanagepro/DbPos.mdb,verified_mdb_journal_match,ManagementPro-recorded sales only; not confirmed complete store revenue.
2020-11-12,338.00,gross_valid_pos_sales_excluding_cancellations,338.00,0.00,338.00,338.00,,0.00,mdb_valid_pos_sales,megamanagepro-20260820T172552Z-1-001.zip::megamanagepro/DbPos.mdb,verified_mdb_journal_match,ManagementPro-recorded sales only; not confirmed complete store revenue.
2020-11-13,145.50,gross_valid_pos_sales_excluding_cancellations,145.50,0.00,145.50,145.50,,0.00,mdb_valid_pos_sales,megamanagepro-20260820T172552Z-1-001.zip::megamanagepro/DbPos.mdb,verified_mdb_journal_match,ManagementPro-recorded sales only; not confirmed complete store revenue.
2020-11-14,242.50,gross_valid_pos_sales_excluding_cancellations,242.50,0.00,242.50,242.50,,0.00,mdb_valid_pos_sales,megamanagepro-20260820T172552Z-1-001.zip::megamanagepro/DbPos.mdb,verified_mdb_journal_match,ManagementPro-recorded sales only; not confirmed complete store revenue.
2020-11-15,234.50,gross_valid_pos_sales_excluding_cancellations,234.50,0.00,234.50,234.50,,0.00,mdb_valid_pos_sales,megamanagepro-20260820T172552Z-1-001.zip::megamanagepro/DbPos.mdb,verified_mdb_journal_match,ManagementPro-recorded sales only; not confirmed complete store revenue.
2020-11-17,230.00,gross_valid_pos_sales_excluding_cancellations,230.00,0.00,230.00,230.00,,0.00,mdb_valid_pos_sales,megamanagepro-20260820T172552Z-1-001.zip::megamanagepro/DbPos.mdb,verified_mdb_journal_match,ManagementPro-recorded sales only; not confirmed complete store revenue.
2020-11-18,554.00,gross_valid_pos_sales_excluding_cancellations,554.00,0.00,554.00,554.00,,0.00,mdb_valid_pos_sales,megamanagepro-20260820T172552Z-1-001.zip::megamanagepro/DbPos.mdb,verified_mdb_journal_match,ManagementPro-recorded sales only; not confirmed complete store revenue.
2020-11-19,416.50,gross_valid_pos_sales_excluding_cancellations,416.50,0.00,416.50,416.50,,0.00,mdb_valid_pos_sales,megamanagepro-20260820T172552Z-1-001.zip::megamanagepro/DbPos.mdb,verified_mdb_journal_match,ManagementPro-recorded sales only; not confirmed complete store revenue.
2020-11-20,153.00,gross_valid_pos_sales_excluding_cancellations,153.00,0.00,153.00,153.00,,0.00,mdb_valid_pos_sales,megamanagepro-20260820T172552Z-1-001.zip::megamanagepro/DbPos.mdb,verified_mdb_journal_match,ManagementPro-recorded sales only; not confirmed complete store revenue.
2020-11-21,510.50,gross_valid_pos_sales_excluding_cancellations,510.50,0.00,510.50,510.50,,0.00,mdb_valid_pos_sales,megamanagepro-20260820T172552Z-1-001.zip::megamanagepro/DbPos.mdb,verified_mdb_journal_match,ManagementPro-recorded sales only; not confirmed complete store revenue.
2020-11-22,128.00,gross_valid_pos_sales_excluding_cancellations,128.00,0.00,128.00,128.00,,0.00,mdb_valid_pos_sales,megamanagepro-20260820T172552Z-1-001.zip::megamanagepro/DbPos.mdb,verified_mdb_journal_match,ManagementPro-recorded sales only; not confirmed complete store revenue.
2020-11-23,564.00,gross_valid_pos_sales_excluding_cancellations,564.00,0.00,564.00,564.00,,0.00,mdb_valid_pos_sales,megamanagepro-20260820T172552Z-1-001.zip::megamanagepro/DbPos.mdb,verified_mdb_journal_match,ManagementPro-recorded sales only; not confirmed complete store revenue.
2020-11-24,410.50,gross_valid_pos_sales_excluding_cancellations,410.50,0.00,410.50,410.50,,0.00,mdb_valid_pos_sales,megamanagepro-20260820T172552Z-1-001.zip::megamanagepro/DbPos.mdb,verified_mdb_journal_match,ManagementPro-recorded sales only; not confirmed complete store revenue.
2020-11-25,553.00,gross_valid_pos_sales_excluding_cancellations,553.00,0.00,553.00,553.00,,0.00,mdb_valid_pos_sales,megamanagepro-20260820T172552Z-1-001.zip::megamanagepro/DbPos.mdb,verified_mdb_journal_match,ManagementPro-recorded sales only; not confirmed complete store revenue.
2020-11-26,425.50,gross_valid_pos_sales_excluding_cancellations,425.50,0.00,425.50,425.50,,0.00,mdb_valid_pos_sales,megamanagepro-20260820T172552Z-1-001.zip::megamanagepro/DbPos.mdb,verified_mdb_journal_match,ManagementPro-recorded sales only; not confirmed complete store revenue.
2020-11-27,375.00,gross_valid_pos_sales_excluding_cancellations,375.00,0.00,375.00,375.00,,0.00,mdb_valid_pos_sales,megamanagepro-20260820T172552Z-1-001.zip::megamanagepro/DbPos.mdb,verified_mdb_journal_match,ManagementPro-recorded sales only; not confirmed complete store revenue.
2020-11-28,139.00,gross_valid_pos_sales_excluding_cancellations,139.00,0.00,139.00,139.00,,0.00,mdb_valid_pos_sales,megamanagepro-20260820T172552Z-1-001.zip::megamanagepro/DbPos.mdb,verified_mdb_journal_match,ManagementPro-recorded sales only; not confirmed complete store revenue.
2020-11-30,575.00,gross_valid_pos_sales_excluding_cancellations,575.00,0.00,575.00,575.00,,0.00,mdb_valid_pos_sales,megamanagepro-20260820T172552Z-1-001.zip::megamanagepro/DbPos.mdb,verified_mdb_journal_match,ManagementPro-recorded sales only; not confirmed complete store revenue.
2020-12-01,679.50,gross_valid_pos_sales_excluding_cancellations,679.50,0.00,679.50,679.50,,0.00,mdb_valid_pos_sales,megamanagepro-20260820T172552Z-1-001.zip::megamanagepro/DbPos.mdb,verified_mdb_journal_match,ManagementPro-recorded sales only; not confirmed complete store revenue.
2020-12-02,741.00,gross_valid_pos_sales_excluding_cancellations,741.00,0.00,741.00,739.50,,1.50,mdb_valid_pos_sales,megamanagepro-20260820T172552Z-1-001.zip::megamanagepro/DbPos.mdb,review_mdb_journal_difference,ManagementPro-recorded sales only; not confirmed complete store revenue. Authoritative MDB differs from journal audit by 1.50 MXN.
2020-12-03,275.50,gross_valid_pos_sales_excluding_cancellations,275.50,0.00,275.50,275.50,,0.00,mdb_valid_pos_sales,megamanagepro-20260820T172552Z-1-001.zip::megamanagepro/DbPos.mdb,verified_mdb_journal_match,ManagementPro-recorded sales only; not confirmed complete store revenue.
2020-12-04,183.50,gross_valid_pos_sales_excluding_cancellations,183.50,0.00,183.50,183.50,,0.00,mdb_valid_pos_sales,megamanagepro-20260820T172552Z-1-001.zip::megamanagepro/DbPos.mdb,verified_mdb_journal_match,ManagementPro-recorded sales only; not confirmed complete store revenue.
2020-12-05,476.50,gross_valid_pos_sales_excluding_cancellations,476.50,0.00,476.50,476.50,,0.00,mdb_valid_pos_sales,megamanagepro-20260820T172552Z-1-001.zip::megamanagepro/DbPos.mdb,verified_mdb_journal_match,ManagementPro-recorded sales only; not confirmed complete store revenue.
2020-12-07,378.00,gross_valid_pos_sales_excluding_cancellations,378.00,0.00,378.00,378.00,,0.00,mdb_valid_pos_sales,megamanagepro-20260820T172552Z-1-001.zip::megamanagepro/DbPos.mdb,verified_mdb_journal_match,ManagementPro-recorded sales only; not confirmed complete store revenue.
2020-12-08,296.50,gross_valid_pos_sales_excluding_cancellations,296.50,0.00,296.50,296.50,,0.00,mdb_valid_pos_sales,megamanagepro-20260820T172552Z-1-001.zip::megamanagepro/DbPos.mdb,verified_mdb_journal_match,ManagementPro-recorded sales only; not confirmed complete store revenue.
2020-12-09,236.00,gross_valid_pos_sales_excluding_cancellations,236.00,0.00,236.00,236.00,,0.00,mdb_valid_pos_sales,megamanagepro-20260820T172552Z-1-001.zip::megamanagepro/DbPos.mdb,verified_mdb_journal_match,ManagementPro-recorded sales only; not confirmed complete store revenue.
2020-12-10,358.00,gross_valid_pos_sales_excluding_cancellations,358.00,0.00,358.00,358.00,,0.00,mdb_valid_pos_sales,megamanagepro-20260820T172552Z-1-001.zip::megamanagepro/DbPos.mdb,verified_mdb_journal_match,ManagementPro-recorded sales only; not confirmed complete store revenue.
2020-12-11,704.00,gross_valid_pos_sales_excluding_cancellations,704.00,0.00,704.00,704.00,,0.00,mdb_valid_pos_sales,megamanagepro-20260820T172552Z-1-001.zip::megamanagepro/DbPos.mdb,verified_mdb_journal_match,ManagementPro-recorded sales only; not confirmed complete store revenue.
2020-12-12,327.00,gross_valid_pos_sales_excluding_cancellations,327.00,0.00,327.00,327.00,,0.00,mdb_valid_pos_sales,megamanagepro-20260820T172552Z-1-001.zip::megamanagepro/DbPos.mdb,verified_mdb_journal_match,ManagementPro-recorded sales only; not confirmed complete store revenue.
2020-12-14,474.00,gross_valid_pos_sales_excluding_cancellations,474.00,0.00,474.00,474.00,,0.00,mdb_valid_pos_sales,megamanagepro-20260820T172552Z-1-001.zip::megamanagepro/DbPos.mdb,verified_mdb_journal_match,ManagementPro-recorded sales only; not confirmed complete store revenue.
2020-12-15,603.50,gross_valid_pos_sales_excluding_cancellations,603.50,0.00,603.50,603.50,,0.00,mdb_valid_pos_sales,megamanagepro-20260820T172552Z-1-001.zip::megamanagepro/DbPos.mdb,verified_mdb_journal_match,ManagementPro-recorded sales only; not confirmed complete store revenue.
2020-12-16,542.50,gross_valid_pos_sales_excluding_cancellations,542.50,0.00,542.50,542.50,,0.00,mdb_valid_pos_sales,megamanagepro-20260820T172552Z-1-001.zip::megamanagepro/DbPos.mdb,verified_mdb_journal_match,ManagementPro-recorded sales only; not confirmed complete store revenue.
2020-12-17,491.50,gross_valid_pos_sales_excluding_cancellations,491.50,0.00,491.50,491.50,,0.00,mdb_valid_pos_sales,megamanagepro-20260820T172552Z-1-001.zip::megamanagepro/DbPos.mdb,verified_mdb_journal_match,ManagementPro-recorded sales only; not confirmed complete store revenue.
2020-12-18,379.50,gross_valid_pos_sales_excluding_cancellations,379.50,0.00,379.50,379.50,,0.00,mdb_valid_pos_sales,megamanagepro-20260820T172552Z-1-001.zip::megamanagepro/DbPos.mdb,verified_mdb_journal_match,ManagementPro-recorded sales only; not confirmed complete store revenue.
2020-12-19,368.50,gross_valid_pos_sales_excluding_cancellations,368.50,0.00,368.50,368.50,,0.00,mdb_valid_pos_sales,megamanagepro-20260820T172552Z-1-001.zip::megamanagepro/DbPos.mdb,verified_mdb_journal_match,ManagementPro-recorded sales only; not confirmed complete store revenue.
2020-12-21,347.00,gross_valid_pos_sales_excluding_cancellations,347.00,0.00,347.00,347.00,,0.00,mdb_valid_pos_sales,megamanagepro-20260820T172552Z-1-001.zip::megamanagepro/DbPos.mdb,verified_mdb_journal_match,ManagementPro-recorded sales only; not confirmed complete store revenue.
2020-12-22,666.50,gross_valid_pos_sales_excluding_cancellations,666.50,0.00,666.50,666.50,,0.00,mdb_valid_pos_sales,megamanagepro-20260820T172552Z-1-001.zip::megamanagepro/DbPos.mdb,verified_mdb_journal_match,ManagementPro-recorded sales only; not confirmed complete store revenue.
2020-12-23,658.00,gross_valid_pos_sales_excluding_cancellations,658.00,0.00,658.00,658.00,,0.00,mdb_valid_pos_sales,megamanagepro-20260820T172552Z-1-001.zip::megamanagepro/DbPos.mdb,verified_mdb_journal_match,ManagementPro-recorded sales only; not confirmed complete store revenue.
2020-12-24,535.00,gross_valid_pos_sales_excluding_cancellations,535.00,0.00,535.00,535.00,,0.00,mdb_valid_pos_sales,megamanagepro-20260820T172552Z-1-001.zip::megamanagepro/DbPos.mdb,verified_mdb_journal_match,ManagementPro-recorded sales only; not confirmed complete store revenue.
2020-12-28,146.00,gross_valid_pos_sales_excluding_cancellations,146.00,0.00,146.00,146.00,,0.00,mdb_valid_pos_sales,megamanagepro-20260820T172552Z-1-001.zip::megamanagepro/DbPos.mdb,verified_mdb_journal_match,ManagementPro-recorded sales only; not confirmed complete store revenue.
2020-12-29,172.00,gross_valid_pos_sales_excluding_cancellations,172.00,0.00,172.00,172.00,,0.00,mdb_valid_pos_sales,megamanagepro-20260820T172552Z-1-001.zip::megamanagepro/DbPos.mdb,verified_mdb_journal_match,ManagementPro-recorded sales only; not confirmed complete store revenue.
2020-12-30,101.50,gross_valid_pos_sales_excluding_cancellations,101.50,0.00,101.50,101.50,,0.00,mdb_valid_pos_sales,megamanagepro-20260820T172552Z-1-001.zip::megamanagepro/DbPos.mdb,verified_mdb_journal_match,ManagementPro-recorded sales only; not confirmed complete store revenue.
2020-12-31,120.00,gross_valid_pos_sales_excluding_cancellations,120.00,0.00,120.00,120.00,,0.00,mdb_valid_pos_sales,megamanagepro-20260820T172552Z-1-001.zip::megamanagepro/DbPos.mdb,verified_mdb_journal_match,ManagementPro-recorded sales only; not confirmed complete store revenue.
2021-01-04,131.50,gross_valid_pos_sales_excluding_cancellations,131.50,0.00,131.50,131.50,,0.00,mdb_valid_pos_sales,megamanagepro-20260820T172552Z-1-001.zip::megamanagepro/DbPos.mdb,verified_mdb_journal_match,ManagementPro-recorded sales only; not confirmed complete store revenue.
2021-01-05,59.00,gross_valid_pos_sales_excluding_cancellations,59.00,0.00,59.00,59.00,,0.00,mdb_valid_pos_sales,megamanagepro-20260820T172552Z-1-001.zip::megamanagepro/DbPos.mdb,verified_mdb_journal_match,ManagementPro-recorded sales only; not confirmed complete store revenue.
2021-01-07,137.00,gross_valid_pos_sales_excluding_cancellations,137.00,0.00,137.00,137.00,,0.00,mdb_valid_pos_sales,megamanagepro-20260820T172552Z-1-001.zip::megamanagepro/DbPos.mdb,verified_mdb_journal_match,ManagementPro-recorded sales only; not confirmed complete store revenue.
2021-01-08,389.00,gross_valid_pos_sales_excluding_cancellations,389.00,0.00,389.00,389.00,,0.00,mdb_valid_pos_sales,megamanagepro-20260820T172552Z-1-001.zip::megamanagepro/DbPos.mdb,verified_mdb_journal_match,ManagementPro-recorded sales only; not confirmed complete store revenue.
2021-01-11,335.00,gross_valid_pos_sales_excluding_cancellations,335.00,0.00,335.00,335.00,,0.00,mdb_valid_pos_sales,megamanagepro-20260820T172552Z-1-001.zip::megamanagepro/DbPos.mdb,verified_mdb_journal_match,ManagementPro-recorded sales only; not confirmed complete store revenue.
2021-01-12,223.00,gross_valid_pos_sales_excluding_cancellations,223.00,0.00,223.00,223.00,,0.00,mdb_valid_pos_sales,megamanagepro-20260820T172552Z-1-001.zip::megamanagepro/DbPos.mdb,verified_mdb_journal_match,ManagementPro-recorded sales only; not confirmed complete store revenue.
2021-01-13,458.00,gross_valid_pos_sales_excluding_cancellations,458.00,0.00,458.00,458.00,,0.00,mdb_valid_pos_sales,megamanagepro-20260820T172552Z-1-001.zip::megamanagepro/DbPos.mdb,verified_mdb_journal_match,ManagementPro-recorded sales only; not confirmed complete store revenue.
2021-01-14,456.50,gross_valid_pos_sales_excluding_cancellations,456.50,0.00,456.50,456.50,,0.00,mdb_valid_pos_sales,megamanagepro-20260820T172552Z-1-001.zip::megamanagepro/DbPos.mdb,verified_mdb_journal_match,ManagementPro-recorded sales only; not confirmed complete store revenue.
2021-01-15,223.50,gross_valid_pos_sales_excluding_cancellations,223.50,0.00,223.50,223.50,,0.00,mdb_valid_pos_sales,megamanagepro-20260820T172552Z-1-001.zip::megamanagepro/DbPos.mdb,verified_mdb_journal_match,ManagementPro-recorded sales only; not confirmed complete store revenue.
2021-01-16,316.00,gross_valid_pos_sales_excluding_cancellations,316.00,0.00,316.00,27.00,,289.00,mdb_valid_pos_sales,megamanagepro-20260820T172552Z-1-001.zip::megamanagepro/DbPos.mdb,review_mdb_journal_difference,ManagementPro-recorded sales only; not confirmed complete store revenue. Authoritative MDB differs from journal audit by 289.00 MXN.
2021-01-18,,unresolved_journal_candidate,,,,289.00,,,journal_completed_sales,mpro-pos-20260820T172538Z-1-001.zip::mpro-pos/JOURNAL/00010120210118.jrn,review_possible_date_shift_duplicate,ManagementPro-recorded sales only; not confirmed complete store revenue. Candidate amount is preserved in journal_sales_mxn but intentionally excluded from amount_mxn pending date/duplicate review. No corresponding valid Venta rows in the canonical MDB; retained from the journal audit.
2021-01-19,202.50,gross_valid_pos_sales_excluding_cancellations,202.50,0.00,202.50,202.50,,0.00,mdb_valid_pos_sales,megamanagepro-20260820T172552Z-1-001.zip::megamanagepro/DbPos.mdb,verified_mdb_journal_match,ManagementPro-recorded sales only; not confirmed complete store revenue.
2021-01-20,410.00,gross_valid_pos_sales_excluding_cancellations,410.00,0.00,410.00,410.00,,0.00,mdb_valid_pos_sales,megamanagepro-20260820T172552Z-1-001.zip::megamanagepro/DbPos.mdb,verified_mdb_journal_match,ManagementPro-recorded sales only; not confirmed complete store revenue.
2021-01-21,328.00,gross_valid_pos_sales_excluding_cancellations,328.00,0.00,328.00,328.00,,0.00,mdb_valid_pos_sales,megamanagepro-20260820T172552Z-1-001.zip::megamanagepro/DbPos.mdb,verified_mdb_journal_match,ManagementPro-recorded sales only; not confirmed complete store revenue.
2021-01-22,182.00,gross_valid_pos_sales_excluding_cancellations,182.00,0.00,182.00,90.00,,92.00,mdb_valid_pos_sales,megamanagepro-20260820T172552Z-1-001.zip::megamanagepro/DbPos.mdb,review_mdb_journal_difference,ManagementPro-recorded sales only; not confirmed complete store revenue. Authoritative MDB differs from journal audit by 92.00 MXN.
2021-01-23,,unresolved_journal_candidate,,,,92.00,,,journal_completed_sales,mpro-pos-20260820T172538Z-1-001.zip::mpro-pos/JOURNAL/00010120210123.jrn,review_possible_date_shift_duplicate,ManagementPro-recorded sales only; not confirmed complete store revenue. Candidate amount is preserved in journal_sales_mxn but intentionally excluded from amount_mxn pending date/duplicate review. No corresponding valid Venta rows in the canonical MDB; retained from the journal audit.
2021-01-25,204.00,gross_valid_pos_sales_excluding_cancellations,204.00,0.00,204.00,204.00,,0.00,mdb_valid_pos_sales,megamanagepro-20260820T172552Z-1-001.zip::megamanagepro/DbPos.mdb,verified_mdb_journal_match,ManagementPro-recorded sales only; not confirmed complete store revenue.
2021-01-26,294.00,gross_valid_pos_sales_excluding_cancellations,294.00,0.00,294.00,294.00,,0.00,mdb_valid_pos_sales,megamanagepro-20260820T172552Z-1-001.zip::megamanagepro/DbPos.mdb,verified_mdb_journal_match,ManagementPro-recorded sales only; not confirmed complete store revenue.
2021-01-27,205.00,gross_valid_pos_sales_excluding_cancellations,205.00,0.00,205.00,205.00,,0.00,mdb_valid_pos_sales,megamanagepro-20260820T172552Z-1-001.zip::megamanagepro/DbPos.mdb,verified_mdb_journal_match,ManagementPro-recorded sales only; not confirmed complete store revenue.
2021-01-28,302.00,gross_valid_pos_sales_excluding_cancellations,302.00,0.00,302.00,302.00,,0.00,mdb_valid_pos_sales,megamanagepro-20260820T172552Z-1-001.zip::megamanagepro/DbPos.mdb,verified_mdb_journal_match,ManagementPro-recorded sales only; not confirmed complete store revenue.
2021-01-29,138.00,gross_valid_pos_sales_excluding_cancellations,138.00,0.00,138.00,138.00,,0.00,mdb_valid_pos_sales,megamanagepro-20260820T172552Z-1-001.zip::megamanagepro/DbPos.mdb,verified_mdb_journal_match,ManagementPro-recorded sales only; not confirmed complete store revenue.
2021-01-30,268.00,gross_valid_pos_sales_excluding_cancellations,268.00,0.00,268.00,268.00,,0.00,mdb_valid_pos_sales,megamanagepro-20260820T172552Z-1-001.zip::megamanagepro/DbPos.mdb,verified_mdb_journal_match,ManagementPro-recorded sales only; not confirmed complete store revenue.
2021-02-01,260.00,gross_valid_pos_sales_excluding_cancellations,260.00,0.00,260.00,18.00,,242.00,mdb_valid_pos_sales,megamanagepro-20260820T172552Z-1-001.zip::megamanagepro/DbPos.mdb,review_mdb_journal_difference,ManagementPro-recorded sales only; not confirmed complete store revenue. Authoritative MDB differs from journal audit by 242.00 MXN.
2021-02-02,,unresolved_journal_candidate,,,,242.00,,,journal_completed_sales,mpro-pos-20260820T172538Z-1-001.zip::mpro-pos/JOURNAL/00010120210202.jrn,review_possible_date_shift_duplicate,ManagementPro-recorded sales only; not confirmed complete store revenue. Candidate amount is preserved in journal_sales_mxn but intentionally excluded from amount_mxn pending date/duplicate review. No corresponding valid Venta rows in the canonical MDB; retained from the journal audit.
2021-02-03,356.50,gross_valid_pos_sales_excluding_cancellations,356.50,0.00,356.50,356.50,,0.00,mdb_valid_pos_sales,megamanagepro-20260820T172552Z-1-001.zip::megamanagepro/DbPos.mdb,verified_mdb_journal_match,ManagementPro-recorded sales only; not confirmed complete store revenue.
2021-02-04,470.00,gross_valid_pos_sales_excluding_cancellations,470.00,0.00,470.00,470.00,,0.00,mdb_valid_pos_sales,megamanagepro-20260820T172552Z-1-001.zip::megamanagepro/DbPos.mdb,verified_mdb_journal_match,ManagementPro-recorded sales only; not confirmed complete store revenue.
2021-02-05,282.50,gross_valid_pos_sales_excluding_cancellations,282.50,0.00,282.50,282.50,,0.00,mdb_valid_pos_sales,megamanagepro-20260820T172552Z-1-001.zip::megamanagepro/DbPos.mdb,verified_mdb_journal_match,ManagementPro-recorded sales only; not confirmed complete store revenue.
2021-02-06,188.00,gross_valid_pos_sales_excluding_cancellations,188.00,0.00,188.00,188.00,,0.00,mdb_valid_pos_sales,megamanagepro-20260820T172552Z-1-001.zip::megamanagepro/DbPos.mdb,verified_mdb_journal_match,ManagementPro-recorded sales only; not confirmed complete store revenue.
2021-02-08,390.00,gross_valid_pos_sales_excluding_cancellations,390.00,0.00,390.00,390.00,,0.00,mdb_valid_pos_sales,megamanagepro-20260820T172552Z-1-001.zip::megamanagepro/DbPos.mdb,verified_mdb_journal_match,ManagementPro-recorded sales only; not confirmed complete store revenue.
2021-02-09,402.00,gross_valid_pos_sales_excluding_cancellations,402.00,0.00,402.00,402.00,,0.00,mdb_valid_pos_sales,megamanagepro-20260820T172552Z-1-001.zip::megamanagepro/DbPos.mdb,verified_mdb_journal_match,ManagementPro-recorded sales only; not confirmed complete store revenue.
2021-02-10,383.00,gross_valid_pos_sales_excluding_cancellations,383.00,0.00,383.00,383.00,,0.00,mdb_valid_pos_sales,megamanagepro-20260820T172552Z-1-001.zip::megamanagepro/DbPos.mdb,verified_mdb_journal_match,ManagementPro-recorded sales only; not confirmed complete store revenue.
2021-02-11,343.00,gross_valid_pos_sales_excluding_cancellations,343.00,0.00,343.00,343.00,,0.00,mdb_valid_pos_sales,megamanagepro-20260820T172552Z-1-001.zip::megamanagepro/DbPos.mdb,verified_mdb_journal_match,ManagementPro-recorded sales only; not confirmed complete store revenue.
2021-02-12,567.50,gross_valid_pos_sales_excluding_cancellations,567.50,0.00,567.50,567.50,,0.00,mdb_valid_pos_sales,megamanagepro-20260820T172552Z-1-001.zip::megamanagepro/DbPos.mdb,verified_mdb_journal_match,ManagementPro-recorded sales only; not confirmed complete store revenue.
2021-02-13,409.00,gross_valid_pos_sales_excluding_cancellations,409.00,0.00,409.00,409.00,,0.00,mdb_valid_pos_sales,megamanagepro-20260820T172552Z-1-001.zip::megamanagepro/DbPos.mdb,verified_mdb_journal_match,ManagementPro-recorded sales only; not confirmed complete store revenue.
2021-02-15,467.00,gross_valid_pos_sales_excluding_cancellations,467.00,0.00,467.00,467.00,,0.00,mdb_valid_pos_sales,megamanagepro-20260820T172552Z-1-001.zip::megamanagepro/DbPos.mdb,verified_mdb_journal_match,ManagementPro-recorded sales only; not confirmed complete store revenue.
2021-02-16,206.00,gross_valid_pos_sales_excluding_cancellations,206.00,0.00,206.00,206.00,,0.00,mdb_valid_pos_sales,megamanagepro-20260820T172552Z-1-001.zip::megamanagepro/DbPos.mdb,verified_mdb_journal_match,ManagementPro-recorded sales only; not confirmed complete store revenue.
2021-02-17,177.00,gross_valid_pos_sales_excluding_cancellations,177.00,0.00,177.00,177.00,,0.00,mdb_valid_pos_sales,megamanagepro-20260820T172552Z-1-001.zip::megamanagepro/DbPos.mdb,verified_mdb_journal_match,ManagementPro-recorded sales only; not confirmed complete store revenue.
2021-02-18,117.00,gross_valid_pos_sales_excluding_cancellations,117.00,0.00,117.00,117.00,,0.00,mdb_valid_pos_sales,megamanagepro-20260820T172552Z-1-001.zip::megamanagepro/DbPos.mdb,verified_mdb_journal_match,ManagementPro-recorded sales only; not confirmed complete store revenue.
2021-02-19,113.00,gross_valid_pos_sales_excluding_cancellations,113.00,0.00,113.00,113.00,,0.00,mdb_valid_pos_sales,megamanagepro-20260820T172552Z-1-001.zip::megamanagepro/DbPos.mdb,verified_mdb_journal_match,ManagementPro-recorded sales only; not confirmed complete store revenue.
2021-02-20,312.00,gross_valid_pos_sales_excluding_cancellations,312.00,0.00,312.00,312.00,,0.00,mdb_valid_pos_sales,megamanagepro-20260820T172552Z-1-001.zip::megamanagepro/DbPos.mdb,verified_mdb_journal_match,ManagementPro-recorded sales only; not confirmed complete store revenue.
2021-02-22,354.00,gross_valid_pos_sales_excluding_cancellations,354.00,0.00,354.00,354.00,,0.00,mdb_valid_pos_sales,megamanagepro-20260820T172552Z-1-001.zip::megamanagepro/DbPos.mdb,verified_mdb_journal_match,ManagementPro-recorded sales only; not confirmed complete store revenue.
2021-02-23,426.00,gross_valid_pos_sales_excluding_cancellations,426.00,0.00,426.00,426.00,,0.00,mdb_valid_pos_sales,megamanagepro-20260820T172552Z-1-001.zip::megamanagepro/DbPos.mdb,verified_mdb_journal_match,ManagementPro-recorded sales only; not confirmed complete store revenue.
2021-02-24,180.00,gross_valid_pos_sales_excluding_cancellations,180.00,0.00,180.00,180.00,,0.00,mdb_valid_pos_sales,megamanagepro-20260820T172552Z-1-001.zip::megamanagepro/DbPos.mdb,verified_mdb_journal_match,ManagementPro-recorded sales only; not confirmed complete store revenue.
2021-02-25,369.00,gross_valid_pos_sales_excluding_cancellations,369.00,0.00,369.00,369.00,,0.00,mdb_valid_pos_sales,megamanagepro-20260820T172552Z-1-001.zip::megamanagepro/DbPos.mdb,verified_mdb_journal_match,ManagementPro-recorded sales only; not confirmed complete store revenue.
2021-02-26,310.00,gross_valid_pos_sales_excluding_cancellations,310.00,0.00,310.00,310.00,,0.00,mdb_valid_pos_sales,megamanagepro-20260820T172552Z-1-001.zip::megamanagepro/DbPos.mdb,verified_mdb_journal_match,ManagementPro-recorded sales only; not confirmed complete store revenue.
2021-02-27,92.00,gross_valid_pos_sales_excluding_cancellations,92.00,0.00,92.00,92.00,,0.00,mdb_valid_pos_sales,megamanagepro-20260820T172552Z-1-001.zip::megamanagepro/DbPos.mdb,verified_mdb_journal_match,ManagementPro-recorded sales only; not confirmed complete store revenue.
2021-03-01,421.00,gross_valid_pos_sales_excluding_cancellations,421.00,0.00,421.00,421.00,,0.00,mdb_valid_pos_sales,megamanagepro-20260820T172552Z-1-001.zip::megamanagepro/DbPos.mdb,verified_mdb_journal_match,ManagementPro-recorded sales only; not confirmed complete store revenue.
2021-03-02,278.50,gross_valid_pos_sales_excluding_cancellations,278.50,0.00,278.50,278.50,,0.00,mdb_valid_pos_sales,megamanagepro-20260820T172552Z-1-001.zip::megamanagepro/DbPos.mdb,verified_mdb_journal_match,ManagementPro-recorded sales only; not confirmed complete store revenue.
2021-03-03,498.00,gross_valid_pos_sales_excluding_cancellations,498.00,0.00,498.00,498.00,,0.00,mdb_valid_pos_sales,megamanagepro-20260820T172552Z-1-001.zip::megamanagepro/DbPos.mdb,verified_mdb_journal_match,ManagementPro-recorded sales only; not confirmed complete store revenue.
2021-03-04,287.00,gross_valid_pos_sales_excluding_cancellations,287.00,0.00,287.00,287.00,,0.00,mdb_valid_pos_sales,megamanagepro-20260820T172552Z-1-001.zip::megamanagepro/DbPos.mdb,verified_mdb_journal_match,ManagementPro-recorded sales only; not confirmed complete store revenue.
2021-03-05,235.00,gross_valid_pos_sales_excluding_cancellations,235.00,0.00,235.00,235.00,,0.00,mdb_valid_pos_sales,megamanagepro-20260820T172552Z-1-001.zip::megamanagepro/DbPos.mdb,verified_mdb_journal_match,ManagementPro-recorded sales only; not confirmed complete store revenue.
2021-03-06,272.00,gross_valid_pos_sales_excluding_cancellations,272.00,0.00,272.00,272.00,,0.00,mdb_valid_pos_sales,megamanagepro-20260820T172552Z-1-001.zip::megamanagepro/DbPos.mdb,verified_mdb_journal_match,ManagementPro-recorded sales only; not confirmed complete store revenue.
2021-03-08,438.00,gross_valid_pos_sales_excluding_cancellations,438.00,0.00,438.00,438.00,,0.00,mdb_valid_pos_sales,megamanagepro-20260820T172552Z-1-001.zip::megamanagepro/DbPos.mdb,verified_mdb_journal_match,ManagementPro-recorded sales only; not confirmed complete store revenue.
2021-03-09,401.00,gross_valid_pos_sales_excluding_cancellations,401.00,0.00,401.00,401.00,,0.00,mdb_valid_pos_sales,megamanagepro-20260820T172552Z-1-001.zip::megamanagepro/DbPos.mdb,verified_mdb_journal_match,ManagementPro-recorded sales only; not confirmed complete store revenue.
2021-03-10,328.50,gross_valid_pos_sales_excluding_cancellations,328.50,0.00,328.50,328.50,,0.00,mdb_valid_pos_sales,megamanagepro-20260820T172552Z-1-001.zip::megamanagepro/DbPos.mdb,verified_mdb_journal_match,ManagementPro-recorded sales only; not confirmed complete store revenue.
2021-03-11,405.00,gross_valid_pos_sales_excluding_cancellations,405.00,0.00,405.00,405.00,,0.00,mdb_valid_pos_sales,megamanagepro-20260820T172552Z-1-001.zip::megamanagepro/DbPos.mdb,verified_mdb_journal_match,ManagementPro-recorded sales only; not confirmed complete store revenue.
2021-03-12,323.00,gross_valid_pos_sales_excluding_cancellations,323.00,0.00,323.00,323.00,,0.00,mdb_valid_pos_sales,megamanagepro-20260820T172552Z-1-001.zip::megamanagepro/DbPos.mdb,verified_mdb_journal_match,ManagementPro-recorded sales only; not confirmed complete store revenue.
2021-03-13,350.50,gross_valid_pos_sales_excluding_cancellations,350.50,0.00,350.50,350.50,,0.00,mdb_valid_pos_sales,megamanagepro-20260820T172552Z-1-001.zip::megamanagepro/DbPos.mdb,verified_mdb_journal_match,ManagementPro-recorded sales only; not confirmed complete store revenue.
2021-03-15,126.00,gross_valid_pos_sales_excluding_cancellations,126.00,0.00,126.00,126.00,,0.00,mdb_valid_pos_sales,megamanagepro-20260820T172552Z-1-001.zip::megamanagepro/DbPos.mdb,verified_mdb_journal_match,ManagementPro-recorded sales only; not confirmed complete store revenue.
2021-03-16,418.50,gross_valid_pos_sales_excluding_cancellations,418.50,0.00,418.50,418.50,,0.00,mdb_valid_pos_sales,megamanagepro-20260820T172552Z-1-001.zip::megamanagepro/DbPos.mdb,verified_mdb_journal_match,ManagementPro-recorded sales only; not confirmed complete store revenue.
2021-03-17,250.00,gross_valid_pos_sales_excluding_cancellations,250.00,0.00,250.00,250.00,,0.00,mdb_valid_pos_sales,megamanagepro-20260820T172552Z-1-001.zip::megamanagepro/DbPos.mdb,verified_mdb_journal_match,ManagementPro-recorded sales only; not confirmed complete store revenue.
2021-03-18,251.00,gross_valid_pos_sales_excluding_cancellations,251.00,0.00,251.00,251.00,,0.00,mdb_valid_pos_sales,megamanagepro-20260820T172552Z-1-001.zip::megamanagepro/DbPos.mdb,verified_mdb_journal_match,ManagementPro-recorded sales only; not confirmed complete store revenue.
2021-03-19,187.50,gross_valid_pos_sales_excluding_cancellations,187.50,0.00,187.50,187.50,,0.00,mdb_valid_pos_sales,megamanagepro-20260820T172552Z-1-001.zip::megamanagepro/DbPos.mdb,verified_mdb_journal_match,ManagementPro-recorded sales only; not confirmed complete store revenue.
2021-03-20,228.00,gross_valid_pos_sales_excluding_cancellations,228.00,0.00,228.00,228.00,,0.00,mdb_valid_pos_sales,megamanagepro-20260820T172552Z-1-001.zip::megamanagepro/DbPos.mdb,verified_mdb_journal_match,ManagementPro-recorded sales only; not confirmed complete store revenue.
2021-03-22,165.00,gross_valid_pos_sales_excluding_cancellations,165.00,0.00,165.00,165.00,,0.00,mdb_valid_pos_sales,megamanagepro-20260820T172552Z-1-001.zip::megamanagepro/DbPos.mdb,verified_mdb_journal_match,ManagementPro-recorded sales only; not confirmed complete store revenue.
2021-03-23,213.50,gross_valid_pos_sales_excluding_cancellations,213.50,0.00,213.50,213.50,,0.00,mdb_valid_pos_sales,megamanagepro-20260820T172552Z-1-001.zip::megamanagepro/DbPos.mdb,verified_mdb_journal_match,ManagementPro-recorded sales only; not confirmed complete store revenue.
2021-03-24,215.00,gross_valid_pos_sales_excluding_cancellations,215.00,0.00,215.00,215.00,,0.00,mdb_valid_pos_sales,megamanagepro-20260820T172552Z-1-001.zip::megamanagepro/DbPos.mdb,verified_mdb_journal_match,ManagementPro-recorded sales only; not confirmed complete store revenue.
2021-03-25,231.00,gross_valid_pos_sales_excluding_cancellations,231.00,0.00,231.00,231.00,,0.00,mdb_valid_pos_sales,megamanagepro-20260820T172552Z-1-001.zip::megamanagepro/DbPos.mdb,verified_mdb_journal_match,ManagementPro-recorded sales only; not confirmed complete store revenue.
2021-03-26,288.50,gross_valid_pos_sales_excluding_cancellations,288.50,0.00,288.50,288.50,,0.00,mdb_valid_pos_sales,megamanagepro-20260820T172552Z-1-001.zip::megamanagepro/DbPos.mdb,verified_mdb_journal_match,ManagementPro-recorded sales only; not confirmed complete store revenue.
2021-03-27,141.00,gross_valid_pos_sales_excluding_cancellations,141.00,0.00,141.00,141.00,,0.00,mdb_valid_pos_sales,megamanagepro-20260820T172552Z-1-001.zip::megamanagepro/DbPos.mdb,verified_mdb_journal_match,ManagementPro-recorded sales only; not confirmed complete store revenue.
2021-03-29,447.50,gross_valid_pos_sales_excluding_cancellations,447.50,0.00,447.50,447.50,,0.00,mdb_valid_pos_sales,megamanagepro-20260820T172552Z-1-001.zip::megamanagepro/DbPos.mdb,verified_mdb_journal_match,ManagementPro-recorded sales only; not confirmed complete store revenue.
2021-03-30,53.00,gross_valid_pos_sales_excluding_cancellations,53.00,0.00,53.00,53.00,,0.00,mdb_valid_pos_sales,megamanagepro-20260820T172552Z-1-001.zip::megamanagepro/DbPos.mdb,verified_mdb_journal_match,ManagementPro-recorded sales only; not confirmed complete store revenue.
2021-03-31,70.00,gross_valid_pos_sales_excluding_cancellations,70.00,0.00,70.00,70.00,,0.00,mdb_valid_pos_sales,megamanagepro-20260820T172552Z-1-001.zip::megamanagepro/DbPos.mdb,verified_mdb_journal_match,ManagementPro-recorded sales only; not confirmed complete store revenue.
2021-04-05,310.00,gross_valid_pos_sales_excluding_cancellations,310.00,0.00,310.00,310.00,,0.00,mdb_valid_pos_sales,megamanagepro-20260820T172552Z-1-001.zip::megamanagepro/DbPos.mdb,verified_mdb_journal_match,ManagementPro-recorded sales only; not confirmed complete store revenue.
2021-04-06,76.00,gross_valid_pos_sales_excluding_cancellations,76.00,0.00,76.00,76.00,,0.00,mdb_valid_pos_sales,megamanagepro-20260820T172552Z-1-001.zip::megamanagepro/DbPos.mdb,verified_mdb_journal_match,ManagementPro-recorded sales only; not confirmed complete store revenue.
2021-04-07,116.00,gross_valid_pos_sales_excluding_cancellations,116.00,0.00,116.00,116.00,,0.00,mdb_valid_pos_sales,megamanagepro-20260820T172552Z-1-001.zip::megamanagepro/DbPos.mdb,verified_mdb_journal_match,ManagementPro-recorded sales only; not confirmed complete store revenue.
2021-04-08,128.00,gross_valid_pos_sales_excluding_cancellations,128.00,0.00,128.00,128.00,,0.00,mdb_valid_pos_sales,megamanagepro-20260820T172552Z-1-001.zip::megamanagepro/DbPos.mdb,verified_mdb_journal_match,ManagementPro-recorded sales only; not confirmed complete store revenue.
2021-04-09,100.00,gross_valid_pos_sales_excluding_cancellations,100.00,0.00,100.00,100.00,,0.00,mdb_valid_pos_sales,megamanagepro-20260820T172552Z-1-001.zip::megamanagepro/DbPos.mdb,verified_mdb_journal_match,ManagementPro-recorded sales only; not confirmed complete store revenue.
2021-04-10,61.00,gross_valid_pos_sales_excluding_cancellations,61.00,0.00,61.00,61.00,,0.00,mdb_valid_pos_sales,megamanagepro-20260820T172552Z-1-001.zip::megamanagepro/DbPos.mdb,verified_mdb_journal_match,ManagementPro-recorded sales only; not confirmed complete store revenue.
2021-04-12,247.50,gross_valid_pos_sales_excluding_cancellations,247.50,0.00,247.50,247.50,,0.00,mdb_valid_pos_sales,megamanagepro-20260820T172552Z-1-001.zip::megamanagepro/DbPos.mdb,verified_mdb_journal_match,ManagementPro-recorded sales only; not confirmed complete store revenue.
2021-04-13,338.00,gross_valid_pos_sales_excluding_cancellations,338.00,0.00,338.00,338.00,,0.00,mdb_valid_pos_sales,megamanagepro-20260820T172552Z-1-001.zip::megamanagepro/DbPos.mdb,verified_mdb_journal_match,ManagementPro-recorded sales only; not confirmed complete store revenue.
2021-04-14,252.00,gross_valid_pos_sales_excluding_cancellations,252.00,0.00,252.00,252.00,,0.00,mdb_valid_pos_sales,megamanagepro-20260820T172552Z-1-001.zip::megamanagepro/DbPos.mdb,verified_mdb_journal_match,ManagementPro-recorded sales only; not confirmed complete store revenue.
2021-04-15,398.00,gross_valid_pos_sales_excluding_cancellations,398.00,0.00,398.00,398.00,,0.00,mdb_valid_pos_sales,megamanagepro-20260820T172552Z-1-001.zip::megamanagepro/DbPos.mdb,verified_mdb_journal_match,ManagementPro-recorded sales only; not confirmed complete store revenue.
2021-04-16,58.00,gross_valid_pos_sales_excluding_cancellations,58.00,0.00,58.00,58.00,,0.00,mdb_valid_pos_sales,megamanagepro-20260820T172552Z-1-001.zip::megamanagepro/DbPos.mdb,verified_mdb_journal_match,ManagementPro-recorded sales only; not confirmed complete store revenue.
2021-04-17,230.00,gross_valid_pos_sales_excluding_cancellations,230.00,0.00,230.00,230.00,,0.00,mdb_valid_pos_sales,megamanagepro-20260820T172552Z-1-001.zip::megamanagepro/DbPos.mdb,verified_mdb_journal_match,ManagementPro-recorded sales only; not confirmed complete store revenue.
2021-04-19,373.00,gross_valid_pos_sales_excluding_cancellations,373.00,0.00,373.00,373.00,,0.00,mdb_valid_pos_sales,megamanagepro-20260820T172552Z-1-001.zip::megamanagepro/DbPos.mdb,verified_mdb_journal_match,ManagementPro-recorded sales only; not confirmed complete store revenue.
2021-04-20,503.00,gross_valid_pos_sales_excluding_cancellations,503.00,0.00,503.00,503.00,,0.00,mdb_valid_pos_sales,megamanagepro-20260820T172552Z-1-001.zip::megamanagepro/DbPos.mdb,verified_mdb_journal_match,ManagementPro-recorded sales only; not confirmed complete store revenue.
2021-04-21,225.00,gross_valid_pos_sales_excluding_cancellations,225.00,0.00,225.00,225.00,,0.00,mdb_valid_pos_sales,megamanagepro-20260820T172552Z-1-001.zip::megamanagepro/DbPos.mdb,verified_mdb_journal_match,ManagementPro-recorded sales only; not confirmed complete store revenue.
2021-04-22,115.00,gross_valid_pos_sales_excluding_cancellations,115.00,0.00,115.00,115.00,,0.00,mdb_valid_pos_sales,megamanagepro-20260820T172552Z-1-001.zip::megamanagepro/DbPos.mdb,verified_mdb_journal_match,ManagementPro-recorded sales only; not confirmed complete store revenue.
2021-04-23,44.00,gross_valid_pos_sales_excluding_cancellations,44.00,0.00,44.00,44.00,,0.00,mdb_valid_pos_sales,megamanagepro-20260820T172552Z-1-001.zip::megamanagepro/DbPos.mdb,verified_mdb_journal_match,ManagementPro-recorded sales only; not confirmed complete store revenue.
2021-04-24,62.00,gross_valid_pos_sales_excluding_cancellations,62.00,0.00,62.00,62.00,,0.00,mdb_valid_pos_sales,megamanagepro-20260820T172552Z-1-001.zip::megamanagepro/DbPos.mdb,verified_mdb_journal_match,ManagementPro-recorded sales only; not confirmed complete store revenue.
2021-04-26,218.00,gross_valid_pos_sales_excluding_cancellations,218.00,0.00,218.00,218.00,,0.00,mdb_valid_pos_sales,megamanagepro-20260820T172552Z-1-001.zip::megamanagepro/DbPos.mdb,verified_mdb_journal_match,ManagementPro-recorded sales only; not confirmed complete store revenue.
2021-04-27,182.00,gross_valid_pos_sales_excluding_cancellations,182.00,0.00,182.00,182.00,,0.00,mdb_valid_pos_sales,megamanagepro-20260820T172552Z-1-001.zip::megamanagepro/DbPos.mdb,verified_mdb_journal_match,ManagementPro-recorded sales only; not confirmed complete store revenue.
2021-04-28,460.50,gross_valid_pos_sales_excluding_cancellations,460.50,0.00,460.50,421.00,,39.50,mdb_valid_pos_sales,megamanagepro-20260820T172552Z-1-001.zip::megamanagepro/DbPos.mdb,review_mdb_journal_difference,ManagementPro-recorded sales only; not confirmed complete store revenue. Authoritative MDB differs from journal audit by 39.50 MXN.
2021-04-29,202.50,gross_valid_pos_sales_excluding_cancellations,202.50,0.00,202.50,242.00,,-39.50,mdb_valid_pos_sales,megamanagepro-20260820T172552Z-1-001.zip::megamanagepro/DbPos.mdb,review_mdb_journal_difference,ManagementPro-recorded sales only; not confirmed complete store revenue. Authoritative MDB differs from journal audit by -39.50 MXN.
2021-04-30,259.50,gross_valid_pos_sales_excluding_cancellations,259.50,0.00,259.50,259.50,,0.00,mdb_valid_pos_sales,megamanagepro-20260820T172552Z-1-001.zip::megamanagepro/DbPos.mdb,verified_mdb_journal_match,ManagementPro-recorded sales only; not confirmed complete store revenue.
2021-05-03,201.50,gross_valid_pos_sales_excluding_cancellations,201.50,0.00,201.50,201.50,,0.00,mdb_valid_pos_sales,megamanagepro-20260820T172552Z-1-001.zip::megamanagepro/DbPos.mdb,verified_mdb_journal_match,ManagementPro-recorded sales only; not confirmed complete store revenue.
2021-05-04,245.50,gross_valid_pos_sales_excluding_cancellations,245.50,0.00,245.50,245.50,,0.00,mdb_valid_pos_sales,megamanagepro-20260820T172552Z-1-001.zip::megamanagepro/DbPos.mdb,verified_mdb_journal_match,ManagementPro-recorded sales only; not confirmed complete store revenue.
2021-05-05,213.50,gross_valid_pos_sales_excluding_cancellations,213.50,0.00,213.50,213.50,,0.00,mdb_valid_pos_sales,megamanagepro-20260820T172552Z-1-001.zip::megamanagepro/DbPos.mdb,verified_mdb_journal_match,ManagementPro-recorded sales only; not confirmed complete store revenue.
2021-05-06,389.50,gross_valid_pos_sales_excluding_cancellations,389.50,0.00,389.50,389.50,,0.00,mdb_valid_pos_sales,megamanagepro-20260820T172552Z-1-001.zip::megamanagepro/DbPos.mdb,verified_mdb_journal_match,ManagementPro-recorded sales only; not confirmed complete store revenue.
2021-05-07,247.50,gross_valid_pos_sales_excluding_cancellations,247.50,0.00,247.50,247.50,,0.00,mdb_valid_pos_sales,megamanagepro-20260820T172552Z-1-001.zip::megamanagepro/DbPos.mdb,verified_mdb_journal_match,ManagementPro-recorded sales only; not confirmed complete store revenue.
2021-05-08,261.50,gross_valid_pos_sales_excluding_cancellations,261.50,0.00,261.50,261.50,,0.00,mdb_valid_pos_sales,megamanagepro-20260820T172552Z-1-001.zip::megamanagepro/DbPos.mdb,verified_mdb_journal_match,ManagementPro-recorded sales only; not confirmed complete store revenue.
2021-05-10,343.00,gross_valid_pos_sales_excluding_cancellations,343.00,0.00,343.00,343.00,,0.00,mdb_valid_pos_sales,megamanagepro-20260820T172552Z-1-001.zip::megamanagepro/DbPos.mdb,verified_mdb_journal_match,ManagementPro-recorded sales only; not confirmed complete store revenue.
2021-05-11,435.00,gross_valid_pos_sales_excluding_cancellations,435.00,0.00,435.00,435.00,,0.00,mdb_valid_pos_sales,megamanagepro-20260820T172552Z-1-001.zip::megamanagepro/DbPos.mdb,verified_mdb_journal_match,ManagementPro-recorded sales only; not confirmed complete store revenue.
2021-05-12,202.50,gross_valid_pos_sales_excluding_cancellations,202.50,0.00,202.50,202.50,,0.00,mdb_valid_pos_sales,megamanagepro-20260820T172552Z-1-001.zip::megamanagepro/DbPos.mdb,verified_mdb_journal_match,ManagementPro-recorded sales only; not confirmed complete store revenue.
2021-05-13,160.00,gross_valid_pos_sales_excluding_cancellations,160.00,0.00,160.00,160.00,,0.00,mdb_valid_pos_sales,megamanagepro-20260820T172552Z-1-001.zip::megamanagepro/DbPos.mdb,verified_mdb_journal_match,ManagementPro-recorded sales only; not confirmed complete store revenue.
2021-05-14,313.00,gross_valid_pos_sales_excluding_cancellations,313.00,0.00,313.00,313.00,,0.00,mdb_valid_pos_sales,megamanagepro-20260820T172552Z-1-001.zip::megamanagepro/DbPos.mdb,verified_mdb_journal_match,ManagementPro-recorded sales only; not confirmed complete store revenue.
2021-05-15,193.00,gross_valid_pos_sales_excluding_cancellations,193.00,0.00,193.00,193.00,,0.00,mdb_valid_pos_sales,megamanagepro-20260820T172552Z-1-001.zip::megamanagepro/DbPos.mdb,verified_mdb_journal_match,ManagementPro-recorded sales only; not confirmed complete store revenue.
2021-05-17,393.00,gross_valid_pos_sales_excluding_cancellations,393.00,0.00,393.00,393.00,,0.00,mdb_valid_pos_sales,megamanagepro-20260820T172552Z-1-001.zip::megamanagepro/DbPos.mdb,verified_mdb_journal_match,ManagementPro-recorded sales only; not confirmed complete store revenue.
2021-05-18,259.50,gross_valid_pos_sales_excluding_cancellations,259.50,0.00,259.50,259.50,,0.00,mdb_valid_pos_sales,megamanagepro-20260820T172552Z-1-001.zip::megamanagepro/DbPos.mdb,verified_mdb_journal_match,ManagementPro-recorded sales only; not confirmed complete store revenue.
2021-05-19,183.50,gross_valid_pos_sales_excluding_cancellations,183.50,0.00,183.50,183.50,,0.00,mdb_valid_pos_sales,megamanagepro-20260820T172552Z-1-001.zip::megamanagepro/DbPos.mdb,verified_mdb_journal_match,ManagementPro-recorded sales only; not confirmed complete store revenue.
2021-05-20,276.00,gross_valid_pos_sales_excluding_cancellations,276.00,0.00,276.00,276.00,,0.00,mdb_valid_pos_sales,megamanagepro-20260820T172552Z-1-001.zip::megamanagepro/DbPos.mdb,verified_mdb_journal_match,ManagementPro-recorded sales only; not confirmed complete store revenue.
2021-05-21,318.00,gross_valid_pos_sales_excluding_cancellations,318.00,0.00,318.00,318.00,,0.00,mdb_valid_pos_sales,megamanagepro-20260820T172552Z-1-001.zip::megamanagepro/DbPos.mdb,verified_mdb_journal_match,ManagementPro-recorded sales only; not confirmed complete store revenue.
2021-05-22,228.00,gross_valid_pos_sales_excluding_cancellations,228.00,0.00,228.00,228.00,,0.00,mdb_valid_pos_sales,megamanagepro-20260820T172552Z-1-001.zip::megamanagepro/DbPos.mdb,verified_mdb_journal_match,ManagementPro-recorded sales only; not confirmed complete store revenue.
2021-05-24,254.00,gross_valid_pos_sales_excluding_cancellations,254.00,0.00,254.00,254.00,,0.00,mdb_valid_pos_sales,megamanagepro-20260820T172552Z-1-001.zip::megamanagepro/DbPos.mdb,verified_mdb_journal_match,ManagementPro-recorded sales only; not confirmed complete store revenue.
2021-05-25,200.00,gross_valid_pos_sales_excluding_cancellations,200.00,0.00,200.00,200.00,,0.00,mdb_valid_pos_sales,megamanagepro-20260820T172552Z-1-001.zip::megamanagepro/DbPos.mdb,verified_mdb_journal_match,ManagementPro-recorded sales only; not confirmed complete store revenue.
2021-05-26,293.00,gross_valid_pos_sales_excluding_cancellations,293.00,0.00,293.00,293.00,,0.00,mdb_valid_pos_sales,megamanagepro-20260820T172552Z-1-001.zip::megamanagepro/DbPos.mdb,verified_mdb_journal_match,ManagementPro-recorded sales only; not confirmed complete store revenue.
2021-05-27,154.00,gross_valid_pos_sales_excluding_cancellations,154.00,0.00,154.00,154.00,,0.00,mdb_valid_pos_sales,megamanagepro-20260820T172552Z-1-001.zip::megamanagepro/DbPos.mdb,verified_mdb_journal_match,ManagementPro-recorded sales only; not confirmed complete store revenue.
2021-05-28,286.00,gross_valid_pos_sales_excluding_cancellations,286.00,0.00,286.00,286.00,,0.00,mdb_valid_pos_sales,megamanagepro-20260820T172552Z-1-001.zip::megamanagepro/DbPos.mdb,verified_mdb_journal_match,ManagementPro-recorded sales only; not confirmed complete store revenue.
2021-05-29,158.00,gross_valid_pos_sales_excluding_cancellations,158.00,0.00,158.00,158.00,,0.00,mdb_valid_pos_sales,megamanagepro-20260820T172552Z-1-001.zip::megamanagepro/DbPos.mdb,verified_mdb_journal_match,ManagementPro-recorded sales only; not confirmed complete store revenue.
2021-05-31,282.50,gross_valid_pos_sales_excluding_cancellations,282.50,0.00,282.50,282.50,,0.00,mdb_valid_pos_sales,megamanagepro-20260820T172552Z-1-001.zip::megamanagepro/DbPos.mdb,verified_mdb_journal_match,ManagementPro-recorded sales only; not confirmed complete store revenue.
2021-06-01,272.00,gross_valid_pos_sales_excluding_cancellations,272.00,0.00,272.00,272.00,,0.00,mdb_valid_pos_sales,megamanagepro-20260820T172552Z-1-001.zip::megamanagepro/DbPos.mdb,verified_mdb_journal_match,ManagementPro-recorded sales only; not confirmed complete store revenue.
2021-06-02,175.00,gross_valid_pos_sales_excluding_cancellations,175.00,0.00,175.00,175.00,,0.00,mdb_valid_pos_sales,megamanagepro-20260820T172552Z-1-001.zip::megamanagepro/DbPos.mdb,verified_mdb_journal_match,ManagementPro-recorded sales only; not confirmed complete store revenue.
2021-06-03,258.00,gross_valid_pos_sales_excluding_cancellations,258.00,0.00,258.00,258.00,,0.00,mdb_valid_pos_sales,megamanagepro-20260820T172552Z-1-001.zip::megamanagepro/DbPos.mdb,verified_mdb_journal_match,ManagementPro-recorded sales only; not confirmed complete store revenue.
2021-06-04,236.00,gross_valid_pos_sales_excluding_cancellations,236.00,0.00,236.00,236.00,,0.00,mdb_valid_pos_sales,megamanagepro-20260820T172552Z-1-001.zip::megamanagepro/DbPos.mdb,verified_mdb_journal_match,ManagementPro-recorded sales only; not confirmed complete store revenue.
2021-06-05,199.00,gross_valid_pos_sales_excluding_cancellations,199.00,0.00,199.00,199.00,,0.00,mdb_valid_pos_sales,megamanagepro-20260820T172552Z-1-001.zip::megamanagepro/DbPos.mdb,verified_mdb_journal_match,ManagementPro-recorded sales only; not confirmed complete store revenue.
2021-06-07,302.00,gross_valid_pos_sales_excluding_cancellations,302.00,0.00,302.00,302.00,,0.00,mdb_valid_pos_sales,megamanagepro-20260820T172552Z-1-001.zip::megamanagepro/DbPos.mdb,verified_mdb_journal_match,ManagementPro-recorded sales only; not confirmed complete store revenue.
2021-06-08,271.50,gross_valid_pos_sales_excluding_cancellations,271.50,0.00,271.50,271.50,,0.00,mdb_valid_pos_sales,megamanagepro-20260820T172552Z-1-001.zip::megamanagepro/DbPos.mdb,verified_mdb_journal_match,ManagementPro-recorded sales only; not confirmed complete store revenue.
2021-06-09,485.00,gross_valid_pos_sales_excluding_cancellations,485.00,0.00,485.00,485.00,,0.00,mdb_valid_pos_sales,megamanagepro-20260820T172552Z-1-001.zip::megamanagepro/DbPos.mdb,verified_mdb_journal_match,ManagementPro-recorded sales only; not confirmed complete store revenue.
2021-06-10,129.00,gross_valid_pos_sales_excluding_cancellations,129.00,0.00,129.00,129.00,,0.00,mdb_valid_pos_sales,megamanagepro-20260820T172552Z-1-001.zip::megamanagepro/DbPos.mdb,verified_mdb_journal_match,ManagementPro-recorded sales only; not confirmed complete store revenue.
2021-06-11,241.00,gross_valid_pos_sales_excluding_cancellations,241.00,0.00,241.00,241.00,,0.00,mdb_valid_pos_sales,megamanagepro-20260820T172552Z-1-001.zip::megamanagepro/DbPos.mdb,verified_mdb_journal_match,ManagementPro-recorded sales only; not confirmed complete store revenue.
2021-06-12,410.00,gross_valid_pos_sales_excluding_cancellations,410.00,0.00,410.00,410.00,,0.00,mdb_valid_pos_sales,megamanagepro-20260820T172552Z-1-001.zip::megamanagepro/DbPos.mdb,verified_mdb_journal_match,ManagementPro-recorded sales only; not confirmed complete store revenue.
2021-06-14,505.50,gross_valid_pos_sales_excluding_cancellations,505.50,0.00,505.50,505.50,,0.00,mdb_valid_pos_sales,megamanagepro-20260820T172552Z-1-001.zip::megamanagepro/DbPos.mdb,verified_mdb_journal_match,ManagementPro-recorded sales only; not confirmed complete store revenue.
2021-06-15,231.00,gross_valid_pos_sales_excluding_cancellations,231.00,0.00,231.00,231.00,,0.00,mdb_valid_pos_sales,megamanagepro-20260820T172552Z-1-001.zip::megamanagepro/DbPos.mdb,verified_mdb_journal_match,ManagementPro-recorded sales only; not confirmed complete store revenue.
2021-06-16,233.50,gross_valid_pos_sales_excluding_cancellations,233.50,0.00,233.50,233.50,,0.00,mdb_valid_pos_sales,megamanagepro-20260820T172552Z-1-001.zip::megamanagepro/DbPos.mdb,verified_mdb_journal_match,ManagementPro-recorded sales only; not confirmed complete store revenue.
2021-06-17,158.00,gross_valid_pos_sales_excluding_cancellations,158.00,0.00,158.00,158.00,,0.00,mdb_valid_pos_sales,megamanagepro-20260820T172552Z-1-001.zip::megamanagepro/DbPos.mdb,verified_mdb_journal_match,ManagementPro-recorded sales only; not confirmed complete store revenue.
2021-06-18,407.50,gross_valid_pos_sales_excluding_cancellations,407.50,0.00,407.50,407.50,,0.00,mdb_valid_pos_sales,megamanagepro-20260820T172552Z-1-001.zip::megamanagepro/DbPos.mdb,verified_mdb_journal_match,ManagementPro-recorded sales only; not confirmed complete store revenue.
2021-06-19,168.00,gross_valid_pos_sales_excluding_cancellations,168.00,0.00,168.00,168.00,,0.00,mdb_valid_pos_sales,megamanagepro-20260820T172552Z-1-001.zip::megamanagepro/DbPos.mdb,verified_mdb_journal_match,ManagementPro-recorded sales only; not confirmed complete store revenue.
2021-06-21,301.50,gross_valid_pos_sales_excluding_cancellations,301.50,0.00,301.50,301.50,,0.00,mdb_valid_pos_sales,megamanagepro-20260820T172552Z-1-001.zip::megamanagepro/DbPos.mdb,verified_mdb_journal_match,ManagementPro-recorded sales only; not confirmed complete store revenue.
2021-06-22,517.00,gross_valid_pos_sales_excluding_cancellations,517.00,0.00,517.00,517.00,,0.00,mdb_valid_pos_sales,megamanagepro-20260820T172552Z-1-001.zip::megamanagepro/DbPos.mdb,verified_mdb_journal_match,ManagementPro-recorded sales only; not confirmed complete store revenue.
2021-06-23,427.50,gross_valid_pos_sales_excluding_cancellations,427.50,0.00,427.50,427.50,,0.00,mdb_valid_pos_sales,megamanagepro-20260820T172552Z-1-001.zip::megamanagepro/DbPos.mdb,verified_mdb_journal_match,ManagementPro-recorded sales only; not confirmed complete store revenue.
2021-06-24,225.50,gross_valid_pos_sales_excluding_cancellations,225.50,0.00,225.50,225.50,,0.00,mdb_valid_pos_sales,megamanagepro-20260820T172552Z-1-001.zip::megamanagepro/DbPos.mdb,verified_mdb_journal_match,ManagementPro-recorded sales only; not confirmed complete store revenue.
2021-06-26,206.00,gross_valid_pos_sales_excluding_cancellations,206.00,0.00,206.00,206.00,,0.00,mdb_valid_pos_sales,megamanagepro-20260820T172552Z-1-001.zip::megamanagepro/DbPos.mdb,verified_mdb_journal_match,ManagementPro-recorded sales only; not confirmed complete store revenue.
2021-06-28,205.00,gross_valid_pos_sales_excluding_cancellations,205.00,0.00,205.00,205.00,,0.00,mdb_valid_pos_sales,megamanagepro-20260820T172552Z-1-001.zip::megamanagepro/DbPos.mdb,verified_mdb_journal_match,ManagementPro-recorded sales only; not confirmed complete store revenue.
2021-06-29,81.50,gross_valid_pos_sales_excluding_cancellations,81.50,0.00,81.50,81.50,,0.00,mdb_valid_pos_sales,megamanagepro-20260820T172552Z-1-001.zip::megamanagepro/DbPos.mdb,verified_mdb_journal_match,ManagementPro-recorded sales only; not confirmed complete store revenue.
2021-06-30,287.00,gross_valid_pos_sales_excluding_cancellations,287.00,0.00,287.00,287.00,,0.00,mdb_valid_pos_sales,megamanagepro-20260820T172552Z-1-001.zip::megamanagepro/DbPos.mdb,verified_mdb_journal_match,ManagementPro-recorded sales only; not confirmed complete store revenue.
2021-07-01,88.00,gross_valid_pos_sales_excluding_cancellations,88.00,0.00,88.00,88.00,,0.00,mdb_valid_pos_sales,megamanagepro-20260820T172552Z-1-001.zip::megamanagepro/DbPos.mdb,verified_mdb_journal_match,ManagementPro-recorded sales only; not confirmed complete store revenue.
2021-07-02,166.50,gross_valid_pos_sales_excluding_cancellations,166.50,0.00,166.50,166.50,,0.00,mdb_valid_pos_sales,megamanagepro-20260820T172552Z-1-001.zip::megamanagepro/DbPos.mdb,verified_mdb_journal_match,ManagementPro-recorded sales only; not confirmed complete store revenue.
2021-07-03,119.50,gross_valid_pos_sales_excluding_cancellations,119.50,0.00,119.50,119.50,,0.00,mdb_valid_pos_sales,megamanagepro-20260820T172552Z-1-001.zip::megamanagepro/DbPos.mdb,verified_mdb_journal_match,ManagementPro-recorded sales only; not confirmed complete store revenue.
2021-07-05,294.50,gross_valid_pos_sales_excluding_cancellations,294.50,0.00,294.50,294.50,,0.00,mdb_valid_pos_sales,megamanagepro-20260820T172552Z-1-001.zip::megamanagepro/DbPos.mdb,verified_mdb_journal_match,ManagementPro-recorded sales only; not confirmed complete store revenue.
2021-07-06,100.00,gross_valid_pos_sales_excluding_cancellations,100.00,0.00,100.00,100.00,,0.00,mdb_valid_pos_sales,megamanagepro-20260820T172552Z-1-001.zip::megamanagepro/DbPos.mdb,verified_mdb_journal_match,ManagementPro-recorded sales only; not confirmed complete store revenue.
2021-07-07,105.00,gross_valid_pos_sales_excluding_cancellations,105.00,0.00,105.00,105.00,,0.00,mdb_valid_pos_sales,megamanagepro-20260820T172552Z-1-001.zip::megamanagepro/DbPos.mdb,verified_mdb_journal_match,ManagementPro-recorded sales only; not confirmed complete store revenue.
2021-07-08,49.00,gross_valid_pos_sales_excluding_cancellations,49.00,0.00,49.00,49.00,,0.00,mdb_valid_pos_sales,megamanagepro-20260820T172552Z-1-001.zip::megamanagepro/DbPos.mdb,verified_mdb_journal_match,ManagementPro-recorded sales only; not confirmed complete store revenue.
2021-07-09,162.00,gross_valid_pos_sales_excluding_cancellations,162.00,0.00,162.00,162.00,,0.00,mdb_valid_pos_sales,megamanagepro-20260820T172552Z-1-001.zip::megamanagepro/DbPos.mdb,verified_mdb_journal_match,ManagementPro-recorded sales only; not confirmed complete store revenue.
2021-07-10,163.00,gross_valid_pos_sales_excluding_cancellations,163.00,0.00,163.00,29.00,,134.00,mdb_valid_pos_sales,megamanagepro-20260820T172552Z-1-001.zip::megamanagepro/DbPos.mdb,review_mdb_journal_difference,ManagementPro-recorded sales only; not confirmed complete store revenue. Authoritative MDB differs from journal audit by 134.00 MXN.
2021-07-12,,unresolved_journal_candidate,,,,134.00,,,journal_completed_sales,mpro-pos-20260820T172538Z-1-001.zip::mpro-pos/JOURNAL/00010120210712.jrn,review_possible_date_shift_duplicate,ManagementPro-recorded sales only; not confirmed complete store revenue. Candidate amount is preserved in journal_sales_mxn but intentionally excluded from amount_mxn pending date/duplicate review. No corresponding valid Venta rows in the canonical MDB; retained from the journal audit.
2021-07-13,129.00,gross_valid_pos_sales_excluding_cancellations,129.00,0.00,129.00,129.00,,0.00,mdb_valid_pos_sales,megamanagepro-20260820T172552Z-1-001.zip::megamanagepro/DbPos.mdb,verified_mdb_journal_match,ManagementPro-recorded sales only; not confirmed complete store revenue.
2021-07-14,391.00,gross_valid_pos_sales_excluding_cancellations,391.00,0.00,391.00,391.00,,0.00,mdb_valid_pos_sales,megamanagepro-20260820T172552Z-1-001.zip::megamanagepro/DbPos.mdb,verified_mdb_journal_match,ManagementPro-recorded sales only; not confirmed complete store revenue.
2021-07-15,216.50,gross_valid_pos_sales_excluding_cancellations,216.50,0.00,216.50,216.50,,0.00,mdb_valid_pos_sales,megamanagepro-20260820T172552Z-1-001.zip::megamanagepro/DbPos.mdb,verified_mdb_journal_match,ManagementPro-recorded sales only; not confirmed complete store revenue.
2021-07-16,211.00,gross_valid_pos_sales_excluding_cancellations,211.00,0.00,211.00,33.00,,178.00,mdb_valid_pos_sales,megamanagepro-20260820T172552Z-1-001.zip::megamanagepro/DbPos.mdb,review_mdb_journal_difference,ManagementPro-recorded sales only; not confirmed complete store revenue. Authoritative MDB differs from journal audit by 178.00 MXN.
2021-07-17,,unresolved_journal_candidate,,,,178.00,,,journal_completed_sales,mpro-pos-20260820T172538Z-1-001.zip::mpro-pos/JOURNAL/00010120210717.jrn,review_possible_date_shift_duplicate,ManagementPro-recorded sales only; not confirmed complete store revenue. Candidate amount is preserved in journal_sales_mxn but intentionally excluded from amount_mxn pending date/duplicate review. No corresponding valid Venta rows in the canonical MDB; retained from the journal audit.
2021-07-19,412.00,gross_valid_pos_sales_excluding_cancellations,412.00,0.00,412.00,412.00,,0.00,mdb_valid_pos_sales,megamanagepro-20260820T172552Z-1-001.zip::megamanagepro/DbPos.mdb,verified_mdb_journal_match,ManagementPro-recorded sales only; not confirmed complete store revenue.
2021-07-20,200.00,gross_valid_pos_sales_excluding_cancellations,200.00,0.00,200.00,200.00,,0.00,mdb_valid_pos_sales,megamanagepro-20260820T172552Z-1-001.zip::megamanagepro/DbPos.mdb,verified_mdb_journal_match,ManagementPro-recorded sales only; not confirmed complete store revenue.
2021-07-21,107.00,gross_valid_pos_sales_excluding_cancellations,107.00,0.00,107.00,107.00,,0.00,mdb_valid_pos_sales,megamanagepro-20260820T172552Z-1-001.zip::megamanagepro/DbPos.mdb,verified_mdb_journal_match,ManagementPro-recorded sales only; not confirmed complete store revenue.
2021-07-22,73.00,gross_valid_pos_sales_excluding_cancellations,73.00,0.00,73.00,73.00,,0.00,mdb_valid_pos_sales,megamanagepro-20260820T172552Z-1-001.zip::megamanagepro/DbPos.mdb,verified_mdb_journal_match,ManagementPro-recorded sales only; not confirmed complete store revenue.
2021-07-23,149.50,gross_valid_pos_sales_excluding_cancellations,149.50,0.00,149.50,149.50,,0.00,mdb_valid_pos_sales,megamanagepro-20260820T172552Z-1-001.zip::megamanagepro/DbPos.mdb,verified_mdb_journal_match,ManagementPro-recorded sales only; not confirmed complete store revenue.
2021-07-24,119.00,gross_valid_pos_sales_excluding_cancellations,119.00,0.00,119.00,119.00,,0.00,mdb_valid_pos_sales,megamanagepro-20260820T172552Z-1-001.zip::megamanagepro/DbPos.mdb,verified_mdb_journal_match,ManagementPro-recorded sales only; not confirmed complete store revenue.
2021-07-26,110.00,gross_valid_pos_sales_excluding_cancellations,110.00,0.00,110.00,110.00,,0.00,mdb_valid_pos_sales,megamanagepro-20260820T172552Z-1-001.zip::megamanagepro/DbPos.mdb,verified_mdb_journal_match,ManagementPro-recorded sales only; not confirmed complete store revenue.
2021-07-28,254.00,gross_valid_pos_sales_excluding_cancellations,254.00,0.00,254.00,254.00,,0.00,mdb_valid_pos_sales,megamanagepro-20260820T172552Z-1-001.zip::megamanagepro/DbPos.mdb,verified_mdb_journal_match,ManagementPro-recorded sales only; not confirmed complete store revenue.
2021-07-29,270.00,gross_valid_pos_sales_excluding_cancellations,270.00,0.00,270.00,270.00,,0.00,mdb_valid_pos_sales,megamanagepro-20260820T172552Z-1-001.zip::megamanagepro/DbPos.mdb,verified_mdb_journal_match,ManagementPro-recorded sales only; not confirmed complete store revenue.
2021-07-30,331.50,gross_valid_pos_sales_excluding_cancellations,331.50,0.00,331.50,331.50,,0.00,mdb_valid_pos_sales,megamanagepro-20260820T172552Z-1-001.zip::megamanagepro/DbPos.mdb,verified_mdb_journal_match,ManagementPro-recorded sales only; not confirmed complete store revenue.
2021-07-31,72.00,gross_valid_pos_sales_excluding_cancellations,72.00,0.00,72.00,72.00,,0.00,mdb_valid_pos_sales,megamanagepro-20260820T172552Z-1-001.zip::megamanagepro/DbPos.mdb,verified_mdb_journal_match,ManagementPro-recorded sales only; not confirmed complete store revenue.
2021-08-02,115.00,gross_valid_pos_sales_excluding_cancellations,115.00,0.00,115.00,115.00,,0.00,mdb_valid_pos_sales,megamanagepro-20260820T172552Z-1-001.zip::megamanagepro/DbPos.mdb,verified_mdb_journal_match,ManagementPro-recorded sales only; not confirmed complete store revenue.
2021-08-03,220.00,gross_valid_pos_sales_excluding_cancellations,220.00,0.00,220.00,220.00,,0.00,mdb_valid_pos_sales,megamanagepro-20260820T172552Z-1-001.zip::megamanagepro/DbPos.mdb,verified_mdb_journal_match,ManagementPro-recorded sales only; not confirmed complete store revenue.
2021-08-04,165.00,gross_valid_pos_sales_excluding_cancellations,165.00,0.00,165.00,165.00,,0.00,mdb_valid_pos_sales,megamanagepro-20260820T172552Z-1-001.zip::megamanagepro/DbPos.mdb,verified_mdb_journal_match,ManagementPro-recorded sales only; not confirmed complete store revenue.
2021-08-05,191.00,gross_valid_pos_sales_excluding_cancellations,191.00,0.00,191.00,191.00,,0.00,mdb_valid_pos_sales,megamanagepro-20260820T172552Z-1-001.zip::megamanagepro/DbPos.mdb,verified_mdb_journal_match,ManagementPro-recorded sales only; not confirmed complete store revenue.
2021-08-06,259.00,gross_valid_pos_sales_excluding_cancellations,259.00,0.00,259.00,259.00,,0.00,mdb_valid_pos_sales,megamanagepro-20260820T172552Z-1-001.zip::megamanagepro/DbPos.mdb,verified_mdb_journal_match,ManagementPro-recorded sales only; not confirmed complete store revenue.
2021-08-07,234.50,gross_valid_pos_sales_excluding_cancellations,234.50,0.00,234.50,234.50,,0.00,mdb_valid_pos_sales,megamanagepro-20260820T172552Z-1-001.zip::megamanagepro/DbPos.mdb,verified_mdb_journal_match,ManagementPro-recorded sales only; not confirmed complete store revenue.
2021-08-09,39.00,gross_valid_pos_sales_excluding_cancellations,39.00,0.00,39.00,39.00,,0.00,mdb_valid_pos_sales,megamanagepro-20260820T172552Z-1-001.zip::megamanagepro/DbPos.mdb,verified_mdb_journal_match,ManagementPro-recorded sales only; not confirmed complete store revenue.
2021-08-10,270.50,gross_valid_pos_sales_excluding_cancellations,270.50,0.00,270.50,270.50,,0.00,mdb_valid_pos_sales,megamanagepro-20260820T172552Z-1-001.zip::megamanagepro/DbPos.mdb,verified_mdb_journal_match,ManagementPro-recorded sales only; not confirmed complete store revenue.
2021-08-11,342.00,gross_valid_pos_sales_excluding_cancellations,342.00,0.00,342.00,342.00,,0.00,mdb_valid_pos_sales,megamanagepro-20260820T172552Z-1-001.zip::megamanagepro/DbPos.mdb,verified_mdb_journal_match,ManagementPro-recorded sales only; not confirmed complete store revenue.
2021-08-12,400.00,gross_valid_pos_sales_excluding_cancellations,400.00,0.00,400.00,400.00,,0.00,mdb_valid_pos_sales,megamanagepro-20260820T172552Z-1-001.zip::megamanagepro/DbPos.mdb,verified_mdb_journal_match,ManagementPro-recorded sales only; not confirmed complete store revenue.
2021-08-13,179.50,gross_valid_pos_sales_excluding_cancellations,179.50,0.00,179.50,179.50,,0.00,mdb_valid_pos_sales,megamanagepro-20260820T172552Z-1-001.zip::megamanagepro/DbPos.mdb,verified_mdb_journal_match,ManagementPro-recorded sales only; not confirmed complete store revenue.
2021-08-14,246.50,gross_valid_pos_sales_excluding_cancellations,246.50,0.00,246.50,246.50,,0.00,mdb_valid_pos_sales,megamanagepro-20260820T172552Z-1-001.zip::megamanagepro/DbPos.mdb,verified_mdb_journal_match,ManagementPro-recorded sales only; not confirmed complete store revenue.
2021-08-16,615.50,gross_valid_pos_sales_excluding_cancellations,615.50,0.00,615.50,615.50,,0.00,mdb_valid_pos_sales,megamanagepro-20260820T172552Z-1-001.zip::megamanagepro/DbPos.mdb,verified_mdb_journal_match,ManagementPro-recorded sales only; not confirmed complete store revenue.
2021-08-17,241.50,gross_valid_pos_sales_excluding_cancellations,241.50,0.00,241.50,241.50,,0.00,mdb_valid_pos_sales,megamanagepro-20260820T172552Z-1-001.zip::megamanagepro/DbPos.mdb,verified_mdb_journal_match,ManagementPro-recorded sales only; not confirmed complete store revenue.
2021-08-18,352.00,gross_valid_pos_sales_excluding_cancellations,352.00,0.00,352.00,352.00,,0.00,mdb_valid_pos_sales,megamanagepro-20260820T172552Z-1-001.zip::megamanagepro/DbPos.mdb,verified_mdb_journal_match,ManagementPro-recorded sales only; not confirmed complete store revenue.
2021-08-19,61.00,gross_valid_pos_sales_excluding_cancellations,61.00,0.00,61.00,61.00,,0.00,mdb_valid_pos_sales,megamanagepro-20260820T172552Z-1-001.zip::megamanagepro/DbPos.mdb,verified_mdb_journal_match,ManagementPro-recorded sales only; not confirmed complete store revenue.
2021-08-20,336.00,gross_valid_pos_sales_excluding_cancellations,336.00,0.00,336.00,336.00,,0.00,mdb_valid_pos_sales,megamanagepro-20260820T172552Z-1-001.zip::megamanagepro/DbPos.mdb,verified_mdb_journal_match,ManagementPro-recorded sales only; not confirmed complete store revenue.
2021-08-21,134.00,gross_valid_pos_sales_excluding_cancellations,134.00,0.00,134.00,134.00,,0.00,mdb_valid_pos_sales,megamanagepro-20260820T172552Z-1-001.zip::megamanagepro/DbPos.mdb,verified_mdb_journal_match,ManagementPro-recorded sales only; not confirmed complete store revenue.
2021-08-23,123.00,gross_valid_pos_sales_excluding_cancellations,123.00,0.00,123.00,123.00,,0.00,mdb_valid_pos_sales,megamanagepro-20260820T172552Z-1-001.zip::megamanagepro/DbPos.mdb,verified_mdb_journal_match,ManagementPro-recorded sales only; not confirmed complete store revenue.
2021-08-24,287.00,gross_valid_pos_sales_excluding_cancellations,287.00,0.00,287.00,287.00,,0.00,mdb_valid_pos_sales,megamanagepro-20260820T172552Z-1-001.zip::megamanagepro/DbPos.mdb,verified_mdb_journal_match,ManagementPro-recorded sales only; not confirmed complete store revenue.
2021-08-25,211.00,gross_valid_pos_sales_excluding_cancellations,211.00,0.00,211.00,211.00,,0.00,mdb_valid_pos_sales,megamanagepro-20260820T172552Z-1-001.zip::megamanagepro/DbPos.mdb,verified_mdb_journal_match,ManagementPro-recorded sales only; not confirmed complete store revenue.
2021-08-26,500.00,gross_valid_pos_sales_excluding_cancellations,500.00,0.00,500.00,500.00,,0.00,mdb_valid_pos_sales,megamanagepro-20260820T172552Z-1-001.zip::megamanagepro/DbPos.mdb,verified_mdb_journal_match,ManagementPro-recorded sales only; not confirmed complete store revenue.
2021-08-27,287.00,gross_valid_pos_sales_excluding_cancellations,287.00,0.00,287.00,287.00,,0.00,mdb_valid_pos_sales,megamanagepro-20260820T172552Z-1-001.zip::megamanagepro/DbPos.mdb,verified_mdb_journal_match,ManagementPro-recorded sales only; not confirmed complete store revenue.
2021-08-28,308.00,gross_valid_pos_sales_excluding_cancellations,308.00,0.00,308.00,308.00,,0.00,mdb_valid_pos_sales,megamanagepro-20260820T172552Z-1-001.zip::megamanagepro/DbPos.mdb,verified_mdb_journal_match,ManagementPro-recorded sales only; not confirmed complete store revenue.
2021-08-30,697.00,gross_valid_pos_sales_excluding_cancellations,697.00,0.00,697.00,697.00,,0.00,mdb_valid_pos_sales,megamanagepro-20260820T172552Z-1-001.zip::megamanagepro/DbPos.mdb,verified_mdb_journal_match,ManagementPro-recorded sales only; not confirmed complete store revenue.
2021-08-31,1065.00,gross_valid_pos_sales_excluding_cancellations,1065.00,0.00,1065.00,1065.00,,0.00,mdb_valid_pos_sales,megamanagepro-20260820T172552Z-1-001.zip::megamanagepro/DbPos.mdb,verified_mdb_journal_match,ManagementPro-recorded sales only; not confirmed complete store revenue.
2021-09-01,519.00,gross_valid_pos_sales_excluding_cancellations,519.00,0.00,519.00,519.00,,0.00,mdb_valid_pos_sales,megamanagepro-20260820T172552Z-1-001.zip::megamanagepro/DbPos.mdb,verified_mdb_journal_match,ManagementPro-recorded sales only; not confirmed complete store revenue.
2021-09-02,617.50,gross_valid_pos_sales_excluding_cancellations,617.50,0.00,617.50,617.50,,0.00,mdb_valid_pos_sales,megamanagepro-20260820T172552Z-1-001.zip::megamanagepro/DbPos.mdb,verified_mdb_journal_match,ManagementPro-recorded sales only; not confirmed complete store revenue.
2021-09-03,466.50,gross_valid_pos_sales_excluding_cancellations,466.50,0.00,466.50,466.50,,0.00,mdb_valid_pos_sales,megamanagepro-20260820T172552Z-1-001.zip::megamanagepro/DbPos.mdb,verified_mdb_journal_match,ManagementPro-recorded sales only; not confirmed complete store revenue.
2021-09-04,353.00,gross_valid_pos_sales_excluding_cancellations,353.00,0.00,353.00,353.00,,0.00,mdb_valid_pos_sales,megamanagepro-20260820T172552Z-1-001.zip::megamanagepro/DbPos.mdb,verified_mdb_journal_match,ManagementPro-recorded sales only; not confirmed complete store revenue.
2021-09-06,1084.50,gross_valid_pos_sales_excluding_cancellations,1084.50,0.00,1084.50,1084.50,,0.00,mdb_valid_pos_sales,megamanagepro-20260820T172552Z-1-001.zip::megamanagepro/DbPos.mdb,verified_mdb_journal_match,ManagementPro-recorded sales only; not confirmed complete store revenue.
2021-09-07,677.50,gross_valid_pos_sales_excluding_cancellations,677.50,0.00,677.50,677.50,,0.00,mdb_valid_pos_sales,megamanagepro-20260820T172552Z-1-001.zip::megamanagepro/DbPos.mdb,verified_mdb_journal_match,ManagementPro-recorded sales only; not confirmed complete store revenue.
2021-09-08,532.00,gross_valid_pos_sales_excluding_cancellations,532.00,0.00,532.00,532.00,,0.00,mdb_valid_pos_sales,megamanagepro-20260820T172552Z-1-001.zip::megamanagepro/DbPos.mdb,verified_mdb_journal_match,ManagementPro-recorded sales only; not confirmed complete store revenue.
2021-09-09,546.00,gross_valid_pos_sales_excluding_cancellations,546.00,0.00,546.00,546.00,,0.00,mdb_valid_pos_sales,megamanagepro-20260820T172552Z-1-001.zip::megamanagepro/DbPos.mdb,verified_mdb_journal_match,ManagementPro-recorded sales only; not confirmed complete store revenue.
2021-09-10,475.50,gross_valid_pos_sales_excluding_cancellations,475.50,0.00,475.50,475.50,,0.00,mdb_valid_pos_sales,megamanagepro-20260820T172552Z-1-001.zip::megamanagepro/DbPos.mdb,verified_mdb_journal_match,ManagementPro-recorded sales only; not confirmed complete store revenue.
2021-09-11,515.00,gross_valid_pos_sales_excluding_cancellations,515.00,0.00,515.00,515.00,,0.00,mdb_valid_pos_sales,megamanagepro-20260820T172552Z-1-001.zip::megamanagepro/DbPos.mdb,verified_mdb_journal_match,ManagementPro-recorded sales only; not confirmed complete store revenue.
2021-09-13,850.00,gross_valid_pos_sales_excluding_cancellations,850.00,0.00,850.00,850.00,,0.00,mdb_valid_pos_sales,megamanagepro-20260820T172552Z-1-001.zip::megamanagepro/DbPos.mdb,verified_mdb_journal_match,ManagementPro-recorded sales only; not confirmed complete store revenue.
2021-09-14,686.00,gross_valid_pos_sales_excluding_cancellations,686.00,0.00,686.00,686.00,,0.00,mdb_valid_pos_sales,megamanagepro-20260820T172552Z-1-001.zip::megamanagepro/DbPos.mdb,verified_mdb_journal_match,ManagementPro-recorded sales only; not confirmed complete store revenue.
2021-09-15,198.50,gross_valid_pos_sales_excluding_cancellations,198.50,0.00,198.50,198.50,,0.00,mdb_valid_pos_sales,megamanagepro-20260820T172552Z-1-001.zip::megamanagepro/DbPos.mdb,verified_mdb_journal_match,ManagementPro-recorded sales only; not confirmed complete store revenue.
2021-09-16,107.00,gross_valid_pos_sales_excluding_cancellations,107.00,0.00,107.00,107.00,,0.00,mdb_valid_pos_sales,megamanagepro-20260820T172552Z-1-001.zip::megamanagepro/DbPos.mdb,verified_mdb_journal_match,ManagementPro-recorded sales only; not confirmed complete store revenue.
2021-09-17,562.50,gross_valid_pos_sales_excluding_cancellations,562.50,0.00,562.50,562.50,,0.00,mdb_valid_pos_sales,megamanagepro-20260820T172552Z-1-001.zip::megamanagepro/DbPos.mdb,verified_mdb_journal_match,ManagementPro-recorded sales only; not confirmed complete store revenue.
2021-09-18,9.00,gross_valid_pos_sales_excluding_cancellations,9.00,0.00,9.00,9.00,,0.00,mdb_valid_pos_sales,megamanagepro-20260820T172552Z-1-001.zip::megamanagepro/DbPos.mdb,verified_mdb_journal_match,ManagementPro-recorded sales only; not confirmed complete store revenue.
2021-09-20,797.50,gross_valid_pos_sales_excluding_cancellations,797.50,0.00,797.50,797.50,,0.00,mdb_valid_pos_sales,megamanagepro-20260820T172552Z-1-001.zip::megamanagepro/DbPos.mdb,verified_mdb_journal_match,ManagementPro-recorded sales only; not confirmed complete store revenue.
2021-09-21,283.00,gross_valid_pos_sales_excluding_cancellations,283.00,0.00,283.00,283.00,,0.00,mdb_valid_pos_sales,megamanagepro-20260820T172552Z-1-001.zip::megamanagepro/DbPos.mdb,verified_mdb_journal_match,ManagementPro-recorded sales only; not confirmed complete store revenue.
2021-09-22,1162.00,gross_valid_pos_sales_excluding_cancellations,1162.00,0.00,1162.00,1162.00,,0.00,mdb_valid_pos_sales,megamanagepro-20260820T172552Z-1-001.zip::megamanagepro/DbPos.mdb,verified_mdb_journal_match,ManagementPro-recorded sales only; not confirmed complete store revenue.
2021-09-23,390.00,gross_valid_pos_sales_excluding_cancellations,390.00,0.00,390.00,390.00,,0.00,mdb_valid_pos_sales,megamanagepro-20260820T172552Z-1-001.zip::megamanagepro/DbPos.mdb,verified_mdb_journal_match,ManagementPro-recorded sales only; not confirmed complete store revenue.
2021-09-28,487.00,gross_valid_pos_sales_excluding_cancellations,487.00,0.00,487.00,487.00,,0.00,mdb_valid_pos_sales,megamanagepro-20260820T172552Z-1-001.zip::megamanagepro/DbPos.mdb,verified_mdb_journal_match,ManagementPro-recorded sales only; not confirmed complete store revenue.
2021-09-29,439.00,gross_valid_pos_sales_excluding_cancellations,439.00,0.00,439.00,439.00,,0.00,mdb_valid_pos_sales,megamanagepro-20260820T172552Z-1-001.zip::megamanagepro/DbPos.mdb,verified_mdb_journal_match,ManagementPro-recorded sales only; not confirmed complete store revenue.
2021-09-30,419.50,gross_valid_pos_sales_excluding_cancellations,419.50,0.00,419.50,419.50,,0.00,mdb_valid_pos_sales,megamanagepro-20260820T172552Z-1-001.zip::megamanagepro/DbPos.mdb,verified_mdb_journal_match,ManagementPro-recorded sales only; not confirmed complete store revenue.
2021-10-01,217.50,gross_valid_pos_sales_excluding_cancellations,217.50,0.00,217.50,217.50,,0.00,mdb_valid_pos_sales,megamanagepro-20260820T172552Z-1-001.zip::megamanagepro/DbPos.mdb,verified_mdb_journal_match,ManagementPro-recorded sales only; not confirmed complete store revenue.
2021-10-02,223.00,gross_valid_pos_sales_excluding_cancellations,223.00,0.00,223.00,223.00,,0.00,mdb_valid_pos_sales,megamanagepro-20260820T172552Z-1-001.zip::megamanagepro/DbPos.mdb,verified_mdb_journal_match,ManagementPro-recorded sales only; not confirmed complete store revenue.
2021-10-04,233.50,gross_valid_pos_sales_excluding_cancellations,233.50,0.00,233.50,233.50,,0.00,mdb_valid_pos_sales,megamanagepro-20260820T172552Z-1-001.zip::megamanagepro/DbPos.mdb,verified_mdb_journal_match,ManagementPro-recorded sales only; not confirmed complete store revenue.
2021-10-05,434.00,gross_valid_pos_sales_excluding_cancellations,434.00,0.00,434.00,434.00,,0.00,mdb_valid_pos_sales,megamanagepro-20260820T172552Z-1-001.zip::megamanagepro/DbPos.mdb,verified_mdb_journal_match,ManagementPro-recorded sales only; not confirmed complete store revenue.
2021-10-06,210.50,gross_valid_pos_sales_excluding_cancellations,210.50,0.00,210.50,210.50,,0.00,mdb_valid_pos_sales,megamanagepro-20260820T172552Z-1-001.zip::megamanagepro/DbPos.mdb,verified_mdb_journal_match,ManagementPro-recorded sales only; not confirmed complete store revenue.
2021-10-07,375.00,gross_valid_pos_sales_excluding_cancellations,375.00,0.00,375.00,375.00,,0.00,mdb_valid_pos_sales,megamanagepro-20260820T172552Z-1-001.zip::megamanagepro/DbPos.mdb,verified_mdb_journal_match,ManagementPro-recorded sales only; not confirmed complete store revenue.
2021-10-08,282.00,gross_valid_pos_sales_excluding_cancellations,282.00,0.00,282.00,282.00,,0.00,mdb_valid_pos_sales,megamanagepro-20260820T172552Z-1-001.zip::megamanagepro/DbPos.mdb,verified_mdb_journal_match,ManagementPro-recorded sales only; not confirmed complete store revenue.
2021-10-09,117.00,gross_valid_pos_sales_excluding_cancellations,117.00,0.00,117.00,117.00,,0.00,mdb_valid_pos_sales,megamanagepro-20260820T172552Z-1-001.zip::megamanagepro/DbPos.mdb,verified_mdb_journal_match,ManagementPro-recorded sales only; not confirmed complete store revenue.
2021-10-11,334.50,gross_valid_pos_sales_excluding_cancellations,334.50,0.00,334.50,334.50,,0.00,mdb_valid_pos_sales,megamanagepro-20260820T172552Z-1-001.zip::megamanagepro/DbPos.mdb,verified_mdb_journal_match,ManagementPro-recorded sales only; not confirmed complete store revenue.
2021-10-12,244.50,gross_valid_pos_sales_excluding_cancellations,244.50,0.00,244.50,244.50,,0.00,mdb_valid_pos_sales,megamanagepro-20260820T172552Z-1-001.zip::megamanagepro/DbPos.mdb,verified_mdb_journal_match,ManagementPro-recorded sales only; not confirmed complete store revenue.
2021-10-13,741.00,gross_valid_pos_sales_excluding_cancellations,741.00,0.00,741.00,741.00,,0.00,mdb_valid_pos_sales,megamanagepro-20260820T172552Z-1-001.zip::megamanagepro/DbPos.mdb,verified_mdb_journal_match,ManagementPro-recorded sales only; not confirmed complete store revenue.
2021-10-14,254.00,gross_valid_pos_sales_excluding_cancellations,254.00,0.00,254.00,254.00,,0.00,mdb_valid_pos_sales,megamanagepro-20260820T172552Z-1-001.zip::megamanagepro/DbPos.mdb,verified_mdb_journal_match,ManagementPro-recorded sales only; not confirmed complete store revenue.
2021-10-15,173.00,gross_valid_pos_sales_excluding_cancellations,173.00,0.00,173.00,173.00,,0.00,mdb_valid_pos_sales,megamanagepro-20260820T172552Z-1-001.zip::megamanagepro/DbPos.mdb,verified_mdb_journal_match,ManagementPro-recorded sales only; not confirmed complete store revenue.
2021-10-16,192.00,gross_valid_pos_sales_excluding_cancellations,192.00,0.00,192.00,192.00,,0.00,mdb_valid_pos_sales,megamanagepro-20260820T172552Z-1-001.zip::megamanagepro/DbPos.mdb,verified_mdb_journal_match,ManagementPro-recorded sales only; not confirmed complete store revenue.
2021-10-18,486.00,gross_valid_pos_sales_excluding_cancellations,486.00,0.00,486.00,486.00,,0.00,mdb_valid_pos_sales,megamanagepro-20260820T172552Z-1-001.zip::megamanagepro/DbPos.mdb,verified_mdb_journal_match,ManagementPro-recorded sales only; not confirmed complete store revenue.
2021-10-19,250.00,gross_valid_pos_sales_excluding_cancellations,250.00,0.00,250.00,250.00,,0.00,mdb_valid_pos_sales,megamanagepro-20260820T172552Z-1-001.zip::megamanagepro/DbPos.mdb,verified_mdb_journal_match,ManagementPro-recorded sales only; not confirmed complete store revenue.
2021-10-20,492.50,gross_valid_pos_sales_excluding_cancellations,492.50,0.00,492.50,492.50,,0.00,mdb_valid_pos_sales,megamanagepro-20260820T172552Z-1-001.zip::megamanagepro/DbPos.mdb,verified_mdb_journal_match,ManagementPro-recorded sales only; not confirmed complete store revenue.
2021-10-21,362.50,gross_valid_pos_sales_excluding_cancellations,362.50,0.00,362.50,362.50,,0.00,mdb_valid_pos_sales,megamanagepro-20260820T172552Z-1-001.zip::megamanagepro/DbPos.mdb,verified_mdb_journal_match,ManagementPro-recorded sales only; not confirmed complete store revenue.
2021-10-22,207.00,gross_valid_pos_sales_excluding_cancellations,207.00,0.00,207.00,207.00,,0.00,mdb_valid_pos_sales,megamanagepro-20260820T172552Z-1-001.zip::megamanagepro/DbPos.mdb,verified_mdb_journal_match,ManagementPro-recorded sales only; not confirmed complete store revenue.
2021-10-25,487.00,gross_valid_pos_sales_excluding_cancellations,487.00,0.00,487.00,487.00,,0.00,mdb_valid_pos_sales,megamanagepro-20260820T172552Z-1-001.zip::megamanagepro/DbPos.mdb,verified_mdb_journal_match,ManagementPro-recorded sales only; not confirmed complete store revenue.
2021-10-26,389.00,gross_valid_pos_sales_excluding_cancellations,389.00,0.00,389.00,389.00,,0.00,mdb_valid_pos_sales,megamanagepro-20260820T172552Z-1-001.zip::megamanagepro/DbPos.mdb,verified_mdb_journal_match,ManagementPro-recorded sales only; not confirmed complete store revenue.
2021-10-27,603.50,gross_valid_pos_sales_excluding_cancellations,603.50,0.00,603.50,603.50,,0.00,mdb_valid_pos_sales,megamanagepro-20260820T172552Z-1-001.zip::megamanagepro/DbPos.mdb,verified_mdb_journal_match,ManagementPro-recorded sales only; not confirmed complete store revenue.
2021-10-28,222.50,gross_valid_pos_sales_excluding_cancellations,222.50,0.00,222.50,222.50,,0.00,mdb_valid_pos_sales,megamanagepro-20260820T172552Z-1-001.zip::megamanagepro/DbPos.mdb,verified_mdb_journal_match,ManagementPro-recorded sales only; not confirmed complete store revenue.
2021-10-29,346.00,gross_valid_pos_sales_excluding_cancellations,346.00,0.00,346.00,346.00,,0.00,mdb_valid_pos_sales,megamanagepro-20260820T172552Z-1-001.zip::megamanagepro/DbPos.mdb,verified_mdb_journal_match,ManagementPro-recorded sales only; not confirmed complete store revenue.
2021-10-30,370.00,gross_valid_pos_sales_excluding_cancellations,370.00,0.00,370.00,370.00,,0.00,mdb_valid_pos_sales,megamanagepro-20260820T172552Z-1-001.zip::megamanagepro/DbPos.mdb,verified_mdb_journal_match,ManagementPro-recorded sales only; not confirmed complete store revenue.
2021-11-01,381.00,gross_valid_pos_sales_excluding_cancellations,381.00,0.00,381.00,381.00,,0.00,mdb_valid_pos_sales,megamanagepro-20260820T172552Z-1-001.zip::megamanagepro/DbPos.mdb,verified_mdb_journal_match,ManagementPro-recorded sales only; not confirmed complete store revenue.
2021-11-02,610.50,gross_valid_pos_sales_excluding_cancellations,610.50,0.00,610.50,610.50,,0.00,mdb_valid_pos_sales,megamanagepro-20260820T172552Z-1-001.zip::megamanagepro/DbPos.mdb,verified_mdb_journal_match,ManagementPro-recorded sales only; not confirmed complete store revenue.
2021-11-03,344.00,gross_valid_pos_sales_excluding_cancellations,344.00,0.00,344.00,344.00,,0.00,mdb_valid_pos_sales,megamanagepro-20260820T172552Z-1-001.zip::megamanagepro/DbPos.mdb,verified_mdb_journal_match,ManagementPro-recorded sales only; not confirmed complete store revenue.
2021-11-04,333.50,gross_valid_pos_sales_excluding_cancellations,333.50,0.00,333.50,333.50,,0.00,mdb_valid_pos_sales,megamanagepro-20260820T172552Z-1-001.zip::megamanagepro/DbPos.mdb,verified_mdb_journal_match,ManagementPro-recorded sales only; not confirmed complete store revenue.
2021-11-05,411.00,gross_valid_pos_sales_excluding_cancellations,411.00,0.00,411.00,411.00,,0.00,mdb_valid_pos_sales,megamanagepro-20260820T172552Z-1-001.zip::megamanagepro/DbPos.mdb,verified_mdb_journal_match,ManagementPro-recorded sales only; not confirmed complete store revenue.
2021-11-06,134.00,gross_valid_pos_sales_excluding_cancellations,134.00,0.00,134.00,134.00,,0.00,mdb_valid_pos_sales,megamanagepro-20260820T172552Z-1-001.zip::megamanagepro/DbPos.mdb,verified_mdb_journal_match,ManagementPro-recorded sales only; not confirmed complete store revenue.
2021-11-08,384.50,gross_valid_pos_sales_excluding_cancellations,384.50,0.00,384.50,384.50,,0.00,mdb_valid_pos_sales,megamanagepro-20260820T172552Z-1-001.zip::megamanagepro/DbPos.mdb,verified_mdb_journal_match,ManagementPro-recorded sales only; not confirmed complete store revenue.
2021-11-09,398.50,gross_valid_pos_sales_excluding_cancellations,398.50,0.00,398.50,398.50,,0.00,mdb_valid_pos_sales,megamanagepro-20260820T172552Z-1-001.zip::megamanagepro/DbPos.mdb,verified_mdb_journal_match,ManagementPro-recorded sales only; not confirmed complete store revenue.
2021-11-10,355.00,gross_valid_pos_sales_excluding_cancellations,355.00,0.00,355.00,355.00,,0.00,mdb_valid_pos_sales,megamanagepro-20260820T172552Z-1-001.zip::megamanagepro/DbPos.mdb,verified_mdb_journal_match,ManagementPro-recorded sales only; not confirmed complete store revenue.
2021-11-11,415.50,gross_valid_pos_sales_excluding_cancellations,415.50,0.00,415.50,415.50,,0.00,mdb_valid_pos_sales,megamanagepro-20260820T172552Z-1-001.zip::megamanagepro/DbPos.mdb,verified_mdb_journal_match,ManagementPro-recorded sales only; not confirmed complete store revenue.
2021-11-12,294.50,gross_valid_pos_sales_excluding_cancellations,294.50,0.00,294.50,294.50,,0.00,mdb_valid_pos_sales,megamanagepro-20260820T172552Z-1-001.zip::megamanagepro/DbPos.mdb,verified_mdb_journal_match,ManagementPro-recorded sales only; not confirmed complete store revenue.
2021-11-16,231.50,gross_valid_pos_sales_excluding_cancellations,231.50,0.00,231.50,231.50,,0.00,mdb_valid_pos_sales,megamanagepro-20260820T172552Z-1-001.zip::megamanagepro/DbPos.mdb,verified_mdb_journal_match,ManagementPro-recorded sales only; not confirmed complete store revenue.
2021-11-17,210.50,gross_valid_pos_sales_excluding_cancellations,210.50,0.00,210.50,210.50,,0.00,mdb_valid_pos_sales,megamanagepro-20260820T172552Z-1-001.zip::megamanagepro/DbPos.mdb,verified_mdb_journal_match,ManagementPro-recorded sales only; not confirmed complete store revenue.
2021-11-18,212.00,gross_valid_pos_sales_excluding_cancellations,212.00,0.00,212.00,212.00,,0.00,mdb_valid_pos_sales,megamanagepro-20260820T172552Z-1-001.zip::megamanagepro/DbPos.mdb,verified_mdb_journal_match,ManagementPro-recorded sales only; not confirmed complete store revenue.
2021-11-19,423.00,gross_valid_pos_sales_excluding_cancellations,423.00,0.00,423.00,423.00,,0.00,mdb_valid_pos_sales,megamanagepro-20260820T172552Z-1-001.zip::megamanagepro/DbPos.mdb,verified_mdb_journal_match,ManagementPro-recorded sales only; not confirmed complete store revenue.
2021-11-20,324.50,gross_valid_pos_sales_excluding_cancellations,324.50,0.00,324.50,324.50,,0.00,mdb_valid_pos_sales,megamanagepro-20260820T172552Z-1-001.zip::megamanagepro/DbPos.mdb,verified_mdb_journal_match,ManagementPro-recorded sales only; not confirmed complete store revenue.
2021-11-22,587.50,gross_valid_pos_sales_excluding_cancellations,587.50,0.00,587.50,587.50,,0.00,mdb_valid_pos_sales,megamanagepro-20260820T172552Z-1-001.zip::megamanagepro/DbPos.mdb,verified_mdb_journal_match,ManagementPro-recorded sales only; not confirmed complete store revenue.
2021-11-23,253.50,gross_valid_pos_sales_excluding_cancellations,253.50,0.00,253.50,253.50,,0.00,mdb_valid_pos_sales,megamanagepro-20260820T172552Z-1-001.zip::megamanagepro/DbPos.mdb,verified_mdb_journal_match,ManagementPro-recorded sales only; not confirmed complete store revenue.
2021-11-24,492.50,gross_valid_pos_sales_excluding_cancellations,492.50,0.00,492.50,492.50,,0.00,mdb_valid_pos_sales,megamanagepro-20260820T172552Z-1-001.zip::megamanagepro/DbPos.mdb,verified_mdb_journal_match,ManagementPro-recorded sales only; not confirmed complete store revenue.
2021-11-25,292.50,gross_valid_pos_sales_excluding_cancellations,292.50,0.00,292.50,292.50,,0.00,mdb_valid_pos_sales,megamanagepro-20260820T172552Z-1-001.zip::megamanagepro/DbPos.mdb,verified_mdb_journal_match,ManagementPro-recorded sales only; not confirmed complete store revenue.
2021-11-26,552.00,gross_valid_pos_sales_excluding_cancellations,552.00,0.00,552.00,336.00,,216.00,mdb_valid_pos_sales,megamanagepro-20260820T172552Z-1-001.zip::megamanagepro/DbPos.mdb,review_mdb_journal_difference,ManagementPro-recorded sales only; not confirmed complete store revenue. Authoritative MDB differs from journal audit by 216.00 MXN.
2021-11-27,216.00,completed_journal_sales_cut_reconciled,,,,216.00,,,journal_completed_sales,mpro-pos-20260820T172538Z-1-001.zip::mpro-pos/JOURNAL/00010120211127.jrn,adjudicated_journal_only_cut_match,ManagementPro-recorded sales only; not confirmed complete store revenue. No corresponding valid Venta rows in the canonical MDB; retained from the journal audit.
2021-11-29,763.00,gross_valid_pos_sales_excluding_cancellations,763.00,0.00,763.00,763.00,,0.00,mdb_valid_pos_sales,megamanagepro-20260820T172552Z-1-001.zip::megamanagepro/DbPos.mdb,verified_mdb_journal_match,ManagementPro-recorded sales only; not confirmed complete store revenue.
2021-11-30,377.50,gross_valid_pos_sales_excluding_cancellations,377.50,0.00,377.50,377.50,,0.00,mdb_valid_pos_sales,megamanagepro-20260820T172552Z-1-001.zip::megamanagepro/DbPos.mdb,verified_mdb_journal_match,ManagementPro-recorded sales only; not confirmed complete store revenue.
2021-12-01,423.00,gross_valid_pos_sales_excluding_cancellations,423.00,0.00,423.00,423.00,,0.00,mdb_valid_pos_sales,megamanagepro-20260820T172552Z-1-001.zip::megamanagepro/DbPos.mdb,verified_mdb_journal_match,ManagementPro-recorded sales only; not confirmed complete store revenue.
2021-12-02,611.00,gross_valid_pos_sales_excluding_cancellations,611.00,0.00,611.00,611.00,,0.00,mdb_valid_pos_sales,megamanagepro-20260820T172552Z-1-001.zip::megamanagepro/DbPos.mdb,verified_mdb_journal_match,ManagementPro-recorded sales only; not confirmed complete store revenue.
2021-12-03,360.00,gross_valid_pos_sales_excluding_cancellations,360.00,0.00,360.00,360.00,,0.00,mdb_valid_pos_sales,megamanagepro-20260820T172552Z-1-001.zip::megamanagepro/DbPos.mdb,verified_mdb_journal_match,ManagementPro-recorded sales only; not confirmed complete store revenue.
2021-12-04,201.00,gross_valid_pos_sales_excluding_cancellations,201.00,0.00,201.00,201.00,,0.00,mdb_valid_pos_sales,megamanagepro-20260820T172552Z-1-001.zip::megamanagepro/DbPos.mdb,verified_mdb_journal_match,ManagementPro-recorded sales only; not confirmed complete store revenue.
2021-12-06,121.00,gross_valid_pos_sales_excluding_cancellations,121.00,0.00,121.00,121.00,,0.00,mdb_valid_pos_sales,megamanagepro-20260820T172552Z-1-001.zip::megamanagepro/DbPos.mdb,verified_mdb_journal_match,ManagementPro-recorded sales only; not confirmed complete store revenue.
2021-12-07,662.50,gross_valid_pos_sales_excluding_cancellations,662.50,0.00,662.50,662.50,,0.00,mdb_valid_pos_sales,megamanagepro-20260820T172552Z-1-001.zip::megamanagepro/DbPos.mdb,verified_mdb_journal_match,ManagementPro-recorded sales only; not confirmed complete store revenue.
2021-12-08,350.50,gross_valid_pos_sales_excluding_cancellations,350.50,0.00,350.50,350.50,,0.00,mdb_valid_pos_sales,megamanagepro-20260820T172552Z-1-001.zip::megamanagepro/DbPos.mdb,verified_mdb_journal_match,ManagementPro-recorded sales only; not confirmed complete store revenue.
2021-12-09,550.50,gross_valid_pos_sales_excluding_cancellations,550.50,0.00,550.50,550.50,,0.00,mdb_valid_pos_sales,megamanagepro-20260820T172552Z-1-001.zip::megamanagepro/DbPos.mdb,verified_mdb_journal_match,ManagementPro-recorded sales only; not confirmed complete store revenue.
2021-12-10,652.00,gross_valid_pos_sales_excluding_cancellations,652.00,0.00,652.00,652.00,,0.00,mdb_valid_pos_sales,megamanagepro-20260820T172552Z-1-001.zip::megamanagepro/DbPos.mdb,verified_mdb_journal_match,ManagementPro-recorded sales only; not confirmed complete store revenue.
2021-12-11,261.00,gross_valid_pos_sales_excluding_cancellations,261.00,0.00,261.00,186.00,,75.00,mdb_valid_pos_sales,megamanagepro-20260820T172552Z-1-001.zip::megamanagepro/DbPos.mdb,review_mdb_journal_difference,ManagementPro-recorded sales only; not confirmed complete store revenue. Authoritative MDB differs from journal audit by 75.00 MXN.
2021-12-13,516.00,gross_valid_pos_sales_excluding_cancellations,516.00,0.00,516.00,516.00,,0.00,mdb_valid_pos_sales,megamanagepro-20260820T172552Z-1-001.zip::megamanagepro/DbPos.mdb,verified_mdb_journal_match,ManagementPro-recorded sales only; not confirmed complete store revenue.
2021-12-14,444.50,gross_valid_pos_sales_excluding_cancellations,444.50,0.00,444.50,444.50,,0.00,mdb_valid_pos_sales,megamanagepro-20260820T172552Z-1-001.zip::megamanagepro/DbPos.mdb,verified_mdb_journal_match,ManagementPro-recorded sales only; not confirmed complete store revenue.
2021-12-15,141.00,gross_valid_pos_sales_excluding_cancellations,141.00,0.00,141.00,141.00,,0.00,mdb_valid_pos_sales,megamanagepro-20260820T172552Z-1-001.zip::megamanagepro/DbPos.mdb,verified_mdb_journal_match,ManagementPro-recorded sales only; not confirmed complete store revenue.
2021-12-16,379.00,gross_valid_pos_sales_excluding_cancellations,379.00,0.00,379.00,379.00,,0.00,mdb_valid_pos_sales,megamanagepro-20260820T172552Z-1-001.zip::megamanagepro/DbPos.mdb,verified_mdb_journal_match,ManagementPro-recorded sales only; not confirmed complete store revenue.
2021-12-17,175.00,gross_valid_pos_sales_excluding_cancellations,175.00,0.00,175.00,175.00,,0.00,mdb_valid_pos_sales,megamanagepro-20260820T172552Z-1-001.zip::megamanagepro/DbPos.mdb,verified_mdb_journal_match,ManagementPro-recorded sales only; not confirmed complete store revenue.
2021-12-18,202.00,gross_valid_pos_sales_excluding_cancellations,202.00,0.00,202.00,202.00,,0.00,mdb_valid_pos_sales,megamanagepro-20260820T172552Z-1-001.zip::megamanagepro/DbPos.mdb,verified_mdb_journal_match,ManagementPro-recorded sales only; not confirmed complete store revenue.
2021-12-20,326.50,gross_valid_pos_sales_excluding_cancellations,326.50,0.00,326.50,326.50,,0.00,mdb_valid_pos_sales,megamanagepro-20260820T172552Z-1-001.zip::megamanagepro/DbPos.mdb,verified_mdb_journal_match,ManagementPro-recorded sales only; not confirmed complete store revenue.
2021-12-21,583.00,gross_valid_pos_sales_excluding_cancellations,583.00,0.00,583.00,583.00,,0.00,mdb_valid_pos_sales,megamanagepro-20260820T172552Z-1-001.zip::megamanagepro/DbPos.mdb,verified_mdb_journal_match,ManagementPro-recorded sales only; not confirmed complete store revenue.
2021-12-22,489.50,gross_valid_pos_sales_excluding_cancellations,489.50,0.00,489.50,489.50,,0.00,mdb_valid_pos_sales,megamanagepro-20260820T172552Z-1-001.zip::megamanagepro/DbPos.mdb,verified_mdb_journal_match,ManagementPro-recorded sales only; not confirmed complete store revenue.
2021-12-23,605.00,gross_valid_pos_sales_excluding_cancellations,605.00,0.00,605.00,605.00,,0.00,mdb_valid_pos_sales,megamanagepro-20260820T172552Z-1-001.zip::megamanagepro/DbPos.mdb,verified_mdb_journal_match,ManagementPro-recorded sales only; not confirmed complete store revenue.
2021-12-24,266.00,gross_valid_pos_sales_excluding_cancellations,266.00,0.00,266.00,266.00,,0.00,mdb_valid_pos_sales,megamanagepro-20260820T172552Z-1-001.zip::megamanagepro/DbPos.mdb,verified_mdb_journal_match,ManagementPro-recorded sales only; not confirmed complete store revenue.
2021-12-27,168.00,gross_valid_pos_sales_excluding_cancellations,168.00,0.00,168.00,168.00,,0.00,mdb_valid_pos_sales,megamanagepro-20260820T172552Z-1-001.zip::megamanagepro/DbPos.mdb,verified_mdb_journal_match,ManagementPro-recorded sales only; not confirmed complete store revenue.
2021-12-28,143.00,gross_valid_pos_sales_excluding_cancellations,143.00,0.00,143.00,143.00,,0.00,mdb_valid_pos_sales,megamanagepro-20260820T172552Z-1-001.zip::megamanagepro/DbPos.mdb,verified_mdb_journal_match,ManagementPro-recorded sales only; not confirmed complete store revenue.
2021-12-29,198.00,gross_valid_pos_sales_excluding_cancellations,198.00,0.00,198.00,198.00,,0.00,mdb_valid_pos_sales,megamanagepro-20260820T172552Z-1-001.zip::megamanagepro/DbPos.mdb,verified_mdb_journal_match,ManagementPro-recorded sales only; not confirmed complete store revenue.
2021-12-30,137.00,gross_valid_pos_sales_excluding_cancellations,137.00,0.00,137.00,137.00,,0.00,mdb_valid_pos_sales,megamanagepro-20260820T172552Z-1-001.zip::megamanagepro/DbPos.mdb,verified_mdb_journal_match,ManagementPro-recorded sales only; not confirmed complete store revenue.
2022-01-03,265.50,gross_valid_pos_sales_excluding_cancellations,265.50,0.00,265.50,265.50,,0.00,mdb_valid_pos_sales,megamanagepro-20260820T172552Z-1-001.zip::megamanagepro/DbPos.mdb,verified_mdb_journal_match,ManagementPro-recorded sales only; not confirmed complete store revenue.
2022-01-04,444.50,gross_valid_pos_sales_excluding_cancellations,444.50,0.00,444.50,444.50,,0.00,mdb_valid_pos_sales,megamanagepro-20260820T172552Z-1-001.zip::megamanagepro/DbPos.mdb,verified_mdb_journal_match,ManagementPro-recorded sales only; not confirmed complete store revenue.
2022-01-05,515.00,gross_valid_pos_sales_excluding_cancellations,515.00,0.00,515.00,515.00,,0.00,mdb_valid_pos_sales,megamanagepro-20260820T172552Z-1-001.zip::megamanagepro/DbPos.mdb,verified_mdb_journal_match,ManagementPro-recorded sales only; not confirmed complete store revenue.
2022-01-07,104.00,gross_valid_pos_sales_excluding_cancellations,104.00,0.00,104.00,104.00,,0.00,mdb_valid_pos_sales,megamanagepro-20260820T172552Z-1-001.zip::megamanagepro/DbPos.mdb,verified_mdb_journal_match,ManagementPro-recorded sales only; not confirmed complete store revenue.
2022-01-08,112.00,gross_valid_pos_sales_excluding_cancellations,112.00,0.00,112.00,112.00,,0.00,mdb_valid_pos_sales,megamanagepro-20260820T172552Z-1-001.zip::megamanagepro/DbPos.mdb,verified_mdb_journal_match,ManagementPro-recorded sales only; not confirmed complete store revenue.
2022-01-10,261.00,gross_valid_pos_sales_excluding_cancellations,261.00,0.00,261.00,261.00,,0.00,mdb_valid_pos_sales,megamanagepro-20260820T172552Z-1-001.zip::megamanagepro/DbPos.mdb,verified_mdb_journal_match,ManagementPro-recorded sales only; not confirmed complete store revenue.
2022-01-11,366.00,gross_valid_pos_sales_excluding_cancellations,366.00,0.00,366.00,366.00,,0.00,mdb_valid_pos_sales,megamanagepro-20260820T172552Z-1-001.zip::megamanagepro/DbPos.mdb,verified_mdb_journal_match,ManagementPro-recorded sales only; not confirmed complete store revenue.
2022-01-12,500.00,gross_valid_pos_sales_excluding_cancellations,500.00,0.00,500.00,500.00,,0.00,mdb_valid_pos_sales,megamanagepro-20260820T172552Z-1-001.zip::megamanagepro/DbPos.mdb,verified_mdb_journal_match,ManagementPro-recorded sales only; not confirmed complete store revenue.
2022-01-13,502.50,gross_valid_pos_sales_excluding_cancellations,502.50,0.00,502.50,502.50,,0.00,mdb_valid_pos_sales,megamanagepro-20260820T172552Z-1-001.zip::megamanagepro/DbPos.mdb,verified_mdb_journal_match,ManagementPro-recorded sales only; not confirmed complete store revenue.
2022-01-14,479.00,gross_valid_pos_sales_excluding_cancellations,479.00,0.00,479.00,479.00,,0.00,mdb_valid_pos_sales,megamanagepro-20260820T172552Z-1-001.zip::megamanagepro/DbPos.mdb,verified_mdb_journal_match,ManagementPro-recorded sales only; not confirmed complete store revenue.
2022-01-15,75.00,gross_valid_pos_sales_excluding_cancellations,75.00,0.00,75.00,75.00,,0.00,mdb_valid_pos_sales,megamanagepro-20260820T172552Z-1-001.zip::megamanagepro/DbPos.mdb,verified_mdb_journal_match,ManagementPro-recorded sales only; not confirmed complete store revenue.
2022-01-17,362.50,gross_valid_pos_sales_excluding_cancellations,362.50,0.00,362.50,362.50,,0.00,mdb_valid_pos_sales,megamanagepro-20260820T172552Z-1-001.zip::megamanagepro/DbPos.mdb,verified_mdb_journal_match,ManagementPro-recorded sales only; not confirmed complete store revenue.
2022-01-18,658.50,gross_valid_pos_sales_excluding_cancellations,658.50,0.00,658.50,658.50,,0.00,mdb_valid_pos_sales,megamanagepro-20260820T172552Z-1-001.zip::megamanagepro/DbPos.mdb,verified_mdb_journal_match,ManagementPro-recorded sales only; not confirmed complete store revenue.
2022-01-19,305.00,gross_valid_pos_sales_excluding_cancellations,305.00,0.00,305.00,305.00,,0.00,mdb_valid_pos_sales,megamanagepro-20260820T172552Z-1-001.zip::megamanagepro/DbPos.mdb,verified_mdb_journal_match,ManagementPro-recorded sales only; not confirmed complete store revenue.
2022-01-20,274.50,gross_valid_pos_sales_excluding_cancellations,274.50,0.00,274.50,274.50,,0.00,mdb_valid_pos_sales,megamanagepro-20260820T172552Z-1-001.zip::megamanagepro/DbPos.mdb,verified_mdb_journal_match,ManagementPro-recorded sales only; not confirmed complete store revenue.
2022-01-21,318.00,gross_valid_pos_sales_excluding_cancellations,318.00,0.00,318.00,318.00,,0.00,mdb_valid_pos_sales,megamanagepro-20260820T172552Z-1-001.zip::megamanagepro/DbPos.mdb,verified_mdb_journal_match,ManagementPro-recorded sales only; not confirmed complete store revenue.
2022-01-22,37.00,gross_valid_pos_sales_excluding_cancellations,37.00,0.00,37.00,37.00,,0.00,mdb_valid_pos_sales,megamanagepro-20260820T172552Z-1-001.zip::megamanagepro/DbPos.mdb,verified_mdb_journal_match,ManagementPro-recorded sales only; not confirmed complete store revenue.
2022-01-24,610.00,gross_valid_pos_sales_excluding_cancellations,610.00,0.00,610.00,610.00,,0.00,mdb_valid_pos_sales,megamanagepro-20260820T172552Z-1-001.zip::megamanagepro/DbPos.mdb,verified_mdb_journal_match,ManagementPro-recorded sales only; not confirmed complete store revenue.
2022-01-25,645.50,gross_valid_pos_sales_excluding_cancellations,645.50,0.00,645.50,645.50,,0.00,mdb_valid_pos_sales,megamanagepro-20260820T172552Z-1-001.zip::megamanagepro/DbPos.mdb,verified_mdb_journal_match,ManagementPro-recorded sales only; not confirmed complete store revenue.
2022-01-26,534.00,gross_valid_pos_sales_excluding_cancellations,534.00,0.00,534.00,534.00,,0.00,mdb_valid_pos_sales,megamanagepro-20260820T172552Z-1-001.zip::megamanagepro/DbPos.mdb,verified_mdb_journal_match,ManagementPro-recorded sales only; not confirmed complete store revenue.
2022-01-27,394.00,gross_valid_pos_sales_excluding_cancellations,394.00,0.00,394.00,394.00,,0.00,mdb_valid_pos_sales,megamanagepro-20260820T172552Z-1-001.zip::megamanagepro/DbPos.mdb,verified_mdb_journal_match,ManagementPro-recorded sales only; not confirmed complete store revenue.
2022-01-31,527.50,gross_valid_pos_sales_excluding_cancellations,527.50,0.00,527.50,527.50,,0.00,mdb_valid_pos_sales,megamanagepro-20260820T172552Z-1-001.zip::megamanagepro/DbPos.mdb,verified_mdb_journal_match,ManagementPro-recorded sales only; not confirmed complete store revenue.
2022-02-01,307.50,gross_valid_pos_sales_excluding_cancellations,307.50,0.00,307.50,307.50,,0.00,mdb_valid_pos_sales,megamanagepro-20260820T172552Z-1-001.zip::megamanagepro/DbPos.mdb,verified_mdb_journal_match,ManagementPro-recorded sales only; not confirmed complete store revenue.
2022-02-02,504.50,gross_valid_pos_sales_excluding_cancellations,504.50,0.00,504.50,504.50,,0.00,mdb_valid_pos_sales,megamanagepro-20260820T172552Z-1-001.zip::megamanagepro/DbPos.mdb,verified_mdb_journal_match,ManagementPro-recorded sales only; not confirmed complete store revenue.
2022-02-03,345.50,gross_valid_pos_sales_excluding_cancellations,345.50,0.00,345.50,345.50,,0.00,mdb_valid_pos_sales,megamanagepro-20260820T172552Z-1-001.zip::megamanagepro/DbPos.mdb,verified_mdb_journal_match,ManagementPro-recorded sales only; not confirmed complete store revenue.
2022-02-04,285.00,gross_valid_pos_sales_excluding_cancellations,285.00,0.00,285.00,285.00,,0.00,mdb_valid_pos_sales,megamanagepro-20260820T172552Z-1-001.zip::megamanagepro/DbPos.mdb,verified_mdb_journal_match,ManagementPro-recorded sales only; not confirmed complete store revenue.
2022-02-05,195.00,gross_valid_pos_sales_excluding_cancellations,195.00,0.00,195.00,195.00,,0.00,mdb_valid_pos_sales,megamanagepro-20260820T172552Z-1-001.zip::megamanagepro/DbPos.mdb,verified_mdb_journal_match,ManagementPro-recorded sales only; not confirmed complete store revenue.
2022-02-08,539.00,gross_valid_pos_sales_excluding_cancellations,539.00,0.00,539.00,539.00,,0.00,mdb_valid_pos_sales,megamanagepro-20260820T172552Z-1-001.zip::megamanagepro/DbPos.mdb,verified_mdb_journal_match,ManagementPro-recorded sales only; not confirmed complete store revenue.
2022-02-09,284.00,gross_valid_pos_sales_excluding_cancellations,284.00,0.00,284.00,284.00,,0.00,mdb_valid_pos_sales,megamanagepro-20260820T172552Z-1-001.zip::megamanagepro/DbPos.mdb,verified_mdb_journal_match,ManagementPro-recorded sales only; not confirmed complete store revenue.
2022-02-10,490.00,gross_valid_pos_sales_excluding_cancellations,490.00,0.00,490.00,490.00,,0.00,mdb_valid_pos_sales,megamanagepro-20260820T172552Z-1-001.zip::megamanagepro/DbPos.mdb,verified_mdb_journal_match,ManagementPro-recorded sales only; not confirmed complete store revenue.
2022-02-11,445.00,gross_valid_pos_sales_excluding_cancellations,445.00,0.00,445.00,445.00,,0.00,mdb_valid_pos_sales,megamanagepro-20260820T172552Z-1-001.zip::megamanagepro/DbPos.mdb,verified_mdb_journal_match,ManagementPro-recorded sales only; not confirmed complete store revenue.
2022-02-12,239.00,gross_valid_pos_sales_excluding_cancellations,239.00,0.00,239.00,239.00,,0.00,mdb_valid_pos_sales,megamanagepro-20260820T172552Z-1-001.zip::megamanagepro/DbPos.mdb,verified_mdb_journal_match,ManagementPro-recorded sales only; not confirmed complete store revenue.
2022-02-14,900.00,gross_valid_pos_sales_excluding_cancellations,900.00,0.00,900.00,900.00,,0.00,mdb_valid_pos_sales,megamanagepro-20260820T172552Z-1-001.zip::megamanagepro/DbPos.mdb,verified_mdb_journal_match,ManagementPro-recorded sales only; not confirmed complete store revenue.
2022-02-15,246.50,gross_valid_pos_sales_excluding_cancellations,246.50,0.00,246.50,246.50,,0.00,mdb_valid_pos_sales,megamanagepro-20260820T172552Z-1-001.zip::megamanagepro/DbPos.mdb,verified_mdb_journal_match,ManagementPro-recorded sales only; not confirmed complete store revenue.
2022-02-16,460.00,gross_valid_pos_sales_excluding_cancellations,460.00,0.00,460.00,460.00,,0.00,mdb_valid_pos_sales,megamanagepro-20260820T172552Z-1-001.zip::megamanagepro/DbPos.mdb,verified_mdb_journal_match,ManagementPro-recorded sales only; not confirmed complete store revenue.
2022-02-17,221.50,gross_valid_pos_sales_excluding_cancellations,221.50,0.00,221.50,221.50,,0.00,mdb_valid_pos_sales,megamanagepro-20260820T172552Z-1-001.zip::megamanagepro/DbPos.mdb,verified_mdb_journal_match,ManagementPro-recorded sales only; not confirmed complete store revenue.
2022-02-18,366.50,gross_valid_pos_sales_excluding_cancellations,366.50,0.00,366.50,366.50,,0.00,mdb_valid_pos_sales,megamanagepro-20260820T172552Z-1-001.zip::megamanagepro/DbPos.mdb,verified_mdb_journal_match,ManagementPro-recorded sales only; not confirmed complete store revenue.
2022-02-19,57.00,gross_valid_pos_sales_excluding_cancellations,57.00,0.00,57.00,57.00,,0.00,mdb_valid_pos_sales,megamanagepro-20260820T172552Z-1-001.zip::megamanagepro/DbPos.mdb,verified_mdb_journal_match,ManagementPro-recorded sales only; not confirmed complete store revenue.
2022-02-21,622.50,gross_valid_pos_sales_excluding_cancellations,622.50,0.00,622.50,622.50,,0.00,mdb_valid_pos_sales,megamanagepro-20260820T172552Z-1-001.zip::megamanagepro/DbPos.mdb,verified_mdb_journal_match,ManagementPro-recorded sales only; not confirmed complete store revenue.
2022-02-22,672.00,gross_valid_pos_sales_excluding_cancellations,672.00,0.00,672.00,672.00,,0.00,mdb_valid_pos_sales,megamanagepro-20260820T172552Z-1-001.zip::megamanagepro/DbPos.mdb,verified_mdb_journal_match,ManagementPro-recorded sales only; not confirmed complete store revenue.
2022-02-23,314.50,gross_valid_pos_sales_excluding_cancellations,314.50,0.00,314.50,314.50,,0.00,mdb_valid_pos_sales,megamanagepro-20260820T172552Z-1-001.zip::megamanagepro/DbPos.mdb,verified_mdb_journal_match,ManagementPro-recorded sales only; not confirmed complete store revenue.
2022-02-24,352.00,gross_valid_pos_sales_excluding_cancellations,352.00,0.00,352.00,352.00,,0.00,mdb_valid_pos_sales,megamanagepro-20260820T172552Z-1-001.zip::megamanagepro/DbPos.mdb,verified_mdb_journal_match,ManagementPro-recorded sales only; not confirmed complete store revenue.
2022-02-25,156.50,gross_valid_pos_sales_excluding_cancellations,156.50,0.00,156.50,156.50,,0.00,mdb_valid_pos_sales,megamanagepro-20260820T172552Z-1-001.zip::megamanagepro/DbPos.mdb,verified_mdb_journal_match,ManagementPro-recorded sales only; not confirmed complete store revenue.
2022-02-26,348.50,gross_valid_pos_sales_excluding_cancellations,348.50,0.00,348.50,196.00,,152.50,mdb_valid_pos_sales,megamanagepro-20260820T172552Z-1-001.zip::megamanagepro/DbPos.mdb,review_mdb_journal_difference,ManagementPro-recorded sales only; not confirmed complete store revenue. Authoritative MDB differs from journal audit by 152.50 MXN.
2022-02-28,462.00,gross_valid_pos_sales_excluding_cancellations,462.00,0.00,462.00,614.50,,-152.50,mdb_valid_pos_sales,megamanagepro-20260820T172552Z-1-001.zip::megamanagepro/DbPos.mdb,review_mdb_journal_difference,ManagementPro-recorded sales only; not confirmed complete store revenue. Authoritative MDB differs from journal audit by -152.50 MXN.
2022-03-01,594.50,gross_valid_pos_sales_excluding_cancellations,594.50,0.00,594.50,594.50,,0.00,mdb_valid_pos_sales,megamanagepro-20260820T172552Z-1-001.zip::megamanagepro/DbPos.mdb,verified_mdb_journal_match,ManagementPro-recorded sales only; not confirmed complete store revenue.
2022-03-02,658.50,gross_valid_pos_sales_excluding_cancellations,658.50,0.00,658.50,658.50,,0.00,mdb_valid_pos_sales,megamanagepro-20260820T172552Z-1-001.zip::megamanagepro/DbPos.mdb,verified_mdb_journal_match,ManagementPro-recorded sales only; not confirmed complete store revenue.
2022-03-03,787.00,gross_valid_pos_sales_excluding_cancellations,787.00,0.00,787.00,787.00,,0.00,mdb_valid_pos_sales,megamanagepro-20260820T172552Z-1-001.zip::megamanagepro/DbPos.mdb,verified_mdb_journal_match,ManagementPro-recorded sales only; not confirmed complete store revenue.
2022-03-04,283.50,gross_valid_pos_sales_excluding_cancellations,283.50,0.00,283.50,283.50,,0.00,mdb_valid_pos_sales,megamanagepro-20260820T172552Z-1-001.zip::megamanagepro/DbPos.mdb,verified_mdb_journal_match,ManagementPro-recorded sales only; not confirmed complete store revenue.
2022-03-05,327.00,gross_valid_pos_sales_excluding_cancellations,327.00,0.00,327.00,327.00,,0.00,mdb_valid_pos_sales,megamanagepro-20260820T172552Z-1-001.zip::megamanagepro/DbPos.mdb,verified_mdb_journal_match,ManagementPro-recorded sales only; not confirmed complete store revenue.
2022-03-07,551.50,gross_valid_pos_sales_excluding_cancellations,551.50,0.00,551.50,551.50,,0.00,mdb_valid_pos_sales,megamanagepro-20260820T172552Z-1-001.zip::megamanagepro/DbPos.mdb,verified_mdb_journal_match,ManagementPro-recorded sales only; not confirmed complete store revenue.
2022-03-08,280.00,gross_valid_pos_sales_excluding_cancellations,280.00,0.00,280.00,280.00,,0.00,mdb_valid_pos_sales,megamanagepro-20260820T172552Z-1-001.zip::megamanagepro/DbPos.mdb,verified_mdb_journal_match,ManagementPro-recorded sales only; not confirmed complete store revenue.
2022-03-09,340.50,gross_valid_pos_sales_excluding_cancellations,340.50,0.00,340.50,340.50,,0.00,mdb_valid_pos_sales,megamanagepro-20260820T172552Z-1-001.zip::megamanagepro/DbPos.mdb,verified_mdb_journal_match,ManagementPro-recorded sales only; not confirmed complete store revenue.
2022-03-10,473.50,gross_valid_pos_sales_excluding_cancellations,473.50,0.00,473.50,473.50,,0.00,mdb_valid_pos_sales,megamanagepro-20260820T172552Z-1-001.zip::megamanagepro/DbPos.mdb,verified_mdb_journal_match,ManagementPro-recorded sales only; not confirmed complete store revenue.
2022-03-11,549.50,gross_valid_pos_sales_excluding_cancellations,549.50,0.00,549.50,549.50,,0.00,mdb_valid_pos_sales,megamanagepro-20260820T172552Z-1-001.zip::megamanagepro/DbPos.mdb,verified_mdb_journal_match,ManagementPro-recorded sales only; not confirmed complete store revenue.
2022-03-12,357.00,gross_valid_pos_sales_excluding_cancellations,357.00,0.00,357.00,357.00,,0.00,mdb_valid_pos_sales,megamanagepro-20260820T172552Z-1-001.zip::megamanagepro/DbPos.mdb,verified_mdb_journal_match,ManagementPro-recorded sales only; not confirmed complete store revenue.
2022-03-14,360.50,gross_valid_pos_sales_excluding_cancellations,360.50,0.00,360.50,360.50,,0.00,mdb_valid_pos_sales,megamanagepro-20260820T172552Z-1-001.zip::megamanagepro/DbPos.mdb,verified_mdb_journal_match,ManagementPro-recorded sales only; not confirmed complete store revenue.
2022-03-15,475.00,gross_valid_pos_sales_excluding_cancellations,475.00,0.00,475.00,475.00,,0.00,mdb_valid_pos_sales,megamanagepro-20260820T172552Z-1-001.zip::megamanagepro/DbPos.mdb,verified_mdb_journal_match,ManagementPro-recorded sales only; not confirmed complete store revenue.
2022-03-16,740.50,gross_valid_pos_sales_excluding_cancellations,740.50,0.00,740.50,740.50,,0.00,mdb_valid_pos_sales,megamanagepro-20260820T172552Z-1-001.zip::megamanagepro/DbPos.mdb,verified_mdb_journal_match,ManagementPro-recorded sales only; not confirmed complete store revenue.
2022-03-17,346.50,gross_valid_pos_sales_excluding_cancellations,346.50,0.00,346.50,346.50,,0.00,mdb_valid_pos_sales,megamanagepro-20260820T172552Z-1-001.zip::megamanagepro/DbPos.mdb,verified_mdb_journal_match,ManagementPro-recorded sales only; not confirmed complete store revenue.
2022-03-18,125.50,gross_valid_pos_sales_excluding_cancellations,125.50,0.00,125.50,125.50,,0.00,mdb_valid_pos_sales,megamanagepro-20260820T172552Z-1-001.zip::megamanagepro/DbPos.mdb,verified_mdb_journal_match,ManagementPro-recorded sales only; not confirmed complete store revenue.
2022-03-19,378.00,gross_valid_pos_sales_excluding_cancellations,378.00,0.00,378.00,378.00,,0.00,mdb_valid_pos_sales,megamanagepro-20260820T172552Z-1-001.zip::megamanagepro/DbPos.mdb,verified_mdb_journal_match,ManagementPro-recorded sales only; not confirmed complete store revenue.
2022-03-22,531.50,gross_valid_pos_sales_excluding_cancellations,531.50,0.00,531.50,531.50,,0.00,mdb_valid_pos_sales,megamanagepro-20260820T172552Z-1-001.zip::megamanagepro/DbPos.mdb,verified_mdb_journal_match,ManagementPro-recorded sales only; not confirmed complete store revenue.
2022-03-23,563.00,gross_valid_pos_sales_excluding_cancellations,563.00,0.00,563.00,563.00,,0.00,mdb_valid_pos_sales,megamanagepro-20260820T172552Z-1-001.zip::megamanagepro/DbPos.mdb,verified_mdb_journal_match,ManagementPro-recorded sales only; not confirmed complete store revenue.
2022-03-24,264.00,gross_valid_pos_sales_excluding_cancellations,264.00,0.00,264.00,264.00,,0.00,mdb_valid_pos_sales,megamanagepro-20260820T172552Z-1-001.zip::megamanagepro/DbPos.mdb,verified_mdb_journal_match,ManagementPro-recorded sales only; not confirmed complete store revenue.
2022-03-25,388.50,gross_valid_pos_sales_excluding_cancellations,388.50,0.00,388.50,388.50,,0.00,mdb_valid_pos_sales,megamanagepro-20260820T172552Z-1-001.zip::megamanagepro/DbPos.mdb,verified_mdb_journal_match,ManagementPro-recorded sales only; not confirmed complete store revenue.
2022-03-26,436.00,gross_valid_pos_sales_excluding_cancellations,436.00,0.00,436.00,436.00,,0.00,mdb_valid_pos_sales,megamanagepro-20260820T172552Z-1-001.zip::megamanagepro/DbPos.mdb,verified_mdb_journal_match,ManagementPro-recorded sales only; not confirmed complete store revenue.
2022-03-28,297.50,gross_valid_pos_sales_excluding_cancellations,297.50,0.00,297.50,297.50,,0.00,mdb_valid_pos_sales,megamanagepro-20260820T172552Z-1-001.zip::megamanagepro/DbPos.mdb,verified_mdb_journal_match,ManagementPro-recorded sales only; not confirmed complete store revenue.
2022-03-29,495.00,gross_valid_pos_sales_excluding_cancellations,495.00,0.00,495.00,495.00,,0.00,mdb_valid_pos_sales,megamanagepro-20260820T172552Z-1-001.zip::megamanagepro/DbPos.mdb,verified_mdb_journal_match,ManagementPro-recorded sales only; not confirmed complete store revenue.
2022-03-30,336.00,gross_valid_pos_sales_excluding_cancellations,336.00,0.00,336.00,336.00,,0.00,mdb_valid_pos_sales,megamanagepro-20260820T172552Z-1-001.zip::megamanagepro/DbPos.mdb,verified_mdb_journal_match,ManagementPro-recorded sales only; not confirmed complete store revenue.
2022-03-31,233.00,gross_valid_pos_sales_excluding_cancellations,233.00,0.00,233.00,233.00,,0.00,mdb_valid_pos_sales,megamanagepro-20260820T172552Z-1-001.zip::megamanagepro/DbPos.mdb,verified_mdb_journal_match,ManagementPro-recorded sales only; not confirmed complete store revenue.
2022-04-01,294.00,gross_valid_pos_sales_excluding_cancellations,294.00,0.00,294.00,294.00,,0.00,mdb_valid_pos_sales,megamanagepro-20260820T172552Z-1-001.zip::megamanagepro/DbPos.mdb,verified_mdb_journal_match,ManagementPro-recorded sales only; not confirmed complete store revenue.
2022-04-02,433.50,gross_valid_pos_sales_excluding_cancellations,433.50,0.00,433.50,433.50,,0.00,mdb_valid_pos_sales,megamanagepro-20260820T172552Z-1-001.zip::megamanagepro/DbPos.mdb,verified_mdb_journal_match,ManagementPro-recorded sales only; not confirmed complete store revenue.
2022-04-04,512.00,gross_valid_pos_sales_excluding_cancellations,512.00,0.00,512.00,512.00,,0.00,mdb_valid_pos_sales,megamanagepro-20260820T172552Z-1-001.zip::megamanagepro/DbPos.mdb,verified_mdb_journal_match,ManagementPro-recorded sales only; not confirmed complete store revenue.
2022-04-05,428.00,gross_valid_pos_sales_excluding_cancellations,428.00,0.00,428.00,428.00,,0.00,mdb_valid_pos_sales,megamanagepro-20260820T172552Z-1-001.zip::megamanagepro/DbPos.mdb,verified_mdb_journal_match,ManagementPro-recorded sales only; not confirmed complete store revenue.
2022-04-06,225.50,gross_valid_pos_sales_excluding_cancellations,225.50,0.00,225.50,225.50,,0.00,mdb_valid_pos_sales,megamanagepro-20260820T172552Z-1-001.zip::megamanagepro/DbPos.mdb,verified_mdb_journal_match,ManagementPro-recorded sales only; not confirmed complete store revenue.
2022-04-07,412.00,gross_valid_pos_sales_excluding_cancellations,412.00,0.00,412.00,412.00,,0.00,mdb_valid_pos_sales,megamanagepro-20260820T172552Z-1-001.zip::megamanagepro/DbPos.mdb,verified_mdb_journal_match,ManagementPro-recorded sales only; not confirmed complete store revenue.
2022-04-08,554.50,gross_valid_pos_sales_excluding_cancellations,554.50,0.00,554.50,554.50,,0.00,mdb_valid_pos_sales,megamanagepro-20260820T172552Z-1-001.zip::megamanagepro/DbPos.mdb,verified_mdb_journal_match,ManagementPro-recorded sales only; not confirmed complete store revenue.
2022-04-09,131.50,gross_valid_pos_sales_excluding_cancellations,131.50,0.00,131.50,131.50,,0.00,mdb_valid_pos_sales,megamanagepro-20260820T172552Z-1-001.zip::megamanagepro/DbPos.mdb,verified_mdb_journal_match,ManagementPro-recorded sales only; not confirmed complete store revenue.
2022-04-11,170.00,gross_valid_pos_sales_excluding_cancellations,170.00,0.00,170.00,170.00,,0.00,mdb_valid_pos_sales,megamanagepro-20260820T172552Z-1-001.zip::megamanagepro/DbPos.mdb,verified_mdb_journal_match,ManagementPro-recorded sales only; not confirmed complete store revenue.
2022-04-12,197.50,gross_valid_pos_sales_excluding_cancellations,197.50,0.00,197.50,197.50,,0.00,mdb_valid_pos_sales,megamanagepro-20260820T172552Z-1-001.zip::megamanagepro/DbPos.mdb,verified_mdb_journal_match,ManagementPro-recorded sales only; not confirmed complete store revenue.
2022-04-13,365.50,gross_valid_pos_sales_excluding_cancellations,365.50,0.00,365.50,365.50,,0.00,mdb_valid_pos_sales,megamanagepro-20260820T172552Z-1-001.zip::megamanagepro/DbPos.mdb,verified_mdb_journal_match,ManagementPro-recorded sales only; not confirmed complete store revenue.
2022-04-18,228.50,gross_valid_pos_sales_excluding_cancellations,228.50,0.00,228.50,228.50,,0.00,mdb_valid_pos_sales,megamanagepro-20260820T172552Z-1-001.zip::megamanagepro/DbPos.mdb,verified_mdb_journal_match,ManagementPro-recorded sales only; not confirmed complete store revenue.
2022-04-19,374.50,gross_valid_pos_sales_excluding_cancellations,374.50,0.00,374.50,374.50,,0.00,mdb_valid_pos_sales,megamanagepro-20260820T172552Z-1-001.zip::megamanagepro/DbPos.mdb,verified_mdb_journal_match,ManagementPro-recorded sales only; not confirmed complete store revenue.
2022-04-20,197.00,gross_valid_pos_sales_excluding_cancellations,197.00,0.00,197.00,197.00,,0.00,mdb_valid_pos_sales,megamanagepro-20260820T172552Z-1-001.zip::megamanagepro/DbPos.mdb,verified_mdb_journal_match,ManagementPro-recorded sales only; not confirmed complete store revenue.
2022-04-21,262.50,gross_valid_pos_sales_excluding_cancellations,262.50,0.00,262.50,262.50,,0.00,mdb_valid_pos_sales,megamanagepro-20260820T172552Z-1-001.zip::megamanagepro/DbPos.mdb,verified_mdb_journal_match,ManagementPro-recorded sales only; not confirmed complete store revenue.
2022-04-22,227.00,gross_valid_pos_sales_excluding_cancellations,227.00,0.00,227.00,227.00,,0.00,mdb_valid_pos_sales,megamanagepro-20260820T172552Z-1-001.zip::megamanagepro/DbPos.mdb,verified_mdb_journal_match,ManagementPro-recorded sales only; not confirmed complete store revenue.
2022-04-23,172.00,gross_valid_pos_sales_excluding_cancellations,172.00,0.00,172.00,172.00,,0.00,mdb_valid_pos_sales,megamanagepro-20260820T172552Z-1-001.zip::megamanagepro/DbPos.mdb,verified_mdb_journal_match,ManagementPro-recorded sales only; not confirmed complete store revenue.
2022-04-25,570.00,gross_valid_pos_sales_excluding_cancellations,570.00,0.00,570.00,570.00,,0.00,mdb_valid_pos_sales,megamanagepro-20260820T172552Z-1-001.zip::megamanagepro/DbPos.mdb,verified_mdb_journal_match,ManagementPro-recorded sales only; not confirmed complete store revenue.
2022-04-26,497.00,gross_valid_pos_sales_excluding_cancellations,497.00,0.00,497.00,497.00,,0.00,mdb_valid_pos_sales,megamanagepro-20260820T172552Z-1-001.zip::megamanagepro/DbPos.mdb,verified_mdb_journal_match,ManagementPro-recorded sales only; not confirmed complete store revenue.
2022-04-27,658.50,gross_valid_pos_sales_excluding_cancellations,658.50,0.00,658.50,658.50,,0.00,mdb_valid_pos_sales,megamanagepro-20260820T172552Z-1-001.zip::megamanagepro/DbPos.mdb,verified_mdb_journal_match,ManagementPro-recorded sales only; not confirmed complete store revenue.
2022-04-28,113.00,gross_valid_pos_sales_excluding_cancellations,113.00,0.00,113.00,113.00,,0.00,mdb_valid_pos_sales,megamanagepro-20260820T172552Z-1-001.zip::megamanagepro/DbPos.mdb,verified_mdb_journal_match,ManagementPro-recorded sales only; not confirmed complete store revenue.
2022-04-29,262.00,gross_valid_pos_sales_excluding_cancellations,262.00,0.00,262.00,262.00,,0.00,mdb_valid_pos_sales,megamanagepro-20260820T172552Z-1-001.zip::megamanagepro/DbPos.mdb,verified_mdb_journal_match,ManagementPro-recorded sales only; not confirmed complete store revenue.
2022-05-02,555.00,gross_valid_pos_sales_excluding_cancellations,555.00,0.00,555.00,509.00,,46.00,mdb_valid_pos_sales,megamanagepro-20260820T172552Z-1-001.zip::megamanagepro/DbPos.mdb,review_mdb_journal_difference,ManagementPro-recorded sales only; not confirmed complete store revenue. Authoritative MDB differs from journal audit by 46.00 MXN.
2022-05-03,663.00,gross_valid_pos_sales_excluding_cancellations,663.00,0.00,663.00,663.00,,0.00,mdb_valid_pos_sales,megamanagepro-20260820T172552Z-1-001.zip::megamanagepro/DbPos.mdb,verified_mdb_journal_match,ManagementPro-recorded sales only; not confirmed complete store revenue.
2022-05-04,353.00,gross_valid_pos_sales_excluding_cancellations,353.00,0.00,353.00,353.00,,0.00,mdb_valid_pos_sales,megamanagepro-20260820T172552Z-1-001.zip::megamanagepro/DbPos.mdb,verified_mdb_journal_match,ManagementPro-recorded sales only; not confirmed complete store revenue.
2022-05-05,773.50,gross_valid_pos_sales_excluding_cancellations,773.50,0.00,773.50,773.50,,0.00,mdb_valid_pos_sales,megamanagepro-20260820T172552Z-1-001.zip::megamanagepro/DbPos.mdb,verified_mdb_journal_match,ManagementPro-recorded sales only; not confirmed complete store revenue.
2022-05-06,337.00,gross_valid_pos_sales_excluding_cancellations,337.00,0.00,337.00,337.00,,0.00,mdb_valid_pos_sales,megamanagepro-20260820T172552Z-1-001.zip::megamanagepro/DbPos.mdb,verified_mdb_journal_match,ManagementPro-recorded sales only; not confirmed complete store revenue.
2022-05-07,513.00,gross_valid_pos_sales_excluding_cancellations,513.00,0.00,513.00,51.50,,461.50,mdb_valid_pos_sales,megamanagepro-20260820T172552Z-1-001.zip::megamanagepro/DbPos.mdb,review_mdb_journal_difference,ManagementPro-recorded sales only; not confirmed complete store revenue. Authoritative MDB differs from journal audit by 461.50 MXN.
2022-05-09,,unresolved_journal_candidate,,,,461.50,,,journal_completed_sales,mpro-pos-20260820T172538Z-1-001.zip::mpro-pos/JOURNAL/00010120220509.jrn,review_possible_date_shift_duplicate,ManagementPro-recorded sales only; not confirmed complete store revenue. Candidate amount is preserved in journal_sales_mxn but intentionally excluded from amount_mxn pending date/duplicate review. No corresponding valid Venta rows in the canonical MDB; retained from the journal audit.
2022-05-10,92.00,gross_valid_pos_sales_excluding_cancellations,92.00,0.00,92.00,92.00,,0.00,mdb_valid_pos_sales,megamanagepro-20260820T172552Z-1-001.zip::megamanagepro/DbPos.mdb,verified_mdb_journal_match,ManagementPro-recorded sales only; not confirmed complete store revenue.
2022-05-11,418.00,gross_valid_pos_sales_excluding_cancellations,418.00,0.00,418.00,418.00,,0.00,mdb_valid_pos_sales,megamanagepro-20260820T172552Z-1-001.zip::megamanagepro/DbPos.mdb,verified_mdb_journal_match,ManagementPro-recorded sales only; not confirmed complete store revenue.
2022-05-12,293.50,gross_valid_pos_sales_excluding_cancellations,293.50,0.00,293.50,293.50,,0.00,mdb_valid_pos_sales,megamanagepro-20260820T172552Z-1-001.zip::megamanagepro/DbPos.mdb,verified_mdb_journal_match,ManagementPro-recorded sales only; not confirmed complete store revenue.
2022-05-13,420.00,gross_valid_pos_sales_excluding_cancellations,420.00,0.00,420.00,420.00,,0.00,mdb_valid_pos_sales,megamanagepro-20260820T172552Z-1-001.zip::megamanagepro/DbPos.mdb,verified_mdb_journal_match,ManagementPro-recorded sales only; not confirmed complete store revenue.
2022-05-14,310.00,gross_valid_pos_sales_excluding_cancellations,310.00,0.00,310.00,310.00,,0.00,mdb_valid_pos_sales,megamanagepro-20260820T172552Z-1-001.zip::megamanagepro/DbPos.mdb,verified_mdb_journal_match,ManagementPro-recorded sales only; not confirmed complete store revenue.
2022-05-16,1004.00,gross_valid_pos_sales_excluding_cancellations,1004.00,0.00,1004.00,1004.00,,0.00,mdb_valid_pos_sales,megamanagepro-20260820T172552Z-1-001.zip::megamanagepro/DbPos.mdb,verified_mdb_journal_match,ManagementPro-recorded sales only; not confirmed complete store revenue.
2022-05-17,838.00,gross_valid_pos_sales_excluding_cancellations,838.00,0.00,838.00,838.00,,0.00,mdb_valid_pos_sales,megamanagepro-20260820T172552Z-1-001.zip::megamanagepro/DbPos.mdb,verified_mdb_journal_match,ManagementPro-recorded sales only; not confirmed complete store revenue.
2022-05-18,234.50,gross_valid_pos_sales_excluding_cancellations,234.50,0.00,234.50,234.50,,0.00,mdb_valid_pos_sales,megamanagepro-20260820T172552Z-1-001.zip::megamanagepro/DbPos.mdb,verified_mdb_journal_match,ManagementPro-recorded sales only; not confirmed complete store revenue.
2022-05-19,271.50,gross_valid_pos_sales_excluding_cancellations,271.50,0.00,271.50,271.50,,0.00,mdb_valid_pos_sales,megamanagepro-20260820T172552Z-1-001.zip::megamanagepro/DbPos.mdb,verified_mdb_journal_match,ManagementPro-recorded sales only; not confirmed complete store revenue.
2022-05-20,428.50,gross_valid_pos_sales_excluding_cancellations,428.50,0.00,428.50,428.50,,0.00,mdb_valid_pos_sales,megamanagepro-20260820T172552Z-1-001.zip::megamanagepro/DbPos.mdb,verified_mdb_journal_match,ManagementPro-recorded sales only; not confirmed complete store revenue.
2022-05-21,134.50,gross_valid_pos_sales_excluding_cancellations,134.50,0.00,134.50,134.50,,0.00,mdb_valid_pos_sales,megamanagepro-20260820T172552Z-1-001.zip::megamanagepro/DbPos.mdb,verified_mdb_journal_match,ManagementPro-recorded sales only; not confirmed complete store revenue.
2022-05-23,570.00,gross_valid_pos_sales_excluding_cancellations,570.00,0.00,570.00,570.00,,0.00,mdb_valid_pos_sales,megamanagepro-20260820T172552Z-1-001.zip::megamanagepro/DbPos.mdb,verified_mdb_journal_match,ManagementPro-recorded sales only; not confirmed complete store revenue.
2022-05-24,344.00,gross_valid_pos_sales_excluding_cancellations,344.00,0.00,344.00,344.00,,0.00,mdb_valid_pos_sales,megamanagepro-20260820T172552Z-1-001.zip::megamanagepro/DbPos.mdb,verified_mdb_journal_match,ManagementPro-recorded sales only; not confirmed complete store revenue.
2022-05-25,328.50,gross_valid_pos_sales_excluding_cancellations,328.50,0.00,328.50,328.50,,0.00,mdb_valid_pos_sales,megamanagepro-20260820T172552Z-1-001.zip::megamanagepro/DbPos.mdb,verified_mdb_journal_match,ManagementPro-recorded sales only; not confirmed complete store revenue.
2022-05-26,512.50,gross_valid_pos_sales_excluding_cancellations,512.50,0.00,512.50,512.50,,0.00,mdb_valid_pos_sales,megamanagepro-20260820T172552Z-1-001.zip::megamanagepro/DbPos.mdb,verified_mdb_journal_match,ManagementPro-recorded sales only; not confirmed complete store revenue.
2022-05-27,691.00,gross_valid_pos_sales_excluding_cancellations,691.00,0.00,691.00,691.00,,0.00,mdb_valid_pos_sales,megamanagepro-20260820T172552Z-1-001.zip::megamanagepro/DbPos.mdb,verified_mdb_journal_match,ManagementPro-recorded sales only; not confirmed complete store revenue.
2022-05-28,126.50,gross_valid_pos_sales_excluding_cancellations,126.50,0.00,126.50,126.50,,0.00,mdb_valid_pos_sales,megamanagepro-20260820T172552Z-1-001.zip::megamanagepro/DbPos.mdb,verified_mdb_journal_match,ManagementPro-recorded sales only; not confirmed complete store revenue.
2022-05-30,257.50,gross_valid_pos_sales_excluding_cancellations,257.50,0.00,257.50,257.50,,0.00,mdb_valid_pos_sales,megamanagepro-20260820T172552Z-1-001.zip::megamanagepro/DbPos.mdb,verified_mdb_journal_match,ManagementPro-recorded sales only; not confirmed complete store revenue.
2022-05-31,482.50,gross_valid_pos_sales_excluding_cancellations,482.50,0.00,482.50,482.50,,0.00,mdb_valid_pos_sales,megamanagepro-20260820T172552Z-1-001.zip::megamanagepro/DbPos.mdb,verified_mdb_journal_match,ManagementPro-recorded sales only; not confirmed complete store revenue.
2022-06-01,241.00,gross_valid_pos_sales_excluding_cancellations,241.00,0.00,241.00,241.00,,0.00,mdb_valid_pos_sales,megamanagepro-20260820T172552Z-1-001.zip::megamanagepro/DbPos.mdb,verified_mdb_journal_match,ManagementPro-recorded sales only; not confirmed complete store revenue.
2022-06-02,279.00,gross_valid_pos_sales_excluding_cancellations,279.00,0.00,279.00,279.00,,0.00,mdb_valid_pos_sales,megamanagepro-20260820T172552Z-1-001.zip::megamanagepro/DbPos.mdb,verified_mdb_journal_match,ManagementPro-recorded sales only; not confirmed complete store revenue.
2022-06-03,218.50,gross_valid_pos_sales_excluding_cancellations,218.50,0.00,218.50,218.50,,0.00,mdb_valid_pos_sales,megamanagepro-20260820T172552Z-1-001.zip::megamanagepro/DbPos.mdb,verified_mdb_journal_match,ManagementPro-recorded sales only; not confirmed complete store revenue.
2022-06-06,155.00,gross_valid_pos_sales_excluding_cancellations,155.00,0.00,155.00,155.00,,0.00,mdb_valid_pos_sales,megamanagepro-20260820T172552Z-1-001.zip::megamanagepro/DbPos.mdb,verified_mdb_journal_match,ManagementPro-recorded sales only; not confirmed complete store revenue.
2022-06-07,306.00,gross_valid_pos_sales_excluding_cancellations,306.00,0.00,306.00,306.00,,0.00,mdb_valid_pos_sales,megamanagepro-20260820T172552Z-1-001.zip::megamanagepro/DbPos.mdb,verified_mdb_journal_match,ManagementPro-recorded sales only; not confirmed complete store revenue.
2022-06-08,264.50,gross_valid_pos_sales_excluding_cancellations,264.50,0.00,264.50,264.50,,0.00,mdb_valid_pos_sales,megamanagepro-20260820T172552Z-1-001.zip::megamanagepro/DbPos.mdb,verified_mdb_journal_match,ManagementPro-recorded sales only; not confirmed complete store revenue.
2022-06-09,207.00,gross_valid_pos_sales_excluding_cancellations,207.00,0.00,207.00,207.00,,0.00,mdb_valid_pos_sales,megamanagepro-20260820T172552Z-1-001.zip::megamanagepro/DbPos.mdb,verified_mdb_journal_match,ManagementPro-recorded sales only; not confirmed complete store revenue.
2022-06-10,341.50,gross_valid_pos_sales_excluding_cancellations,341.50,0.00,341.50,341.50,,0.00,mdb_valid_pos_sales,megamanagepro-20260820T172552Z-1-001.zip::megamanagepro/DbPos.mdb,verified_mdb_journal_match,ManagementPro-recorded sales only; not confirmed complete store revenue.
2022-06-11,76.00,gross_valid_pos_sales_excluding_cancellations,76.00,0.00,76.00,76.00,,0.00,mdb_valid_pos_sales,megamanagepro-20260820T172552Z-1-001.zip::megamanagepro/DbPos.mdb,verified_mdb_journal_match,ManagementPro-recorded sales only; not confirmed complete store revenue.
2022-06-13,435.50,gross_valid_pos_sales_excluding_cancellations,435.50,0.00,435.50,435.50,,0.00,mdb_valid_pos_sales,megamanagepro-20260820T172552Z-1-001.zip::megamanagepro/DbPos.mdb,verified_mdb_journal_match,ManagementPro-recorded sales only; not confirmed complete store revenue.
2022-06-14,319.50,gross_valid_pos_sales_excluding_cancellations,319.50,0.00,319.50,319.50,,0.00,mdb_valid_pos_sales,megamanagepro-20260820T172552Z-1-001.zip::megamanagepro/DbPos.mdb,verified_mdb_journal_match,ManagementPro-recorded sales only; not confirmed complete store revenue.
2022-06-15,632.50,gross_valid_pos_sales_excluding_cancellations,632.50,0.00,632.50,632.50,,0.00,mdb_valid_pos_sales,megamanagepro-20260820T172552Z-1-001.zip::megamanagepro/DbPos.mdb,verified_mdb_journal_match,ManagementPro-recorded sales only; not confirmed complete store revenue.
2022-06-16,334.00,gross_valid_pos_sales_excluding_cancellations,334.00,0.00,334.00,334.00,,0.00,mdb_valid_pos_sales,megamanagepro-20260820T172552Z-1-001.zip::megamanagepro/DbPos.mdb,verified_mdb_journal_match,ManagementPro-recorded sales only; not confirmed complete store revenue.
2022-06-17,237.50,gross_valid_pos_sales_excluding_cancellations,237.50,0.00,237.50,237.50,,0.00,mdb_valid_pos_sales,megamanagepro-20260820T172552Z-1-001.zip::megamanagepro/DbPos.mdb,verified_mdb_journal_match,ManagementPro-recorded sales only; not confirmed complete store revenue.
2022-06-18,333.00,gross_valid_pos_sales_excluding_cancellations,333.00,0.00,333.00,333.00,,0.00,mdb_valid_pos_sales,megamanagepro-20260820T172552Z-1-001.zip::megamanagepro/DbPos.mdb,verified_mdb_journal_match,ManagementPro-recorded sales only; not confirmed complete store revenue.
2022-06-20,685.50,gross_valid_pos_sales_excluding_cancellations,685.50,0.00,685.50,685.50,,0.00,mdb_valid_pos_sales,megamanagepro-20260820T172552Z-1-001.zip::megamanagepro/DbPos.mdb,verified_mdb_journal_match,ManagementPro-recorded sales only; not confirmed complete store revenue.
2022-06-21,351.50,gross_valid_pos_sales_excluding_cancellations,351.50,0.00,351.50,351.50,,0.00,mdb_valid_pos_sales,megamanagepro-20260820T172552Z-1-001.zip::megamanagepro/DbPos.mdb,verified_mdb_journal_match,ManagementPro-recorded sales only; not confirmed complete store revenue.
2022-06-22,453.50,gross_valid_pos_sales_excluding_cancellations,453.50,0.00,453.50,453.50,,0.00,mdb_valid_pos_sales,megamanagepro-20260820T172552Z-1-001.zip::megamanagepro/DbPos.mdb,verified_mdb_journal_match,ManagementPro-recorded sales only; not confirmed complete store revenue.
2022-06-23,228.50,gross_valid_pos_sales_excluding_cancellations,228.50,0.00,228.50,228.50,,0.00,mdb_valid_pos_sales,megamanagepro-20260820T172552Z-1-001.zip::megamanagepro/DbPos.mdb,verified_mdb_journal_match,ManagementPro-recorded sales only; not confirmed complete store revenue.
2022-06-24,21.00,gross_valid_pos_sales_excluding_cancellations,21.00,0.00,21.00,21.00,,0.00,mdb_valid_pos_sales,megamanagepro-20260820T172552Z-1-001.zip::megamanagepro/DbPos.mdb,verified_mdb_journal_match,ManagementPro-recorded sales only; not confirmed complete store revenue.
2022-06-27,390.00,gross_valid_pos_sales_excluding_cancellations,390.00,0.00,390.00,390.00,,0.00,mdb_valid_pos_sales,megamanagepro-20260820T172552Z-1-001.zip::megamanagepro/DbPos.mdb,verified_mdb_journal_match,ManagementPro-recorded sales only; not confirmed complete store revenue.
2022-06-28,381.00,gross_valid_pos_sales_excluding_cancellations,381.00,0.00,381.00,381.00,,0.00,mdb_valid_pos_sales,megamanagepro-20260820T172552Z-1-001.zip::megamanagepro/DbPos.mdb,verified_mdb_journal_match,ManagementPro-recorded sales only; not confirmed complete store revenue.
2022-06-29,332.00,gross_valid_pos_sales_excluding_cancellations,332.00,0.00,332.00,332.00,,0.00,mdb_valid_pos_sales,megamanagepro-20260820T172552Z-1-001.zip::megamanagepro/DbPos.mdb,verified_mdb_journal_match,ManagementPro-recorded sales only; not confirmed complete store revenue.
2022-06-30,578.50,gross_valid_pos_sales_excluding_cancellations,578.50,0.00,578.50,578.50,,0.00,mdb_valid_pos_sales,megamanagepro-20260820T172552Z-1-001.zip::megamanagepro/DbPos.mdb,verified_mdb_journal_match,ManagementPro-recorded sales only; not confirmed complete store revenue.
2022-07-01,545.00,gross_valid_pos_sales_excluding_cancellations,545.00,0.00,545.00,545.00,,0.00,mdb_valid_pos_sales,megamanagepro-20260820T172552Z-1-001.zip::megamanagepro/DbPos.mdb,verified_mdb_journal_match,ManagementPro-recorded sales only; not confirmed complete store revenue.
2022-07-02,43.00,gross_valid_pos_sales_excluding_cancellations,43.00,0.00,43.00,43.00,,0.00,mdb_valid_pos_sales,megamanagepro-20260820T172552Z-1-001.zip::megamanagepro/DbPos.mdb,verified_mdb_journal_match,ManagementPro-recorded sales only; not confirmed complete store revenue.
2022-07-04,204.50,gross_valid_pos_sales_excluding_cancellations,204.50,0.00,204.50,204.50,,0.00,mdb_valid_pos_sales,megamanagepro-20260820T172552Z-1-001.zip::megamanagepro/DbPos.mdb,verified_mdb_journal_match,ManagementPro-recorded sales only; not confirmed complete store revenue.
2022-07-05,100.50,gross_valid_pos_sales_excluding_cancellations,100.50,0.00,100.50,100.50,,0.00,mdb_valid_pos_sales,megamanagepro-20260820T172552Z-1-001.zip::megamanagepro/DbPos.mdb,verified_mdb_journal_match,ManagementPro-recorded sales only; not confirmed complete store revenue.
2022-07-06,478.50,gross_valid_pos_sales_excluding_cancellations,478.50,0.00,478.50,478.50,,0.00,mdb_valid_pos_sales,megamanagepro-20260820T172552Z-1-001.zip::megamanagepro/DbPos.mdb,verified_mdb_journal_match,ManagementPro-recorded sales only; not confirmed complete store revenue.
2022-07-07,697.50,gross_valid_pos_sales_excluding_cancellations,697.50,0.00,697.50,697.50,,0.00,mdb_valid_pos_sales,megamanagepro-20260820T172552Z-1-001.zip::megamanagepro/DbPos.mdb,verified_mdb_journal_match,ManagementPro-recorded sales only; not confirmed complete store revenue.
2022-07-08,290.50,gross_valid_pos_sales_excluding_cancellations,290.50,0.00,290.50,290.50,,0.00,mdb_valid_pos_sales,megamanagepro-20260820T172552Z-1-001.zip::megamanagepro/DbPos.mdb,verified_mdb_journal_match,ManagementPro-recorded sales only; not confirmed complete store revenue.
2022-07-09,78.00,gross_valid_pos_sales_excluding_cancellations,78.00,0.00,78.00,78.00,,0.00,mdb_valid_pos_sales,megamanagepro-20260820T172552Z-1-001.zip::megamanagepro/DbPos.mdb,verified_mdb_journal_match,ManagementPro-recorded sales only; not confirmed complete store revenue.
2022-07-11,326.00,gross_valid_pos_sales_excluding_cancellations,326.00,0.00,326.00,326.00,,0.00,mdb_valid_pos_sales,megamanagepro-20260820T172552Z-1-001.zip::megamanagepro/DbPos.mdb,verified_mdb_journal_match,ManagementPro-recorded sales only; not confirmed complete store revenue.
2022-07-12,328.00,gross_valid_pos_sales_excluding_cancellations,328.00,0.00,328.00,328.00,,0.00,mdb_valid_pos_sales,megamanagepro-20260820T172552Z-1-001.zip::megamanagepro/DbPos.mdb,verified_mdb_journal_match,ManagementPro-recorded sales only; not confirmed complete store revenue.
2022-07-13,321.00,gross_valid_pos_sales_excluding_cancellations,321.00,0.00,321.00,321.00,,0.00,mdb_valid_pos_sales,megamanagepro-20260820T172552Z-1-001.zip::megamanagepro/DbPos.mdb,verified_mdb_journal_match,ManagementPro-recorded sales only; not confirmed complete store revenue.
2022-07-14,290.00,gross_valid_pos_sales_excluding_cancellations,290.00,0.00,290.00,290.00,,0.00,mdb_valid_pos_sales,megamanagepro-20260820T172552Z-1-001.zip::megamanagepro/DbPos.mdb,verified_mdb_journal_match,ManagementPro-recorded sales only; not confirmed complete store revenue.
2022-07-15,636.00,gross_valid_pos_sales_excluding_cancellations,636.00,0.00,636.00,636.00,,0.00,mdb_valid_pos_sales,megamanagepro-20260820T172552Z-1-001.zip::megamanagepro/DbPos.mdb,verified_mdb_journal_match,ManagementPro-recorded sales only; not confirmed complete store revenue.
2022-07-18,529.50,gross_valid_pos_sales_excluding_cancellations,529.50,0.00,529.50,529.50,,0.00,mdb_valid_pos_sales,megamanagepro-20260820T172552Z-1-001.zip::megamanagepro/DbPos.mdb,verified_mdb_journal_match,ManagementPro-recorded sales only; not confirmed complete store revenue.
2022-07-19,76.00,gross_valid_pos_sales_excluding_cancellations,76.00,0.00,76.00,76.00,,0.00,mdb_valid_pos_sales,megamanagepro-20260820T172552Z-1-001.zip::megamanagepro/DbPos.mdb,verified_mdb_journal_match,ManagementPro-recorded sales only; not confirmed complete store revenue.
2022-07-20,300.00,gross_valid_pos_sales_excluding_cancellations,300.00,0.00,300.00,300.00,,0.00,mdb_valid_pos_sales,megamanagepro-20260820T172552Z-1-001.zip::megamanagepro/DbPos.mdb,verified_mdb_journal_match,ManagementPro-recorded sales only; not confirmed complete store revenue.
2022-07-21,200.50,gross_valid_pos_sales_excluding_cancellations,200.50,0.00,200.50,200.50,,0.00,mdb_valid_pos_sales,megamanagepro-20260820T172552Z-1-001.zip::megamanagepro/DbPos.mdb,verified_mdb_journal_match,ManagementPro-recorded sales only; not confirmed complete store revenue.
2022-07-22,207.00,gross_valid_pos_sales_excluding_cancellations,207.00,0.00,207.00,207.00,,0.00,mdb_valid_pos_sales,megamanagepro-20260820T172552Z-1-001.zip::megamanagepro/DbPos.mdb,verified_mdb_journal_match,ManagementPro-recorded sales only; not confirmed complete store revenue.
2022-07-25,306.00,gross_valid_pos_sales_excluding_cancellations,306.00,0.00,306.00,306.00,,0.00,mdb_valid_pos_sales,megamanagepro-20260820T172552Z-1-001.zip::megamanagepro/DbPos.mdb,verified_mdb_journal_match,ManagementPro-recorded sales only; not confirmed complete store revenue.
2022-07-26,181.50,gross_valid_pos_sales_excluding_cancellations,181.50,0.00,181.50,181.50,,0.00,mdb_valid_pos_sales,megamanagepro-20260820T172552Z-1-001.zip::megamanagepro/DbPos.mdb,verified_mdb_journal_match,ManagementPro-recorded sales only; not confirmed complete store revenue.
2022-07-27,89.00,gross_valid_pos_sales_excluding_cancellations,89.00,0.00,89.00,89.00,,0.00,mdb_valid_pos_sales,megamanagepro-20260820T172552Z-1-001.zip::megamanagepro/DbPos.mdb,verified_mdb_journal_match,ManagementPro-recorded sales only; not confirmed complete store revenue.
2022-07-28,481.00,gross_valid_pos_sales_excluding_cancellations,481.00,0.00,481.00,481.00,,0.00,mdb_valid_pos_sales,megamanagepro-20260820T172552Z-1-001.zip::megamanagepro/DbPos.mdb,verified_mdb_journal_match,ManagementPro-recorded sales only; not confirmed complete store revenue.
2022-07-29,397.50,gross_valid_pos_sales_excluding_cancellations,397.50,0.00,397.50,397.50,,0.00,mdb_valid_pos_sales,megamanagepro-20260820T172552Z-1-001.zip::megamanagepro/DbPos.mdb,verified_mdb_journal_match,ManagementPro-recorded sales only; not confirmed complete store revenue.
2022-08-01,241.50,gross_valid_pos_sales_excluding_cancellations,241.50,0.00,241.50,241.50,,0.00,mdb_valid_pos_sales,megamanagepro-20260820T172552Z-1-001.zip::megamanagepro/DbPos.mdb,verified_mdb_journal_match,ManagementPro-recorded sales only; not confirmed complete store revenue.
2022-08-02,250.50,gross_valid_pos_sales_excluding_cancellations,250.50,0.00,250.50,250.50,,0.00,mdb_valid_pos_sales,megamanagepro-20260820T172552Z-1-001.zip::megamanagepro/DbPos.mdb,verified_mdb_journal_match,ManagementPro-recorded sales only; not confirmed complete store revenue.
2022-08-03,174.00,gross_valid_pos_sales_excluding_cancellations,174.00,0.00,174.00,174.00,,0.00,mdb_valid_pos_sales,megamanagepro-20260820T172552Z-1-001.zip::megamanagepro/DbPos.mdb,verified_mdb_journal_match,ManagementPro-recorded sales only; not confirmed complete store revenue.
2022-08-04,68.00,gross_valid_pos_sales_excluding_cancellations,68.00,0.00,68.00,68.00,,0.00,mdb_valid_pos_sales,megamanagepro-20260820T172552Z-1-001.zip::megamanagepro/DbPos.mdb,verified_mdb_journal_match,ManagementPro-recorded sales only; not confirmed complete store revenue.
2022-08-05,150.50,gross_valid_pos_sales_excluding_cancellations,150.50,0.00,150.50,150.50,,0.00,mdb_valid_pos_sales,megamanagepro-20260820T172552Z-1-001.zip::megamanagepro/DbPos.mdb,verified_mdb_journal_match,ManagementPro-recorded sales only; not confirmed complete store revenue.
2022-08-08,395.00,gross_valid_pos_sales_excluding_cancellations,395.00,0.00,395.00,395.00,,0.00,mdb_valid_pos_sales,megamanagepro-20260820T172552Z-1-001.zip::megamanagepro/DbPos.mdb,verified_mdb_journal_match,ManagementPro-recorded sales only; not confirmed complete store revenue.
2022-08-09,142.00,gross_valid_pos_sales_excluding_cancellations,142.00,0.00,142.00,142.00,,0.00,mdb_valid_pos_sales,megamanagepro-20260820T172552Z-1-001.zip::megamanagepro/DbPos.mdb,verified_mdb_journal_match,ManagementPro-recorded sales only; not confirmed complete store revenue.
2022-08-10,312.50,gross_valid_pos_sales_excluding_cancellations,312.50,0.00,312.50,312.50,,0.00,mdb_valid_pos_sales,megamanagepro-20260820T172552Z-1-001.zip::megamanagepro/DbPos.mdb,verified_mdb_journal_match,ManagementPro-recorded sales only; not confirmed complete store revenue.
2022-08-11,164.00,gross_valid_pos_sales_excluding_cancellations,164.00,0.00,164.00,164.00,,0.00,mdb_valid_pos_sales,megamanagepro-20260820T172552Z-1-001.zip::megamanagepro/DbPos.mdb,verified_mdb_journal_match,ManagementPro-recorded sales only; not confirmed complete store revenue.
2022-08-12,524.00,gross_valid_pos_sales_excluding_cancellations,524.00,0.00,524.00,524.00,,0.00,mdb_valid_pos_sales,megamanagepro-20260820T172552Z-1-001.zip::megamanagepro/DbPos.mdb,verified_mdb_journal_match,ManagementPro-recorded sales only; not confirmed complete store revenue.
2022-08-15,287.00,gross_valid_pos_sales_excluding_cancellations,287.00,0.00,287.00,287.00,,0.00,mdb_valid_pos_sales,megamanagepro-20260820T172552Z-1-001.zip::megamanagepro/DbPos.mdb,verified_mdb_journal_match,ManagementPro-recorded sales only; not confirmed complete store revenue.
2022-08-16,540.00,gross_valid_pos_sales_excluding_cancellations,540.00,0.00,540.00,540.00,,0.00,mdb_valid_pos_sales,megamanagepro-20260820T172552Z-1-001.zip::megamanagepro/DbPos.mdb,verified_mdb_journal_match,ManagementPro-recorded sales only; not confirmed complete store revenue.
2022-08-17,600.00,gross_valid_pos_sales_excluding_cancellations,600.00,0.00,600.00,600.00,,0.00,mdb_valid_pos_sales,megamanagepro-20260820T172552Z-1-001.zip::megamanagepro/DbPos.mdb,verified_mdb_journal_match,ManagementPro-recorded sales only; not confirmed complete store revenue.
2022-08-18,352.50,gross_valid_pos_sales_excluding_cancellations,352.50,0.00,352.50,352.50,,0.00,mdb_valid_pos_sales,megamanagepro-20260820T172552Z-1-001.zip::megamanagepro/DbPos.mdb,verified_mdb_journal_match,ManagementPro-recorded sales only; not confirmed complete store revenue.
2022-08-19,129.50,gross_valid_pos_sales_excluding_cancellations,129.50,0.00,129.50,129.50,,0.00,mdb_valid_pos_sales,megamanagepro-20260820T172552Z-1-001.zip::megamanagepro/DbPos.mdb,verified_mdb_journal_match,ManagementPro-recorded sales only; not confirmed complete store revenue.
2022-08-22,252.00,gross_valid_pos_sales_excluding_cancellations,252.00,0.00,252.00,252.00,,0.00,mdb_valid_pos_sales,megamanagepro-20260820T172552Z-1-001.zip::megamanagepro/DbPos.mdb,verified_mdb_journal_match,ManagementPro-recorded sales only; not confirmed complete store revenue.
2022-08-23,837.50,gross_valid_pos_sales_excluding_cancellations,837.50,0.00,837.50,837.50,,0.00,mdb_valid_pos_sales,megamanagepro-20260820T172552Z-1-001.zip::megamanagepro/DbPos.mdb,verified_mdb_journal_match,ManagementPro-recorded sales only; not confirmed complete store revenue.
2022-08-24,318.50,gross_valid_pos_sales_excluding_cancellations,318.50,0.00,318.50,318.50,,0.00,mdb_valid_pos_sales,megamanagepro-20260820T172552Z-1-001.zip::megamanagepro/DbPos.mdb,verified_mdb_journal_match,ManagementPro-recorded sales only; not confirmed complete store revenue.
2022-08-25,513.00,gross_valid_pos_sales_excluding_cancellations,513.00,0.00,513.00,513.00,,0.00,mdb_valid_pos_sales,megamanagepro-20260820T172552Z-1-001.zip::megamanagepro/DbPos.mdb,verified_mdb_journal_match,ManagementPro-recorded sales only; not confirmed complete store revenue.
2022-08-26,666.00,gross_valid_pos_sales_excluding_cancellations,666.00,0.00,666.00,666.00,,0.00,mdb_valid_pos_sales,megamanagepro-20260820T172552Z-1-001.zip::megamanagepro/DbPos.mdb,verified_mdb_journal_match,ManagementPro-recorded sales only; not confirmed complete store revenue.
2022-08-27,286.00,gross_valid_pos_sales_excluding_cancellations,286.00,0.00,286.00,286.00,,0.00,mdb_valid_pos_sales,megamanagepro-20260820T172552Z-1-001.zip::megamanagepro/DbPos.mdb,verified_mdb_journal_match,ManagementPro-recorded sales only; not confirmed complete store revenue.
2022-08-29,609.00,gross_valid_pos_sales_excluding_cancellations,609.00,0.00,609.00,445.00,,164.00,mdb_valid_pos_sales,megamanagepro-20260820T172552Z-1-001.zip::megamanagepro/DbPos.mdb,review_mdb_journal_difference,ManagementPro-recorded sales only; not confirmed complete store revenue. Authoritative MDB differs from journal audit by 164.00 MXN.
2022-08-30,,unresolved_journal_candidate,,,,164.00,,,journal_completed_sales,mpro-pos-20260820T172538Z-1-001.zip::mpro-pos/JOURNAL/00010120220830.jrn,review_possible_date_shift_duplicate,ManagementPro-recorded sales only; not confirmed complete store revenue. Candidate amount is preserved in journal_sales_mxn but intentionally excluded from amount_mxn pending date/duplicate review. No corresponding valid Venta rows in the canonical MDB; retained from the journal audit.
2022-08-31,178.50,gross_valid_pos_sales_excluding_cancellations,178.50,0.00,178.50,178.50,,0.00,mdb_valid_pos_sales,megamanagepro-20260820T172552Z-1-001.zip::megamanagepro/DbPos.mdb,verified_mdb_journal_match,ManagementPro-recorded sales only; not confirmed complete store revenue.
2022-09-01,601.50,gross_valid_pos_sales_excluding_cancellations,601.50,0.00,601.50,601.50,,0.00,mdb_valid_pos_sales,megamanagepro-20260820T172552Z-1-001.zip::megamanagepro/DbPos.mdb,verified_mdb_journal_match,ManagementPro-recorded sales only; not confirmed complete store revenue.
2022-09-02,657.50,gross_valid_pos_sales_excluding_cancellations,657.50,0.00,657.50,657.50,,0.00,mdb_valid_pos_sales,megamanagepro-20260820T172552Z-1-001.zip::megamanagepro/DbPos.mdb,verified_mdb_journal_match,ManagementPro-recorded sales only; not confirmed complete store revenue.
2022-09-03,96.00,gross_valid_pos_sales_excluding_cancellations,96.00,0.00,96.00,96.00,,0.00,mdb_valid_pos_sales,megamanagepro-20260820T172552Z-1-001.zip::megamanagepro/DbPos.mdb,verified_mdb_journal_match,ManagementPro-recorded sales only; not confirmed complete store revenue.
2022-09-05,294.00,gross_valid_pos_sales_excluding_cancellations,294.00,0.00,294.00,294.00,,0.00,mdb_valid_pos_sales,megamanagepro-20260820T172552Z-1-001.zip::megamanagepro/DbPos.mdb,verified_mdb_journal_match,ManagementPro-recorded sales only; not confirmed complete store revenue.
2022-09-06,601.00,gross_valid_pos_sales_excluding_cancellations,601.00,0.00,601.00,601.00,,0.00,mdb_valid_pos_sales,megamanagepro-20260820T172552Z-1-001.zip::megamanagepro/DbPos.mdb,verified_mdb_journal_match,ManagementPro-recorded sales only; not confirmed complete store revenue.
2022-09-07,133.00,gross_valid_pos_sales_excluding_cancellations,133.00,0.00,133.00,133.00,,0.00,mdb_valid_pos_sales,megamanagepro-20260820T172552Z-1-001.zip::megamanagepro/DbPos.mdb,verified_mdb_journal_match,ManagementPro-recorded sales only; not confirmed complete store revenue.
2022-09-08,471.00,gross_valid_pos_sales_excluding_cancellations,471.00,0.00,471.00,471.00,,0.00,mdb_valid_pos_sales,megamanagepro-20260820T172552Z-1-001.zip::megamanagepro/DbPos.mdb,verified_mdb_journal_match,ManagementPro-recorded sales only; not confirmed complete store revenue.
2022-09-09,227.50,gross_valid_pos_sales_excluding_cancellations,227.50,0.00,227.50,227.50,,0.00,mdb_valid_pos_sales,megamanagepro-20260820T172552Z-1-001.zip::megamanagepro/DbPos.mdb,verified_mdb_journal_match,ManagementPro-recorded sales only; not confirmed complete store revenue.
2022-09-10,177.00,gross_valid_pos_sales_excluding_cancellations,177.00,0.00,177.00,177.00,,0.00,mdb_valid_pos_sales,megamanagepro-20260820T172552Z-1-001.zip::megamanagepro/DbPos.mdb,verified_mdb_journal_match,ManagementPro-recorded sales only; not confirmed complete store revenue.
2022-09-12,698.50,gross_valid_pos_sales_excluding_cancellations,698.50,0.00,698.50,698.50,,0.00,mdb_valid_pos_sales,megamanagepro-20260820T172552Z-1-001.zip::megamanagepro/DbPos.mdb,verified_mdb_journal_match,ManagementPro-recorded sales only; not confirmed complete store revenue.
2022-09-13,318.00,gross_valid_pos_sales_excluding_cancellations,318.00,0.00,318.00,318.00,,0.00,mdb_valid_pos_sales,megamanagepro-20260820T172552Z-1-001.zip::megamanagepro/DbPos.mdb,verified_mdb_journal_match,ManagementPro-recorded sales only; not confirmed complete store revenue.
2022-09-14,193.50,gross_valid_pos_sales_excluding_cancellations,193.50,0.00,193.50,154.50,,39.00,mdb_valid_pos_sales,megamanagepro-20260820T172552Z-1-001.zip::megamanagepro/DbPos.mdb,review_mdb_journal_difference,ManagementPro-recorded sales only; not confirmed complete store revenue. Authoritative MDB differs from journal audit by 39.00 MXN.
2022-09-15,33.00,gross_valid_pos_sales_excluding_cancellations,33.00,0.00,33.00,33.00,,0.00,mdb_valid_pos_sales,megamanagepro-20260820T172552Z-1-001.zip::megamanagepro/DbPos.mdb,verified_mdb_journal_match,ManagementPro-recorded sales only; not confirmed complete store revenue.
2022-09-17,423.50,gross_valid_pos_sales_excluding_cancellations,423.50,0.00,423.50,423.50,,0.00,mdb_valid_pos_sales,megamanagepro-20260820T172552Z-1-001.zip::megamanagepro/DbPos.mdb,verified_mdb_journal_match,ManagementPro-recorded sales only; not confirmed complete store revenue.
2022-09-19,197.00,gross_valid_pos_sales_excluding_cancellations,197.00,0.00,197.00,197.00,,0.00,mdb_valid_pos_sales,megamanagepro-20260820T172552Z-1-001.zip::megamanagepro/DbPos.mdb,verified_mdb_journal_match,ManagementPro-recorded sales only; not confirmed complete store revenue.
2022-09-20,319.50,gross_valid_pos_sales_excluding_cancellations,319.50,0.00,319.50,319.50,,0.00,mdb_valid_pos_sales,megamanagepro-20260820T172552Z-1-001.zip::megamanagepro/DbPos.mdb,verified_mdb_journal_match,ManagementPro-recorded sales only; not confirmed complete store revenue.
2022-09-21,182.00,gross_valid_pos_sales_excluding_cancellations,182.00,0.00,182.00,182.00,,0.00,mdb_valid_pos_sales,megamanagepro-20260820T172552Z-1-001.zip::megamanagepro/DbPos.mdb,verified_mdb_journal_match,ManagementPro-recorded sales only; not confirmed complete store revenue.
2022-09-22,308.50,gross_valid_pos_sales_excluding_cancellations,308.50,0.00,308.50,308.50,,0.00,mdb_valid_pos_sales,megamanagepro-20260820T172552Z-1-001.zip::megamanagepro/DbPos.mdb,verified_mdb_journal_match,ManagementPro-recorded sales only; not confirmed complete store revenue.
2022-09-23,481.00,gross_valid_pos_sales_excluding_cancellations,481.00,0.00,481.00,481.00,,0.00,mdb_valid_pos_sales,megamanagepro-20260820T172552Z-1-001.zip::megamanagepro/DbPos.mdb,verified_mdb_journal_match,ManagementPro-recorded sales only; not confirmed complete store revenue.
2022-09-24,263.00,gross_valid_pos_sales_excluding_cancellations,263.00,0.00,263.00,263.00,,0.00,mdb_valid_pos_sales,megamanagepro-20260820T172552Z-1-001.zip::megamanagepro/DbPos.mdb,verified_mdb_journal_match,ManagementPro-recorded sales only; not confirmed complete store revenue.
2022-09-26,183.00,gross_valid_pos_sales_excluding_cancellations,183.00,0.00,183.00,183.00,,0.00,mdb_valid_pos_sales,megamanagepro-20260820T172552Z-1-001.zip::megamanagepro/DbPos.mdb,verified_mdb_journal_match,ManagementPro-recorded sales only; not confirmed complete store revenue.
2022-09-27,234.00,gross_valid_pos_sales_excluding_cancellations,234.00,0.00,234.00,234.00,,0.00,mdb_valid_pos_sales,megamanagepro-20260820T172552Z-1-001.zip::megamanagepro/DbPos.mdb,verified_mdb_journal_match,ManagementPro-recorded sales only; not confirmed complete store revenue.
2022-09-28,999.00,gross_valid_pos_sales_excluding_cancellations,999.00,0.00,999.00,999.00,,0.00,mdb_valid_pos_sales,megamanagepro-20260820T172552Z-1-001.zip::megamanagepro/DbPos.mdb,verified_mdb_journal_match,ManagementPro-recorded sales only; not confirmed complete store revenue.
2022-09-29,798.00,gross_valid_pos_sales_excluding_cancellations,798.00,0.00,798.00,798.00,,0.00,mdb_valid_pos_sales,megamanagepro-20260820T172552Z-1-001.zip::megamanagepro/DbPos.mdb,verified_mdb_journal_match,ManagementPro-recorded sales only; not confirmed complete store revenue.
2022-09-30,249.00,gross_valid_pos_sales_excluding_cancellations,249.00,0.00,249.00,249.00,,0.00,mdb_valid_pos_sales,megamanagepro-20260820T172552Z-1-001.zip::megamanagepro/DbPos.mdb,verified_mdb_journal_match,ManagementPro-recorded sales only; not confirmed complete store revenue.
2022-10-01,141.50,gross_valid_pos_sales_excluding_cancellations,141.50,0.00,141.50,141.50,,0.00,mdb_valid_pos_sales,megamanagepro-20260820T172552Z-1-001.zip::megamanagepro/DbPos.mdb,verified_mdb_journal_match,ManagementPro-recorded sales only; not confirmed complete store revenue.
2022-10-03,305.50,gross_valid_pos_sales_excluding_cancellations,305.50,0.00,305.50,305.50,,0.00,mdb_valid_pos_sales,megamanagepro-20260820T172552Z-1-001.zip::megamanagepro/DbPos.mdb,verified_mdb_journal_match,ManagementPro-recorded sales only; not confirmed complete store revenue.
2022-10-04,455.50,gross_valid_pos_sales_excluding_cancellations,455.50,0.00,455.50,455.50,,0.00,mdb_valid_pos_sales,megamanagepro-20260820T172552Z-1-001.zip::megamanagepro/DbPos.mdb,verified_mdb_journal_match,ManagementPro-recorded sales only; not confirmed complete store revenue.
2022-10-05,713.50,gross_valid_pos_sales_excluding_cancellations,713.50,0.00,713.50,713.50,,0.00,mdb_valid_pos_sales,megamanagepro-20260820T172552Z-1-001.zip::megamanagepro/DbPos.mdb,verified_mdb_journal_match,ManagementPro-recorded sales only; not confirmed complete store revenue.
2022-10-06,280.50,gross_valid_pos_sales_excluding_cancellations,280.50,0.00,280.50,280.50,,0.00,mdb_valid_pos_sales,megamanagepro-20260820T172552Z-1-001.zip::megamanagepro/DbPos.mdb,verified_mdb_journal_match,ManagementPro-recorded sales only; not confirmed complete store revenue.
2022-10-07,375.50,gross_valid_pos_sales_excluding_cancellations,375.50,0.00,375.50,375.50,,0.00,mdb_valid_pos_sales,megamanagepro-20260820T172552Z-1-001.zip::megamanagepro/DbPos.mdb,verified_mdb_journal_match,ManagementPro-recorded sales only; not confirmed complete store revenue.
2022-10-08,100.00,gross_valid_pos_sales_excluding_cancellations,100.00,0.00,100.00,100.00,,0.00,mdb_valid_pos_sales,megamanagepro-20260820T172552Z-1-001.zip::megamanagepro/DbPos.mdb,verified_mdb_journal_match,ManagementPro-recorded sales only; not confirmed complete store revenue.
2022-10-10,666.50,gross_valid_pos_sales_excluding_cancellations,666.50,0.00,666.50,666.50,,0.00,mdb_valid_pos_sales,megamanagepro-20260820T172552Z-1-001.zip::megamanagepro/DbPos.mdb,verified_mdb_journal_match,ManagementPro-recorded sales only; not confirmed complete store revenue.
2022-10-11,218.50,gross_valid_pos_sales_excluding_cancellations,218.50,0.00,218.50,218.50,,0.00,mdb_valid_pos_sales,megamanagepro-20260820T172552Z-1-001.zip::megamanagepro/DbPos.mdb,verified_mdb_journal_match,ManagementPro-recorded sales only; not confirmed complete store revenue.
2022-10-13,444.50,gross_valid_pos_sales_excluding_cancellations,444.50,0.00,444.50,444.50,,0.00,mdb_valid_pos_sales,megamanagepro-20260820T172552Z-1-001.zip::megamanagepro/DbPos.mdb,verified_mdb_journal_match,ManagementPro-recorded sales only; not confirmed complete store revenue.
2022-10-14,746.50,gross_valid_pos_sales_excluding_cancellations,746.50,0.00,746.50,746.50,,0.00,mdb_valid_pos_sales,megamanagepro-20260820T172552Z-1-001.zip::megamanagepro/DbPos.mdb,verified_mdb_journal_match,ManagementPro-recorded sales only; not confirmed complete store revenue.
2022-10-15,175.00,gross_valid_pos_sales_excluding_cancellations,175.00,0.00,175.00,33.00,,142.00,mdb_valid_pos_sales,megamanagepro-20260820T172552Z-1-001.zip::megamanagepro/DbPos.mdb,review_mdb_journal_difference,ManagementPro-recorded sales only; not confirmed complete store revenue. Authoritative MDB differs from journal audit by 142.00 MXN.
2022-10-17,,unresolved_journal_candidate,,,,142.00,,,journal_completed_sales,mpro-pos-20260820T172538Z-1-001.zip::mpro-pos/JOURNAL/00010120221017.jrn,review_possible_date_shift_duplicate,ManagementPro-recorded sales only; not confirmed complete store revenue. Candidate amount is preserved in journal_sales_mxn but intentionally excluded from amount_mxn pending date/duplicate review. No corresponding valid Venta rows in the canonical MDB; retained from the journal audit.
2022-10-18,488.00,gross_valid_pos_sales_excluding_cancellations,488.00,0.00,488.00,488.00,,0.00,mdb_valid_pos_sales,megamanagepro-20260820T172552Z-1-001.zip::megamanagepro/DbPos.mdb,verified_mdb_journal_match,ManagementPro-recorded sales only; not confirmed complete store revenue.
2022-10-19,306.50,gross_valid_pos_sales_excluding_cancellations,306.50,0.00,306.50,306.50,,0.00,mdb_valid_pos_sales,megamanagepro-20260820T172552Z-1-001.zip::megamanagepro/DbPos.mdb,verified_mdb_journal_match,ManagementPro-recorded sales only; not confirmed complete store revenue.
2022-10-20,456.50,gross_valid_pos_sales_excluding_cancellations,456.50,0.00,456.50,260.00,,196.50,mdb_valid_pos_sales,megamanagepro-20260820T172552Z-1-001.zip::megamanagepro/DbPos.mdb,review_mdb_journal_difference,ManagementPro-recorded sales only; not confirmed complete store revenue. Authoritative MDB differs from journal audit by 196.50 MXN.
2022-10-21,,unresolved_journal_candidate,,,,196.50,,,journal_completed_sales,mpro-pos-20260820T172538Z-1-001.zip::mpro-pos/JOURNAL/00010120221021.jrn,review_possible_date_shift_duplicate,ManagementPro-recorded sales only; not confirmed complete store revenue. Candidate amount is preserved in journal_sales_mxn but intentionally excluded from amount_mxn pending date/duplicate review. No corresponding valid Venta rows in the canonical MDB; retained from the journal audit.
2022-10-22,511.50,gross_valid_pos_sales_excluding_cancellations,511.50,0.00,511.50,511.50,,0.00,mdb_valid_pos_sales,megamanagepro-20260820T172552Z-1-001.zip::megamanagepro/DbPos.mdb,verified_mdb_journal_match,ManagementPro-recorded sales only; not confirmed complete store revenue.
2022-10-24,535.00,gross_valid_pos_sales_excluding_cancellations,535.00,0.00,535.00,535.00,,0.00,mdb_valid_pos_sales,megamanagepro-20260820T172552Z-1-001.zip::megamanagepro/DbPos.mdb,verified_mdb_journal_match,ManagementPro-recorded sales only; not confirmed complete store revenue.
2022-10-25,449.50,gross_valid_pos_sales_excluding_cancellations,449.50,0.00,449.50,449.50,,0.00,mdb_valid_pos_sales,megamanagepro-20260820T172552Z-1-001.zip::megamanagepro/DbPos.mdb,verified_mdb_journal_match,ManagementPro-recorded sales only; not confirmed complete store revenue.
2022-10-26,775.50,gross_valid_pos_sales_excluding_cancellations,775.50,0.00,775.50,775.50,,0.00,mdb_valid_pos_sales,megamanagepro-20260820T172552Z-1-001.zip::megamanagepro/DbPos.mdb,verified_mdb_journal_match,ManagementPro-recorded sales only; not confirmed complete store revenue.
2022-10-27,708.50,gross_valid_pos_sales_excluding_cancellations,708.50,0.00,708.50,708.50,,0.00,mdb_valid_pos_sales,megamanagepro-20260820T172552Z-1-001.zip::megamanagepro/DbPos.mdb,verified_mdb_journal_match,ManagementPro-recorded sales only; not confirmed complete store revenue.
2022-10-28,559.00,gross_valid_pos_sales_excluding_cancellations,559.00,0.00,559.00,559.00,,0.00,mdb_valid_pos_sales,megamanagepro-20260820T172552Z-1-001.zip::megamanagepro/DbPos.mdb,verified_mdb_journal_match,ManagementPro-recorded sales only; not confirmed complete store revenue.
2022-10-29,197.00,gross_valid_pos_sales_excluding_cancellations,197.00,0.00,197.00,197.00,,0.00,mdb_valid_pos_sales,megamanagepro-20260820T172552Z-1-001.zip::megamanagepro/DbPos.mdb,verified_mdb_journal_match,ManagementPro-recorded sales only; not confirmed complete store revenue.
2022-10-31,560.00,gross_valid_pos_sales_excluding_cancellations,560.00,0.00,560.00,560.00,,0.00,mdb_valid_pos_sales,megamanagepro-20260820T172552Z-1-001.zip::megamanagepro/DbPos.mdb,verified_mdb_journal_match,ManagementPro-recorded sales only; not confirmed complete store revenue.
2022-11-01,52.00,gross_valid_pos_sales_excluding_cancellations,52.00,0.00,52.00,52.00,,0.00,mdb_valid_pos_sales,megamanagepro-20260820T172552Z-1-001.zip::megamanagepro/DbPos.mdb,verified_mdb_journal_match,ManagementPro-recorded sales only; not confirmed complete store revenue.
2022-11-03,261.50,gross_valid_pos_sales_excluding_cancellations,261.50,0.00,261.50,261.50,,0.00,mdb_valid_pos_sales,megamanagepro-20260820T172552Z-1-001.zip::megamanagepro/DbPos.mdb,verified_mdb_journal_match,ManagementPro-recorded sales only; not confirmed complete store revenue.
2022-11-04,105.00,gross_valid_pos_sales_excluding_cancellations,105.00,0.00,105.00,105.00,,0.00,mdb_valid_pos_sales,megamanagepro-20260820T172552Z-1-001.zip::megamanagepro/DbPos.mdb,verified_mdb_journal_match,ManagementPro-recorded sales only; not confirmed complete store revenue.
2022-11-05,70.50,gross_valid_pos_sales_excluding_cancellations,70.50,0.00,70.50,70.50,,0.00,mdb_valid_pos_sales,megamanagepro-20260820T172552Z-1-001.zip::megamanagepro/DbPos.mdb,verified_mdb_journal_match,ManagementPro-recorded sales only; not confirmed complete store revenue.
2022-11-07,446.50,gross_valid_pos_sales_excluding_cancellations,446.50,0.00,446.50,446.50,,0.00,mdb_valid_pos_sales,megamanagepro-20260820T172552Z-1-001.zip::megamanagepro/DbPos.mdb,verified_mdb_journal_match,ManagementPro-recorded sales only; not confirmed complete store revenue.
2022-11-08,374.50,gross_valid_pos_sales_excluding_cancellations,374.50,0.00,374.50,374.50,,0.00,mdb_valid_pos_sales,megamanagepro-20260820T172552Z-1-001.zip::megamanagepro/DbPos.mdb,verified_mdb_journal_match,ManagementPro-recorded sales only; not confirmed complete store revenue.
2022-11-09,285.00,gross_valid_pos_sales_excluding_cancellations,285.00,0.00,285.00,285.00,,0.00,mdb_valid_pos_sales,megamanagepro-20260820T172552Z-1-001.zip::megamanagepro/DbPos.mdb,verified_mdb_journal_match,ManagementPro-recorded sales only; not confirmed complete store revenue.
2022-11-10,132.00,gross_valid_pos_sales_excluding_cancellations,132.00,0.00,132.00,132.00,,0.00,mdb_valid_pos_sales,megamanagepro-20260820T172552Z-1-001.zip::megamanagepro/DbPos.mdb,verified_mdb_journal_match,ManagementPro-recorded sales only; not confirmed complete store revenue.
2022-11-11,287.00,gross_valid_pos_sales_excluding_cancellations,287.00,0.00,287.00,287.00,,0.00,mdb_valid_pos_sales,megamanagepro-20260820T172552Z-1-001.zip::megamanagepro/DbPos.mdb,verified_mdb_journal_match,ManagementPro-recorded sales only; not confirmed complete store revenue.
2022-11-12,81.00,gross_valid_pos_sales_excluding_cancellations,81.00,0.00,81.00,81.00,,0.00,mdb_valid_pos_sales,megamanagepro-20260820T172552Z-1-001.zip::megamanagepro/DbPos.mdb,verified_mdb_journal_match,ManagementPro-recorded sales only; not confirmed complete store revenue.
2022-11-14,39.00,gross_valid_pos_sales_excluding_cancellations,39.00,0.00,39.00,39.00,,0.00,mdb_valid_pos_sales,megamanagepro-20260820T172552Z-1-001.zip::megamanagepro/DbPos.mdb,verified_mdb_journal_match,ManagementPro-recorded sales only; not confirmed complete store revenue.
2022-11-15,140.50,gross_valid_pos_sales_excluding_cancellations,140.50,0.00,140.50,140.50,,0.00,mdb_valid_pos_sales,megamanagepro-20260820T172552Z-1-001.zip::megamanagepro/DbPos.mdb,verified_mdb_journal_match,ManagementPro-recorded sales only; not confirmed complete store revenue.
2022-11-16,253.00,gross_valid_pos_sales_excluding_cancellations,253.00,0.00,253.00,253.00,,0.00,mdb_valid_pos_sales,megamanagepro-20260820T172552Z-1-001.zip::megamanagepro/DbPos.mdb,verified_mdb_journal_match,ManagementPro-recorded sales only; not confirmed complete store revenue.
2022-11-17,102.00,gross_valid_pos_sales_excluding_cancellations,102.00,0.00,102.00,102.00,,0.00,mdb_valid_pos_sales,megamanagepro-20260820T172552Z-1-001.zip::megamanagepro/DbPos.mdb,verified_mdb_journal_match,ManagementPro-recorded sales only; not confirmed complete store revenue.
2022-11-18,45.00,gross_valid_pos_sales_excluding_cancellations,45.00,0.00,45.00,45.00,,0.00,mdb_valid_pos_sales,megamanagepro-20260820T172552Z-1-001.zip::megamanagepro/DbPos.mdb,verified_mdb_journal_match,ManagementPro-recorded sales only; not confirmed complete store revenue.
2022-11-21,225.00,gross_valid_pos_sales_excluding_cancellations,225.00,0.00,225.00,225.00,,0.00,mdb_valid_pos_sales,megamanagepro-20260820T172552Z-1-001.zip::megamanagepro/DbPos.mdb,verified_mdb_journal_match,ManagementPro-recorded sales only; not confirmed complete store revenue.
2022-11-22,130.00,gross_valid_pos_sales_excluding_cancellations,130.00,0.00,130.00,130.00,,0.00,mdb_valid_pos_sales,megamanagepro-20260820T172552Z-1-001.zip::megamanagepro/DbPos.mdb,verified_mdb_journal_match,ManagementPro-recorded sales only; not confirmed complete store revenue.
2022-11-23,450.50,gross_valid_pos_sales_excluding_cancellations,450.50,0.00,450.50,450.50,,0.00,mdb_valid_pos_sales,megamanagepro-20260820T172552Z-1-001.zip::megamanagepro/DbPos.mdb,verified_mdb_journal_match,ManagementPro-recorded sales only; not confirmed complete store revenue.
2022-11-24,242.00,gross_valid_pos_sales_excluding_cancellations,242.00,0.00,242.00,242.00,,0.00,mdb_valid_pos_sales,megamanagepro-20260820T172552Z-1-001.zip::megamanagepro/DbPos.mdb,verified_mdb_journal_match,ManagementPro-recorded sales only; not confirmed complete store revenue.
2022-11-25,149.00,gross_valid_pos_sales_excluding_cancellations,149.00,0.00,149.00,149.00,,0.00,mdb_valid_pos_sales,megamanagepro-20260820T172552Z-1-001.zip::megamanagepro/DbPos.mdb,verified_mdb_journal_match,ManagementPro-recorded sales only; not confirmed complete store revenue.
2022-11-28,463.00,gross_valid_pos_sales_excluding_cancellations,463.00,0.00,463.00,463.00,,0.00,mdb_valid_pos_sales,megamanagepro-20260820T172552Z-1-001.zip::megamanagepro/DbPos.mdb,verified_mdb_journal_match,ManagementPro-recorded sales only; not confirmed complete store revenue.
2022-11-29,177.50,gross_valid_pos_sales_excluding_cancellations,177.50,0.00,177.50,177.50,,0.00,mdb_valid_pos_sales,megamanagepro-20260820T172552Z-1-001.zip::megamanagepro/DbPos.mdb,verified_mdb_journal_match,ManagementPro-recorded sales only; not confirmed complete store revenue.
2022-11-30,472.50,gross_valid_pos_sales_excluding_cancellations,472.50,0.00,472.50,472.50,,0.00,mdb_valid_pos_sales,megamanagepro-20260820T172552Z-1-001.zip::megamanagepro/DbPos.mdb,verified_mdb_journal_match,ManagementPro-recorded sales only; not confirmed complete store revenue.
2022-12-01,280.00,gross_valid_pos_sales_excluding_cancellations,280.00,0.00,280.00,280.00,,0.00,mdb_valid_pos_sales,megamanagepro-20260820T172552Z-1-001.zip::megamanagepro/DbPos.mdb,verified_mdb_journal_match,ManagementPro-recorded sales only; not confirmed complete store revenue.
2022-12-02,487.50,gross_valid_pos_sales_excluding_cancellations,487.50,0.00,487.50,487.50,,0.00,mdb_valid_pos_sales,megamanagepro-20260820T172552Z-1-001.zip::megamanagepro/DbPos.mdb,verified_mdb_journal_match,ManagementPro-recorded sales only; not confirmed complete store revenue.
2022-12-03,118.50,gross_valid_pos_sales_excluding_cancellations,118.50,0.00,118.50,118.50,,0.00,mdb_valid_pos_sales,megamanagepro-20260820T172552Z-1-001.zip::megamanagepro/DbPos.mdb,verified_mdb_journal_match,ManagementPro-recorded sales only; not confirmed complete store revenue.
2022-12-05,191.00,gross_valid_pos_sales_excluding_cancellations,191.00,0.00,191.00,191.00,,0.00,mdb_valid_pos_sales,megamanagepro-20260820T172552Z-1-001.zip::megamanagepro/DbPos.mdb,verified_mdb_journal_match,ManagementPro-recorded sales only; not confirmed complete store revenue.
2022-12-06,278.00,gross_valid_pos_sales_excluding_cancellations,278.00,0.00,278.00,278.00,,0.00,mdb_valid_pos_sales,megamanagepro-20260820T172552Z-1-001.zip::megamanagepro/DbPos.mdb,verified_mdb_journal_match,ManagementPro-recorded sales only; not confirmed complete store revenue.
2022-12-07,527.50,gross_valid_pos_sales_excluding_cancellations,527.50,0.00,527.50,527.50,,0.00,mdb_valid_pos_sales,megamanagepro-20260820T172552Z-1-001.zip::megamanagepro/DbPos.mdb,verified_mdb_journal_match,ManagementPro-recorded sales only; not confirmed complete store revenue.
2022-12-08,533.00,gross_valid_pos_sales_excluding_cancellations,533.00,0.00,533.00,533.00,,0.00,mdb_valid_pos_sales,megamanagepro-20260820T172552Z-1-001.zip::megamanagepro/DbPos.mdb,verified_mdb_journal_match,ManagementPro-recorded sales only; not confirmed complete store revenue.
2022-12-09,407.00,gross_valid_pos_sales_excluding_cancellations,407.00,0.00,407.00,407.00,,0.00,mdb_valid_pos_sales,megamanagepro-20260820T172552Z-1-001.zip::megamanagepro/DbPos.mdb,verified_mdb_journal_match,ManagementPro-recorded sales only; not confirmed complete store revenue.
2022-12-10,85.00,gross_valid_pos_sales_excluding_cancellations,85.00,0.00,85.00,85.00,,0.00,mdb_valid_pos_sales,megamanagepro-20260820T172552Z-1-001.zip::megamanagepro/DbPos.mdb,verified_mdb_journal_match,ManagementPro-recorded sales only; not confirmed complete store revenue.
2022-12-12,616.50,gross_valid_pos_sales_excluding_cancellations,616.50,0.00,616.50,616.50,,0.00,mdb_valid_pos_sales,megamanagepro-20260820T172552Z-1-001.zip::megamanagepro/DbPos.mdb,verified_mdb_journal_match,ManagementPro-recorded sales only; not confirmed complete store revenue.
2022-12-13,529.00,gross_valid_pos_sales_excluding_cancellations,529.00,0.00,529.00,529.00,,0.00,mdb_valid_pos_sales,megamanagepro-20260820T172552Z-1-001.zip::megamanagepro/DbPos.mdb,verified_mdb_journal_match,ManagementPro-recorded sales only; not confirmed complete store revenue.
2022-12-14,641.50,gross_valid_pos_sales_excluding_cancellations,641.50,0.00,641.50,641.50,,0.00,mdb_valid_pos_sales,megamanagepro-20260820T172552Z-1-001.zip::megamanagepro/DbPos.mdb,verified_mdb_journal_match,ManagementPro-recorded sales only; not confirmed complete store revenue.
2022-12-15,502.00,gross_valid_pos_sales_excluding_cancellations,502.00,0.00,502.00,502.00,,0.00,mdb_valid_pos_sales,megamanagepro-20260820T172552Z-1-001.zip::megamanagepro/DbPos.mdb,verified_mdb_journal_match,ManagementPro-recorded sales only; not confirmed complete store revenue.
2022-12-16,371.50,gross_valid_pos_sales_excluding_cancellations,371.50,0.00,371.50,371.50,,0.00,mdb_valid_pos_sales,megamanagepro-20260820T172552Z-1-001.zip::megamanagepro/DbPos.mdb,verified_mdb_journal_match,ManagementPro-recorded sales only; not confirmed complete store revenue.
2022-12-17,27.50,gross_valid_pos_sales_excluding_cancellations,27.50,0.00,27.50,27.50,,0.00,mdb_valid_pos_sales,megamanagepro-20260820T172552Z-1-001.zip::megamanagepro/DbPos.mdb,verified_mdb_journal_match,ManagementPro-recorded sales only; not confirmed complete store revenue.
2022-12-19,501.00,gross_valid_pos_sales_excluding_cancellations,501.00,0.00,501.00,501.00,,0.00,mdb_valid_pos_sales,megamanagepro-20260820T172552Z-1-001.zip::megamanagepro/DbPos.mdb,verified_mdb_journal_match,ManagementPro-recorded sales only; not confirmed complete store revenue.
2022-12-20,178.00,gross_valid_pos_sales_excluding_cancellations,178.00,0.00,178.00,178.00,,0.00,mdb_valid_pos_sales,megamanagepro-20260820T172552Z-1-001.zip::megamanagepro/DbPos.mdb,verified_mdb_journal_match,ManagementPro-recorded sales only; not confirmed complete store revenue.
2022-12-21,183.50,gross_valid_pos_sales_excluding_cancellations,183.50,0.00,183.50,183.50,,0.00,mdb_valid_pos_sales,megamanagepro-20260820T172552Z-1-001.zip::megamanagepro/DbPos.mdb,verified_mdb_journal_match,ManagementPro-recorded sales only; not confirmed complete store revenue.
2022-12-22,492.50,gross_valid_pos_sales_excluding_cancellations,492.50,0.00,492.50,492.50,,0.00,mdb_valid_pos_sales,megamanagepro-20260820T172552Z-1-001.zip::megamanagepro/DbPos.mdb,verified_mdb_journal_match,ManagementPro-recorded sales only; not confirmed complete store revenue.
2022-12-23,358.50,gross_valid_pos_sales_excluding_cancellations,358.50,0.00,358.50,358.50,,0.00,mdb_valid_pos_sales,megamanagepro-20260820T172552Z-1-001.zip::megamanagepro/DbPos.mdb,verified_mdb_journal_match,ManagementPro-recorded sales only; not confirmed complete store revenue.
2022-12-26,139.00,gross_valid_pos_sales_excluding_cancellations,139.00,0.00,139.00,139.00,,0.00,mdb_valid_pos_sales,megamanagepro-20260820T172552Z-1-001.zip::megamanagepro/DbPos.mdb,verified_mdb_journal_match,ManagementPro-recorded sales only; not confirmed complete store revenue.
2022-12-27,60.50,gross_valid_pos_sales_excluding_cancellations,60.50,0.00,60.50,60.50,,0.00,mdb_valid_pos_sales,megamanagepro-20260820T172552Z-1-001.zip::megamanagepro/DbPos.mdb,verified_mdb_journal_match,ManagementPro-recorded sales only; not confirmed complete store revenue.
2022-12-28,222.00,gross_valid_pos_sales_excluding_cancellations,222.00,0.00,222.00,222.00,,0.00,mdb_valid_pos_sales,megamanagepro-20260820T172552Z-1-001.zip::megamanagepro/DbPos.mdb,verified_mdb_journal_match,ManagementPro-recorded sales only; not confirmed complete store revenue.
2023-01-02,383.50,gross_valid_pos_sales_excluding_cancellations,383.50,0.00,383.50,383.50,608.00,0.00,mdb_valid_pos_sales,megamanagepro-20260820T172552Z-1-001.zip::megamanagepro/DbPos.mdb,verified_mdb_journal_match,ManagementPro-recorded sales only; not confirmed complete store revenue. Overlaps the notebook; keep separate pending combination decision.
2023-01-03,412.00,gross_valid_pos_sales_excluding_cancellations,412.00,0.00,412.00,412.00,431.00,0.00,mdb_valid_pos_sales,megamanagepro-20260820T172552Z-1-001.zip::megamanagepro/DbPos.mdb,verified_mdb_journal_match,ManagementPro-recorded sales only; not confirmed complete store revenue. Overlaps the notebook; keep separate pending combination decision.
2023-01-04,606.00,gross_valid_pos_sales_excluding_cancellations,606.00,0.00,606.00,606.00,820.00,0.00,mdb_valid_pos_sales,megamanagepro-20260820T172552Z-1-001.zip::megamanagepro/DbPos.mdb,verified_mdb_journal_match,ManagementPro-recorded sales only; not confirmed complete store revenue. Overlaps the notebook; keep separate pending combination decision.
2023-01-05,258.50,gross_valid_pos_sales_excluding_cancellations,258.50,0.00,258.50,258.50,338.00,0.00,mdb_valid_pos_sales,megamanagepro-20260820T172552Z-1-001.zip::megamanagepro/DbPos.mdb,verified_mdb_journal_match,ManagementPro-recorded sales only; not confirmed complete store revenue. Overlaps the notebook; keep separate pending combination decision.
2023-01-06,117.50,gross_valid_pos_sales_excluding_cancellations,117.50,0.00,117.50,117.50,200.00,0.00,mdb_valid_pos_sales,megamanagepro-20260820T172552Z-1-001.zip::megamanagepro/DbPos.mdb,verified_mdb_journal_match,ManagementPro-recorded sales only; not confirmed complete store revenue. Overlaps the notebook; keep separate pending combination decision.
2023-01-07,152.00,gross_valid_pos_sales_excluding_cancellations,152.00,0.00,152.00,152.00,210.00,0.00,mdb_valid_pos_sales,megamanagepro-20260820T172552Z-1-001.zip::megamanagepro/DbPos.mdb,verified_mdb_journal_match,ManagementPro-recorded sales only; not confirmed complete store revenue. Overlaps the notebook; keep separate pending combination decision.
2023-01-09,479.50,gross_valid_pos_sales_excluding_cancellations,479.50,0.00,479.50,479.50,777.00,0.00,mdb_valid_pos_sales,megamanagepro-20260820T172552Z-1-001.zip::megamanagepro/DbPos.mdb,verified_mdb_journal_match,ManagementPro-recorded sales only; not confirmed complete store revenue. Overlaps the notebook; keep separate pending combination decision.
2023-01-10,738.00,gross_valid_pos_sales_excluding_cancellations,738.00,0.00,738.00,738.00,1460.00,0.00,mdb_valid_pos_sales,megamanagepro-20260820T172552Z-1-001.zip::megamanagepro/DbPos.mdb,verified_mdb_journal_match,ManagementPro-recorded sales only; not confirmed complete store revenue. Overlaps the notebook; keep separate pending combination decision.
2023-01-11,475.50,gross_valid_pos_sales_excluding_cancellations,475.50,0.00,475.50,475.50,560.00,0.00,mdb_valid_pos_sales,megamanagepro-20260820T172552Z-1-001.zip::megamanagepro/DbPos.mdb,verified_mdb_journal_match,ManagementPro-recorded sales only; not confirmed complete store revenue. Overlaps the notebook; keep separate pending combination decision.
2023-01-12,647.00,gross_valid_pos_sales_excluding_cancellations,647.00,0.00,647.00,647.00,880.00,0.00,mdb_valid_pos_sales,megamanagepro-20260820T172552Z-1-001.zip::megamanagepro/DbPos.mdb,verified_mdb_journal_match,ManagementPro-recorded sales only; not confirmed complete store revenue. Overlaps the notebook; keep separate pending combination decision.
2023-01-13,218.00,gross_valid_pos_sales_excluding_cancellations,218.00,0.00,218.00,218.00,254.00,0.00,mdb_valid_pos_sales,megamanagepro-20260820T172552Z-1-001.zip::megamanagepro/DbPos.mdb,verified_mdb_journal_match,ManagementPro-recorded sales only; not confirmed complete store revenue. Overlaps the notebook; keep separate pending combination decision.
2023-01-16,433.00,gross_valid_pos_sales_excluding_cancellations,433.00,0.00,433.00,433.00,715.00,0.00,mdb_valid_pos_sales,megamanagepro-20260820T172552Z-1-001.zip::megamanagepro/DbPos.mdb,verified_mdb_journal_match,ManagementPro-recorded sales only; not confirmed complete store revenue. Overlaps the notebook; keep separate pending combination decision.
2023-01-17,332.50,gross_valid_pos_sales_excluding_cancellations,332.50,0.00,332.50,332.50,802.00,0.00,mdb_valid_pos_sales,megamanagepro-20260820T172552Z-1-001.zip::megamanagepro/DbPos.mdb,verified_mdb_journal_match,ManagementPro-recorded sales only; not confirmed complete store revenue. Overlaps the notebook; keep separate pending combination decision.
2023-01-18,540.00,gross_valid_pos_sales_excluding_cancellations,540.00,0.00,540.00,540.00,1406.00,0.00,mdb_valid_pos_sales,megamanagepro-20260820T172552Z-1-001.zip::megamanagepro/DbPos.mdb,verified_mdb_journal_match,ManagementPro-recorded sales only; not confirmed complete store revenue. Overlaps the notebook; keep separate pending combination decision.
2023-01-19,503.00,gross_valid_pos_sales_excluding_cancellations,503.00,0.00,503.00,503.00,835.00,0.00,mdb_valid_pos_sales,megamanagepro-20260820T172552Z-1-001.zip::megamanagepro/DbPos.mdb,verified_mdb_journal_match,ManagementPro-recorded sales only; not confirmed complete store revenue. Overlaps the notebook; keep separate pending combination decision.
2023-01-20,288.00,gross_valid_pos_sales_excluding_cancellations,288.00,0.00,288.00,288.00,345.00,0.00,mdb_valid_pos_sales,megamanagepro-20260820T172552Z-1-001.zip::megamanagepro/DbPos.mdb,verified_mdb_journal_match,ManagementPro-recorded sales only; not confirmed complete store revenue. Overlaps the notebook; keep separate pending combination decision.
2023-01-21,207.00,gross_valid_pos_sales_excluding_cancellations,207.00,0.00,207.00,207.00,389.00,0.00,mdb_valid_pos_sales,megamanagepro-20260820T172552Z-1-001.zip::megamanagepro/DbPos.mdb,verified_mdb_journal_match,ManagementPro-recorded sales only; not confirmed complete store revenue. Overlaps the notebook; keep separate pending combination decision.
2023-01-23,498.00,gross_valid_pos_sales_excluding_cancellations,498.00,0.00,498.00,498.00,867.00,0.00,mdb_valid_pos_sales,megamanagepro-20260820T172552Z-1-001.zip::megamanagepro/DbPos.mdb,verified_mdb_journal_match,ManagementPro-recorded sales only; not confirmed complete store revenue. Overlaps the notebook; keep separate pending combination decision.
2023-01-24,809.50,gross_valid_pos_sales_excluding_cancellations,809.50,0.00,809.50,809.50,1034.00,0.00,mdb_valid_pos_sales,megamanagepro-20260820T172552Z-1-001.zip::megamanagepro/DbPos.mdb,verified_mdb_journal_match,ManagementPro-recorded sales only; not confirmed complete store revenue. Overlaps the notebook; keep separate pending combination decision.
2023-01-25,566.50,gross_valid_pos_sales_excluding_cancellations,566.50,0.00,566.50,566.50,1124.00,0.00,mdb_valid_pos_sales,megamanagepro-20260820T172552Z-1-001.zip::megamanagepro/DbPos.mdb,verified_mdb_journal_match,ManagementPro-recorded sales only; not confirmed complete store revenue. Overlaps the notebook; keep separate pending combination decision.
2023-01-26,179.00,gross_valid_pos_sales_excluding_cancellations,179.00,0.00,179.00,179.00,218.00,0.00,mdb_valid_pos_sales,megamanagepro-20260820T172552Z-1-001.zip::megamanagepro/DbPos.mdb,verified_mdb_journal_match,ManagementPro-recorded sales only; not confirmed complete store revenue. Overlaps the notebook; keep separate pending combination decision.
2023-01-27,280.50,gross_valid_pos_sales_excluding_cancellations,280.50,0.00,280.50,280.50,355.00,0.00,mdb_valid_pos_sales,megamanagepro-20260820T172552Z-1-001.zip::megamanagepro/DbPos.mdb,verified_mdb_journal_match,ManagementPro-recorded sales only; not confirmed complete store revenue. Overlaps the notebook; keep separate pending combination decision.
2023-01-28,101.00,gross_valid_pos_sales_excluding_cancellations,101.00,0.00,101.00,101.00,117.00,0.00,mdb_valid_pos_sales,megamanagepro-20260820T172552Z-1-001.zip::megamanagepro/DbPos.mdb,verified_mdb_journal_match,ManagementPro-recorded sales only; not confirmed complete store revenue. Overlaps the notebook; keep separate pending combination decision.
2023-01-30,554.00,gross_valid_pos_sales_excluding_cancellations,554.00,0.00,554.00,554.00,1220.00,0.00,mdb_valid_pos_sales,megamanagepro-20260820T172552Z-1-001.zip::megamanagepro/DbPos.mdb,verified_mdb_journal_match,ManagementPro-recorded sales only; not confirmed complete store revenue. Overlaps the notebook; keep separate pending combination decision.
2023-01-31,616.50,gross_valid_pos_sales_excluding_cancellations,616.50,0.00,616.50,616.50,1086.00,0.00,mdb_valid_pos_sales,megamanagepro-20260820T172552Z-1-001.zip::megamanagepro/DbPos.mdb,verified_mdb_journal_match,ManagementPro-recorded sales only; not confirmed complete store revenue. Overlaps the notebook; keep separate pending combination decision.
2023-02-01,362.50,gross_valid_pos_sales_excluding_cancellations,362.50,0.00,362.50,362.50,680.00,0.00,mdb_valid_pos_sales,megamanagepro-20260820T172552Z-1-001.zip::megamanagepro/DbPos.mdb,verified_mdb_journal_match,ManagementPro-recorded sales only; not confirmed complete store revenue. Overlaps the notebook; keep separate pending combination decision.
2023-02-02,357.50,gross_valid_pos_sales_excluding_cancellations,357.50,0.00,357.50,357.50,586.00,0.00,mdb_valid_pos_sales,megamanagepro-20260820T172552Z-1-001.zip::megamanagepro/DbPos.mdb,verified_mdb_journal_match,ManagementPro-recorded sales only; not confirmed complete store revenue. Overlaps the notebook; keep separate pending combination decision.
2023-02-03,372.50,gross_valid_pos_sales_excluding_cancellations,372.50,0.00,372.50,372.50,740.00,0.00,mdb_valid_pos_sales,megamanagepro-20260820T172552Z-1-001.zip::megamanagepro/DbPos.mdb,verified_mdb_journal_match,ManagementPro-recorded sales only; not confirmed complete store revenue. Overlaps the notebook; keep separate pending combination decision.
2023-02-04,80.00,gross_valid_pos_sales_excluding_cancellations,80.00,0.00,80.00,80.00,400.00,0.00,mdb_valid_pos_sales,megamanagepro-20260820T172552Z-1-001.zip::megamanagepro/DbPos.mdb,verified_mdb_journal_match,ManagementPro-recorded sales only; not confirmed complete store revenue. Overlaps the notebook; keep separate pending combination decision.
2023-02-06,553.00,gross_valid_pos_sales_excluding_cancellations,553.00,0.00,553.00,553.00,694.00,0.00,mdb_valid_pos_sales,megamanagepro-20260820T172552Z-1-001.zip::megamanagepro/DbPos.mdb,verified_mdb_journal_match,ManagementPro-recorded sales only; not confirmed complete store revenue. Overlaps the notebook; keep separate pending combination decision.
2023-02-07,397.50,gross_valid_pos_sales_excluding_cancellations,397.50,0.00,397.50,397.50,800.00,0.00,mdb_valid_pos_sales,megamanagepro-20260820T172552Z-1-001.zip::megamanagepro/DbPos.mdb,verified_mdb_journal_match,ManagementPro-recorded sales only; not confirmed complete store revenue. Overlaps the notebook; keep separate pending combination decision.
2023-02-08,770.50,gross_valid_pos_sales_excluding_cancellations,770.50,0.00,770.50,770.50,800.00,0.00,mdb_valid_pos_sales,megamanagepro-20260820T172552Z-1-001.zip::megamanagepro/DbPos.mdb,verified_mdb_journal_match,ManagementPro-recorded sales only; not confirmed complete store revenue. Overlaps the notebook; keep separate pending combination decision.
2023-02-09,618.50,gross_valid_pos_sales_excluding_cancellations,618.50,0.00,618.50,618.50,847.00,0.00,mdb_valid_pos_sales,megamanagepro-20260820T172552Z-1-001.zip::megamanagepro/DbPos.mdb,verified_mdb_journal_match,ManagementPro-recorded sales only; not confirmed complete store revenue. Overlaps the notebook; keep separate pending combination decision.
2023-02-10,533.00,gross_valid_pos_sales_excluding_cancellations,533.00,0.00,533.00,533.00,626.00,0.00,mdb_valid_pos_sales,megamanagepro-20260820T172552Z-1-001.zip::megamanagepro/DbPos.mdb,verified_mdb_journal_match,ManagementPro-recorded sales only; not confirmed complete store revenue. Overlaps the notebook; keep separate pending combination decision.
2023-02-11,202.00,gross_valid_pos_sales_excluding_cancellations,202.00,0.00,202.00,202.00,229.00,0.00,mdb_valid_pos_sales,megamanagepro-20260820T172552Z-1-001.zip::megamanagepro/DbPos.mdb,verified_mdb_journal_match,ManagementPro-recorded sales only; not confirmed complete store revenue. Overlaps the notebook; keep separate pending combination decision.
2023-02-13,339.50,gross_valid_pos_sales_excluding_cancellations,339.50,0.00,339.50,339.50,2380.00,0.00,mdb_valid_pos_sales,megamanagepro-20260820T172552Z-1-001.zip::megamanagepro/DbPos.mdb,verified_mdb_journal_match,ManagementPro-recorded sales only; not confirmed complete store revenue. Overlaps the notebook; keep separate pending combination decision.
2023-02-14,467.00,gross_valid_pos_sales_excluding_cancellations,467.00,0.00,467.00,467.00,1164.00,0.00,mdb_valid_pos_sales,megamanagepro-20260820T172552Z-1-001.zip::megamanagepro/DbPos.mdb,verified_mdb_journal_match,ManagementPro-recorded sales only; not confirmed complete store revenue. Overlaps the notebook; keep separate pending combination decision.
2023-02-15,756.00,gross_valid_pos_sales_excluding_cancellations,756.00,0.00,756.00,756.00,1811.00,0.00,mdb_valid_pos_sales,megamanagepro-20260820T172552Z-1-001.zip::megamanagepro/DbPos.mdb,verified_mdb_journal_match,ManagementPro-recorded sales only; not confirmed complete store revenue. Overlaps the notebook; keep separate pending combination decision.
2023-02-16,524.50,gross_valid_pos_sales_excluding_cancellations,524.50,0.00,524.50,524.50,1130.00,0.00,mdb_valid_pos_sales,megamanagepro-20260820T172552Z-1-001.zip::megamanagepro/DbPos.mdb,verified_mdb_journal_match,ManagementPro-recorded sales only; not confirmed complete store revenue. Overlaps the notebook; keep separate pending combination decision.
2023-02-17,747.00,gross_valid_pos_sales_excluding_cancellations,747.00,0.00,747.00,747.00,916.00,0.00,mdb_valid_pos_sales,megamanagepro-20260820T172552Z-1-001.zip::megamanagepro/DbPos.mdb,verified_mdb_journal_match,ManagementPro-recorded sales only; not confirmed complete store revenue. Overlaps the notebook; keep separate pending combination decision.
2023-02-18,478.50,gross_valid_pos_sales_excluding_cancellations,478.50,0.00,478.50,478.50,622.00,0.00,mdb_valid_pos_sales,megamanagepro-20260820T172552Z-1-001.zip::megamanagepro/DbPos.mdb,verified_mdb_journal_match,ManagementPro-recorded sales only; not confirmed complete store revenue. Overlaps the notebook; keep separate pending combination decision.
2023-02-20,461.00,gross_valid_pos_sales_excluding_cancellations,461.00,0.00,461.00,461.00,909.00,0.00,mdb_valid_pos_sales,megamanagepro-20260820T172552Z-1-001.zip::megamanagepro/DbPos.mdb,verified_mdb_journal_match,ManagementPro-recorded sales only; not confirmed complete store revenue. Overlaps the notebook; keep separate pending combination decision.
2023-02-21,256.50,gross_valid_pos_sales_excluding_cancellations,256.50,0.00,256.50,256.50,293.00,0.00,mdb_valid_pos_sales,megamanagepro-20260820T172552Z-1-001.zip::megamanagepro/DbPos.mdb,verified_mdb_journal_match,ManagementPro-recorded sales only; not confirmed complete store revenue. Overlaps the notebook; keep separate pending combination decision.
2023-02-22,424.00,gross_valid_pos_sales_excluding_cancellations,424.00,0.00,424.00,424.00,873.00,0.00,mdb_valid_pos_sales,megamanagepro-20260820T172552Z-1-001.zip::megamanagepro/DbPos.mdb,verified_mdb_journal_match,ManagementPro-recorded sales only; not confirmed complete store revenue. Overlaps the notebook; keep separate pending combination decision.
2023-02-23,305.50,gross_valid_pos_sales_excluding_cancellations,305.50,0.00,305.50,305.50,497.00,0.00,mdb_valid_pos_sales,megamanagepro-20260820T172552Z-1-001.zip::megamanagepro/DbPos.mdb,verified_mdb_journal_match,ManagementPro-recorded sales only; not confirmed complete store revenue. Overlaps the notebook; keep separate pending combination decision.
2023-02-24,97.00,gross_valid_pos_sales_excluding_cancellations,97.00,0.00,97.00,97.00,286.00,0.00,mdb_valid_pos_sales,megamanagepro-20260820T172552Z-1-001.zip::megamanagepro/DbPos.mdb,verified_mdb_journal_match,ManagementPro-recorded sales only; not confirmed complete store revenue. Overlaps the notebook; keep separate pending combination decision.
2023-02-25,180.00,gross_valid_pos_sales_excluding_cancellations,180.00,0.00,180.00,180.00,207.00,0.00,mdb_valid_pos_sales,megamanagepro-20260820T172552Z-1-001.zip::megamanagepro/DbPos.mdb,verified_mdb_journal_match,ManagementPro-recorded sales only; not confirmed complete store revenue. Overlaps the notebook; keep separate pending combination decision.
2023-02-27,859.50,gross_valid_pos_sales_excluding_cancellations,859.50,0.00,859.50,859.50,1182.00,0.00,mdb_valid_pos_sales,megamanagepro-20260820T172552Z-1-001.zip::megamanagepro/DbPos.mdb,verified_mdb_journal_match,ManagementPro-recorded sales only; not confirmed complete store revenue. Overlaps the notebook; keep separate pending combination decision.
2023-02-28,453.50,gross_valid_pos_sales_excluding_cancellations,453.50,0.00,453.50,453.50,517.00,0.00,mdb_valid_pos_sales,megamanagepro-20260820T172552Z-1-001.zip::megamanagepro/DbPos.mdb,verified_mdb_journal_match,ManagementPro-recorded sales only; not confirmed complete store revenue. Overlaps the notebook; keep separate pending combination decision.
2023-03-01,624.00,gross_valid_pos_sales_excluding_cancellations,624.00,0.00,624.00,624.00,951.00,0.00,mdb_valid_pos_sales,megamanagepro-20260820T172552Z-1-001.zip::megamanagepro/DbPos.mdb,verified_mdb_journal_match,ManagementPro-recorded sales only; not confirmed complete store revenue. Overlaps the notebook; keep separate pending combination decision.
2023-03-02,135.50,gross_valid_pos_sales_excluding_cancellations,135.50,0.00,135.50,135.50,512.00,0.00,mdb_valid_pos_sales,megamanagepro-20260820T172552Z-1-001.zip::megamanagepro/DbPos.mdb,verified_mdb_journal_match,ManagementPro-recorded sales only; not confirmed complete store revenue. Overlaps the notebook; keep separate pending combination decision.
2023-03-03,202.00,gross_valid_pos_sales_excluding_cancellations,202.00,0.00,202.00,202.00,380.00,0.00,mdb_valid_pos_sales,megamanagepro-20260820T172552Z-1-001.zip::megamanagepro/DbPos.mdb,verified_mdb_journal_match,ManagementPro-recorded sales only; not confirmed complete store revenue. Overlaps the notebook; keep separate pending combination decision.
2023-03-04,119.50,gross_valid_pos_sales_excluding_cancellations,119.50,0.00,119.50,119.50,300.00,0.00,mdb_valid_pos_sales,megamanagepro-20260820T172552Z-1-001.zip::megamanagepro/DbPos.mdb,verified_mdb_journal_match,ManagementPro-recorded sales only; not confirmed complete store revenue. Overlaps the notebook; keep separate pending combination decision.
2023-03-06,541.50,gross_valid_pos_sales_excluding_cancellations,541.50,0.00,541.50,541.50,825.00,0.00,mdb_valid_pos_sales,megamanagepro-20260820T172552Z-1-001.zip::megamanagepro/DbPos.mdb,verified_mdb_journal_match,ManagementPro-recorded sales only; not confirmed complete store revenue. Overlaps the notebook; keep separate pending combination decision.
2023-03-07,518.50,gross_valid_pos_sales_excluding_cancellations,518.50,0.00,518.50,518.50,858.00,0.00,mdb_valid_pos_sales,megamanagepro-20260820T172552Z-1-001.zip::megamanagepro/DbPos.mdb,verified_mdb_journal_match,ManagementPro-recorded sales only; not confirmed complete store revenue. Overlaps the notebook; keep separate pending combination decision.
2023-03-08,470.00,gross_valid_pos_sales_excluding_cancellations,470.00,0.00,470.00,470.00,766.00,0.00,mdb_valid_pos_sales,megamanagepro-20260820T172552Z-1-001.zip::megamanagepro/DbPos.mdb,verified_mdb_journal_match,ManagementPro-recorded sales only; not confirmed complete store revenue. Overlaps the notebook; keep separate pending combination decision.
2023-03-09,310.00,gross_valid_pos_sales_excluding_cancellations,310.00,0.00,310.00,310.00,501.00,0.00,mdb_valid_pos_sales,megamanagepro-20260820T172552Z-1-001.zip::megamanagepro/DbPos.mdb,verified_mdb_journal_match,ManagementPro-recorded sales only; not confirmed complete store revenue. Overlaps the notebook; keep separate pending combination decision.
2023-03-10,36.00,gross_valid_pos_sales_excluding_cancellations,36.00,0.00,36.00,36.00,340.00,0.00,mdb_valid_pos_sales,megamanagepro-20260820T172552Z-1-001.zip::megamanagepro/DbPos.mdb,verified_mdb_journal_match,ManagementPro-recorded sales only; not confirmed complete store revenue. Overlaps the notebook; keep separate pending combination decision.
2023-03-11,402.50,gross_valid_pos_sales_excluding_cancellations,402.50,0.00,402.50,402.50,519.00,0.00,mdb_valid_pos_sales,megamanagepro-20260820T172552Z-1-001.zip::megamanagepro/DbPos.mdb,verified_mdb_journal_match,ManagementPro-recorded sales only; not confirmed complete store revenue. Overlaps the notebook; keep separate pending combination decision.
2023-03-13,475.00,gross_valid_pos_sales_excluding_cancellations,475.00,0.00,475.00,475.00,1007.00,0.00,mdb_valid_pos_sales,megamanagepro-20260820T172552Z-1-001.zip::megamanagepro/DbPos.mdb,verified_mdb_journal_match,ManagementPro-recorded sales only; not confirmed complete store revenue. Overlaps the notebook; keep separate pending combination decision.
2023-03-14,231.50,gross_valid_pos_sales_excluding_cancellations,231.50,0.00,231.50,231.50,687.00,0.00,mdb_valid_pos_sales,megamanagepro-20260820T172552Z-1-001.zip::megamanagepro/DbPos.mdb,verified_mdb_journal_match,ManagementPro-recorded sales only; not confirmed complete store revenue. Overlaps the notebook; keep separate pending combination decision.
2023-03-15,369.50,gross_valid_pos_sales_excluding_cancellations,369.50,0.00,369.50,369.50,755.00,0.00,mdb_valid_pos_sales,megamanagepro-20260820T172552Z-1-001.zip::megamanagepro/DbPos.mdb,verified_mdb_journal_match,ManagementPro-recorded sales only; not confirmed complete store revenue. Overlaps the notebook; keep separate pending combination decision.
2023-03-16,264.50,gross_valid_pos_sales_excluding_cancellations,264.50,0.00,264.50,264.50,605.00,0.00,mdb_valid_pos_sales,megamanagepro-20260820T172552Z-1-001.zip::megamanagepro/DbPos.mdb,verified_mdb_journal_match,ManagementPro-recorded sales only; not confirmed complete store revenue. Overlaps the notebook; keep separate pending combination decision.
2023-03-17,223.50,gross_valid_pos_sales_excluding_cancellations,223.50,0.00,223.50,223.50,332.00,0.00,mdb_valid_pos_sales,megamanagepro-20260820T172552Z-1-001.zip::megamanagepro/DbPos.mdb,verified_mdb_journal_match,ManagementPro-recorded sales only; not confirmed complete store revenue. Overlaps the notebook; keep separate pending combination decision.
2023-03-18,416.50,gross_valid_pos_sales_excluding_cancellations,416.50,0.00,416.50,416.50,406.00,0.00,mdb_valid_pos_sales,megamanagepro-20260820T172552Z-1-001.zip::megamanagepro/DbPos.mdb,verified_mdb_journal_match,ManagementPro-recorded sales only; not confirmed complete store revenue. Overlaps the notebook; keep separate pending combination decision.
2023-03-20,267.00,gross_valid_pos_sales_excluding_cancellations,267.00,0.00,267.00,267.00,820.00,0.00,mdb_valid_pos_sales,megamanagepro-20260820T172552Z-1-001.zip::megamanagepro/DbPos.mdb,verified_mdb_journal_match,ManagementPro-recorded sales only; not confirmed complete store revenue. Overlaps the notebook; keep separate pending combination decision.
2023-03-21,322.50,gross_valid_pos_sales_excluding_cancellations,322.50,0.00,322.50,322.50,686.00,0.00,mdb_valid_pos_sales,megamanagepro-20260820T172552Z-1-001.zip::megamanagepro/DbPos.mdb,verified_mdb_journal_match,ManagementPro-recorded sales only; not confirmed complete store revenue. Overlaps the notebook; keep separate pending combination decision.
2023-03-22,593.50,gross_valid_pos_sales_excluding_cancellations,593.50,0.00,593.50,593.50,920.00,0.00,mdb_valid_pos_sales,megamanagepro-20260820T172552Z-1-001.zip::megamanagepro/DbPos.mdb,verified_mdb_journal_match,ManagementPro-recorded sales only; not confirmed complete store revenue. Overlaps the notebook; keep separate pending combination decision.
2023-03-23,365.00,gross_valid_pos_sales_excluding_cancellations,365.00,0.00,365.00,365.00,780.00,0.00,mdb_valid_pos_sales,megamanagepro-20260820T172552Z-1-001.zip::megamanagepro/DbPos.mdb,verified_mdb_journal_match,ManagementPro-recorded sales only; not confirmed complete store revenue. Overlaps the notebook; keep separate pending combination decision.
2023-03-24,241.50,gross_valid_pos_sales_excluding_cancellations,241.50,0.00,241.50,241.50,466.00,0.00,mdb_valid_pos_sales,megamanagepro-20260820T172552Z-1-001.zip::megamanagepro/DbPos.mdb,verified_mdb_journal_match,ManagementPro-recorded sales only; not confirmed complete store revenue. Overlaps the notebook; keep separate pending combination decision.
2023-03-25,67.50,gross_valid_pos_sales_excluding_cancellations,67.50,0.00,67.50,67.50,219.00,0.00,mdb_valid_pos_sales,megamanagepro-20260820T172552Z-1-001.zip::megamanagepro/DbPos.mdb,verified_mdb_journal_match,ManagementPro-recorded sales only; not confirmed complete store revenue. Overlaps the notebook; keep separate pending combination decision.
2023-03-27,705.00,gross_valid_pos_sales_excluding_cancellations,705.00,0.00,705.00,705.00,1050.00,0.00,mdb_valid_pos_sales,megamanagepro-20260820T172552Z-1-001.zip::megamanagepro/DbPos.mdb,verified_mdb_journal_match,ManagementPro-recorded sales only; not confirmed complete store revenue. Overlaps the notebook; keep separate pending combination decision.
2023-03-28,319.00,gross_valid_pos_sales_excluding_cancellations,319.00,0.00,319.00,319.00,601.00,0.00,mdb_valid_pos_sales,megamanagepro-20260820T172552Z-1-001.zip::megamanagepro/DbPos.mdb,verified_mdb_journal_match,ManagementPro-recorded sales only; not confirmed complete store revenue. Overlaps the notebook; keep separate pending combination decision.
2023-03-29,337.00,gross_valid_pos_sales_excluding_cancellations,337.00,0.00,337.00,337.00,492.00,0.00,mdb_valid_pos_sales,megamanagepro-20260820T172552Z-1-001.zip::megamanagepro/DbPos.mdb,verified_mdb_journal_match,ManagementPro-recorded sales only; not confirmed complete store revenue. Overlaps the notebook; keep separate pending combination decision.
2023-03-30,294.50,gross_valid_pos_sales_excluding_cancellations,294.50,0.00,294.50,294.50,442.00,0.00,mdb_valid_pos_sales,megamanagepro-20260820T172552Z-1-001.zip::megamanagepro/DbPos.mdb,verified_mdb_journal_match,ManagementPro-recorded sales only; not confirmed complete store revenue. Overlaps the notebook; keep separate pending combination decision.
2023-03-31,98.00,gross_valid_pos_sales_excluding_cancellations,98.00,0.00,98.00,98.00,335.00,0.00,mdb_valid_pos_sales,megamanagepro-20260820T172552Z-1-001.zip::megamanagepro/DbPos.mdb,verified_mdb_journal_match,ManagementPro-recorded sales only; not confirmed complete store revenue. Overlaps the notebook; keep separate pending combination decision.
2023-04-01,227.50,gross_valid_pos_sales_excluding_cancellations,227.50,0.00,227.50,227.50,500.00,0.00,mdb_valid_pos_sales,megamanagepro-20260820T172552Z-1-001.zip::megamanagepro/DbPos.mdb,verified_mdb_journal_match,ManagementPro-recorded sales only; not confirmed complete store revenue. Overlaps the notebook; keep separate pending combination decision.
2023-04-03,245.50,gross_valid_pos_sales_excluding_cancellations,245.50,0.00,245.50,245.50,288.00,0.00,mdb_valid_pos_sales,megamanagepro-20260820T172552Z-1-001.zip::megamanagepro/DbPos.mdb,verified_mdb_journal_match,ManagementPro-recorded sales only; not confirmed complete store revenue. Overlaps the notebook; keep separate pending combination decision.
2023-04-04,449.50,gross_valid_pos_sales_excluding_cancellations,449.50,0.00,449.50,449.50,1000.00,0.00,mdb_valid_pos_sales,megamanagepro-20260820T172552Z-1-001.zip::megamanagepro/DbPos.mdb,verified_mdb_journal_match,ManagementPro-recorded sales only; not confirmed complete store revenue. Overlaps the notebook; keep separate pending combination decision.
2023-04-05,117.00,gross_valid_pos_sales_excluding_cancellations,117.00,0.00,117.00,117.00,360.00,0.00,mdb_valid_pos_sales,megamanagepro-20260820T172552Z-1-001.zip::megamanagepro/DbPos.mdb,verified_mdb_journal_match,ManagementPro-recorded sales only; not confirmed complete store revenue. Overlaps the notebook; keep separate pending combination decision.
